external_parent_id,chunk_id,chunk_index,queue_category,vertical,interaction_type,issue_type,escalation,answer_status,question_en,question_ar,has_embedding,chunk_text
1002,e26b9c5884c15f2795b126996c12edaa,0,halan,General,Inquiry,Technical Issue,No,ok,How to purchase one card,ازاي اقدر استفاد بالخدمة one card,yes,"Vertical: General | Type: Inquiry | Issue: Technical Issue | Escalation: No

Question EN: How to purchase one card
Question AR: ازاي اقدر استفاد بالخدمة one card

Script:
ازاي اقدر استفاد بالخدمة؟
One Card -> inquiry -> How to purchase one card
حضرتك بتقدر تشتري القسيمة عن طريق تطبيق حالا من الصفحة الرئيسية قسائم الالعاب (Gaming vouchers) وبتشتري القسيمة اللي حضرتك محتاجها ..
بعد اتمام عملية الشراء بيظهر للعميل serial number الخاص بال voucher ولازم نأكد علي العميل اختيار اسم الدوله الصحيح التابع له جهاز الألعاب الخاص بيه (Server).
ملحوظة مهمه:
يعني لو العميل بيشغل الPlay station
علي USA لازم يختار الVoucher علي USA
X
Playstation Store
PlayStation Store
KSA
USA
UAE"
1004,6484c62c89295ab28af26d8ba8375e0a,0,halan,General,Complain,Technical Issue,Yes,ok,voucher not available (One Card),غير متاح voucher عميل يشكوا ان ال (One Card),yes,"Vertical: General | Type: Complain | Issue: Technical Issue | Escalation: Yes

Question EN: voucher not available (One Card)
Question AR: غير متاح voucher عميل يشكوا ان ال (One Card)

Script:
عميل يشكوا ان ال voucher غير متاح:
One Card -> complaint -> technical -> voucher not available
Escalated: Yes
هنعتذر للعميل وهنوضحله اننا هنقدمله شكوي وهيتم الرد خلال 48 ساعه عمل .. و لازم ناخد منه البيانات دي :
Voucher name -1 Transaction ID -2
Transaction date
-3
Screen shoot من المشكله -4"
1005,0c8c731ae92d521499bd31ca96130c5a,0,halan,General,Complain,Amount Deducted and Customer didn't receive the Serial Number (One Card),Yes,ok,Amount Deducted and Customer didn't receive the Serial Number (One Card),voucherعميل يشكوا ان  الفلوس اتخصمت و لم يستقبل ال (One Card),yes,"Vertical: General | Type: Complain | Issue: Amount Deducted and Customer didn't receive the Serial Number (One Card) | Escalation: Yes

Question EN: Amount Deducted and Customer didn't receive the Serial Number (One Card)
Question AR: voucherعميل يشكوا ان  الفلوس اتخصمت و لم يستقبل ال (One Card)

Script:
عميل يشكوا ان الفلوس اتخصمت ولم يستقبل الـ voucher (One Card):

One Card → complaint → technical → Amount Deducted and Customer didn't receive the Serial Number

هنعتذر للعميل وهنوضحله اننا هنقدمله شكوي وهيتم الرد خلال 48 ساعة عمل، ولازم ناخد منه البيانات دي:
1. Voucher name
2. Transaction ID
3. Transaction date
4. Screenshot من المشكلة

CRM: One Card → Complaint → Technical → Amount Deducted and Customer didn't receive the Serial Number | Escalation: Yes"
1006,8eca4ccc9c235b7facc1996572ab96d2,0,halan,General,Complain,Technical Issue,Yes,ok,Voucher Serial Number is missing numbers (One Card),عميل يشكوا ان ارقام ال voucher مش كامله (One Card),yes,"Vertical: General | Type: Complain | Issue: Technical Issue | Escalation: Yes

Question EN: Voucher Serial Number is missing numbers (One Card)
Question AR: عميل يشكوا ان ارقام ال voucher مش كامله (One Card)

Script:
عميل يشكوا ان ارقام ال voucher مش كامله:
One Card → complaint → technical → Voucher Serial Number is missing numbers

لازم نتأكد مع العميل انه بيكتب الرقم يدوي مش copy-paste، ونتأكد مفيش مسافات قبل او بعد الرقم.

لو العميل أكد انه عمل كده والمشكلة لسه موجودة:
بنوضحله هيتم تقديم شكوى والرد في خلال 48 ساعة عمل.

البيانات المطلوبة:
- اسم الـ voucher
- Transaction ID
- تاريخ المعاملة
- سكرين شوت من المشكلة

- Escalation: Yes"
1008,23e79bc8682e52989fd7a0386b05502b,0,halan,General,Complain,Technical Issue,Yes,ok,voucher not available (One Card),مش متوافق مع البلد اللي بيختارها Voucher عميل يشكوا ان ال (One Card),yes,"Vertical: General | Type: Complain | Issue: Technical Issue | Escalation: Yes

Question EN: voucher not available (One Card)
Question AR: مش متوافق مع البلد اللي بيختارها Voucher عميل يشكوا ان ال (One Card)

Script:
عميل يشكوا ان ال Voucher مش متوافق مع البلد اللى بيختارها:
One Card -> complaint -> technical -> voucher not available
Escalated: No
هنعتذر للعميل ان هو مسؤل عن الاختيار الvoucher ولازم نأكد علي اختيار اسم الدوله الصحيح التابع له جهاز الالعاب الخاص بيه (Server)
- يعني لو العميل بيشغل الPlay station علي USA لازم يختار الVoucher علي USA.
Google Play
- لو العميل فعلا اختار البلد الصح هنقدم الشكوي هيتم الرد خلال 48 ساعة عمل
Escalated: Yes
Google Play
UK US"
1019,57fb51ec3d3b55b5853d7a3b7236165c,0,halan,Gold,Request,Non-Technical Issue,No,ok,Customer wants to change contract signing from courier to branch,عميل يريد تغيير مضي العقد من المندوب للفرع,yes,"Vertical: Gold | Type: Request | Issue: Non-Technical Issue | Escalation: No

Question EN: Customer wants to change contract signing from courier to branch
Question AR: عميل يريد تغيير مضي العقد من المندوب للفرع

Script:
عميل يريد تغيير مضي العقد من المندوب للفرع:
بتأكد من البورتال حاله الطلب (لم يفعل بعد / جاهز للتوصيل).
بنسأل العميل عن سبب اتجاه للفرع و بنحاول نعدل العميل ان المندوب يروح ليه لامضاء العقد.
لو العميل اصر: بتوضح للعميل عنوان اقرب فرع ومواعيد الفرع وايه بيقدر يتوجه ليه لامضاء العقد، والعميل بيوضح للمندوب انه هيتوجه للفرع للامضاء.

ملحوظة: نبص علي منطقه العميل او المحافظه ينفع فيها فرع او مندوب ولا لأ قبل التأكيد علي العميل المعلومه.
- Escalation: No
- CRM: Request → Request a call from courier → Escalation Needed No
"
1020,edd2287327d655c8a78a7521bf756277,0,halan,Saving,Request,Non-Technical Issue,No,ok,Customer wants to change contract signing from branch to courier,عميل يريد تغير مضي العقد من الفرع للمندوب,yes,"Vertical: Saving | Type: Request | Issue: Non-Technical Issue | Escalation: No

Question EN: Customer wants to change contract signing from branch to courier
Question AR: عميل يريد تغير مضي العقد من الفرع للمندوب

Script:
عميل يريد تغير مضي العقد من الفرع للمندوب:
بيتم التأكد من حالة الطلب على البورتال (لم يفعل بعد / متجه للفرع).
في مرحلة التواصل مع العميل لتأكيد البيانات (validation) بيتم فتح تيكت.

قبل التأكيد على العميل: نتأكد من منطقة العميل او المحافظة ينفع فيها فرع او مندوب ولا لا.
بنسجل كل البيانات على الفورم: Validation&Logistics Escalations 2023 (microsoft.com).

- Escalation: No
- CRM: Request → Request a call from courier → Escalation Needed No"
1022,8f51547279a755a2919c1325a8205977,0,halan,CF,Inquiry,Technical Issue,No,ok,Inquiry about Halan service,عميل يستفسر عن الخدمات التي تقدمها شركة حالا,yes,"Vertical: CF | Type: Inquiry | Issue: Technical Issue | Escalation: No

Question EN: Inquiry about Halan service
Question AR: عميل يستفسر عن الخدمات التي تقدمها شركة حالا

Script:
* عميل يستفسر عن الخدمات التي تقدمها شركة حالا
Halan -> Inquiry -> Inquiry about halan service
تطبيق حالا هو تطبيق متكامل بيوفرلك كل احتياجاتك وتقدر تختار وسيلة الدفع اللي تناسبك زي:
حالا جمله: تقدر تشتري كل طلبات البيت بسعر الجملة ۔
حالا تحويش: تقدر تفتح حساب تحويش وتستفيد بأعلى عائد يومي في مصر. ۔ حالا جولد: تقدر تشتري دهب بالتقسيط على 12 شهر.
حالا للمدفوعات الالكترونية: تقدر تشحن فاتورة موبايلك -تدفع فواتير الكهرباء -المياه - التبرعات - حجز سفر -خدمات طبية - خدمات الدفع (تحصيل قرض لبنك الاسكندرية او قرض تساهيل أو اقساط حالا للتمويل الاستهلاكي)
۔
حالا جمعية : في المرحلة التجريبية
متجر حالا: تقدر من خلاله تشتري منتجات متعددة زى الاجهزة الكهربائية، الأثاث والموبايلات ومنتجات اخرى موجودة على ۔ ابليكيشن حالا
بالتعاون مع شركة تساهيل خدمة تمويل المشروعات ( تمويل يصل الي 5 مليون جنيه)
- خدمات التمويل:
خدمات التقسيط مع حالا لتمويل الافراد (تمويل مشتريات, تمويل تشطيبات , تمويل مصاريف التعليم)
۔
ألعاب حالا: تقدر تلعب كل يوم وتكسب لحد 1000 جنيه بيتضافوا علي محفظة حالا."
1067,1ce291e521c9532ca829c59d8169c60c,0,halan,Saving,Complain,Non-Technical Issue,No,ok,Contract status submitted/ready for printing/printed — send to Validation team,ولو العميل ع السيستم (متقدم - جاهز للطباعة - تم طباعة العقد) محتاجين نبعت البيانات دى لتيم ال Validation علشان نحدد معاه ميعاد التوصيل للعقد,yes,"Vertical: Saving | Type: Complain | Issue: Non-Technical Issue | Escalation: No

Question EN: Contract status submitted/ready for printing/printed — send to Validation team
Question AR: ولو العميل ع السيستم (متقدم - جاهز للطباعة - تم طباعة العقد) محتاجين نبعت البيانات دى لتيم ال Validation علشان نحدد معاه ميعاد التوصيل للعقد

Script:
ولو العميل ع السيستم (متقدم - جاهز للطباعة - تم طباعة العقد) محتاجين نبعت البيانات دى لتيم ال Validation علشان نحدد معاه ميعاد التوصيل للعقد:

البيانات المطلوبة:
- الاسم بالكامل
- رقم التليفون المسجل بحساب حالا تحويش
- تفاصيل الشكوى

بنسجل على الفورم: Validation&Logistics Escalations 2023 (microsoft.com).
هيتم التواصل على مدار اليوم (ماعدا الجمعة).

- Escalation: No
- CRM: Complaint → Non-Technical → Delay Receiving the Contract → Escalation Needed No"
1071,a19c80f405c452d1a2fe9e478d9b6a82,0,halan,CF,Request,Technical Issue,Yes,ok,Request to decrease CF limit,عميل يريد تقليل مبلغ الحد الائتماني,yes,"Vertical: CF | Type: Request | Issue: Technical Issue | Escalation: Yes

Question EN: Request to decrease CF limit
Question AR: عميل يريد تقليل مبلغ الحد الائتماني

Script:
* عميل يريد تقليل مبلغ الحد الائتمانى 0
CF -> Request -> Request to decrease CF limit
Escalation : Yes
Instant Approval
فرع مشروعي أو تساهيل
سيتم تقديم طلب حضرتك ولو في امكانية هيتم تنفيذ طلبك بناءا على رد ادارة ۔ الائتمان في خلال 5 أيام عمل.
لازم نسأل العميل محتاج يقلل الليمت لمبلغ كام (مع العلم انه لا يمكن تقليل المبلغ - لرقم اكثر من المتبقي مع العميل .
بمعني انه لو العميل الليمت بتاعه 50 الف و العميل استخدم 30الف مش هينفع ان العميل يطلب يقلل الليمت اقل من ال30 الف
استأذنك ممكن ترجع للفرع اللي قدمت فيه الاوراق ولو في امكانية هيتم تنفيذ طلبك من قبل الفرع بناءا على رد ادارة الائتمان."
1080,31202192408e52198222323b6ed7e8e3,0,halan,Saving,Inquiry,Non-Technical Issue,No,ok,The client asks about the profit that appears on the application,العميل بيسال علي اي الربح اللي بيظهر عنده علي الابلكيشن,yes,"Vertical: Saving | Type: Inquiry | Issue: Non-Technical Issue | Escalation: No

Question EN: The client asks about the profit that appears on the application
Question AR: العميل بيسال علي اي الربح اللي بيظهر عنده علي الابلكيشن

Script:
العميل بيسال علي اي الريح اللي بيظهر عنده علي الابلكيشن The client asks about the profit that appears on the application
شباب فى حالا تحويش
يعنى ايه الربح اللى بيبقى ظاهر تحت المبلغ ده بيكون قيمه الربح اللى العميل درله ع المبلغ اللى اتعمله إيداع معادا من وقت وتاريخ الإبداع مثال انا عملت إيداع بقيمة 229 جنيه من شهرين لغاية دلوقتى نزلى عليهم ربح 8% بقيمه فلوس 18.17 جنيه من وقت ماعملت الإبداع وبقى توتال المبلغ 244.60 جنيه ولغايه ما اكمل السنه هاوصل للنسبه إلى هى 22% فالمبلغ يريد والعميل يقدر يتابع كل يوم الربح راد قد ايه ودزله مبلغ مقابل للريح ده قد ايه
10:54 5
حالا تحويش ٨
حساب التحويش
244.6 جنيه ® 2. الريح (8.02%) بقيمة 18.17 جنيه
?
حوش
ـيع
اراي لدوش؟
0.60 جية <
رصيدك
معاملاتي السابقة
عرض الكل >
٣٠ مايو ٢٠٢٤ . الخميس
29.57 ج.م ناجحة
استثمار نقدي
٣٠ مايو ٢٠٢٤ , الخميس
29.57 ج.م
بالتعاون مع azimut
E
١١:٤٣ ص"
1083,c17f67358b06577c83fb44dcd6ed32e1,0,halan,Saving,Inquiry,Non-Technical Issue,No,ok,ايه هو اقل مبلغ ممكن اكسبه؟,ايه هو اقل مبلغ ممكن اكسبه؟,yes,"Vertical: Saving | Type: Inquiry | Issue: Non-Technical Issue | Escalation: No

Question EN: ايه هو اقل مبلغ ممكن اكسبه؟
Question AR: ايه هو اقل مبلغ ممكن اكسبه؟

Script:
ايه هو اقل مبلغ ممكن اكسبه؟

وصل صندوق الاستثمار الخاص بنا الى 21 %

CRM: Inquiry → Non-Technical Issue | Escalation: No"
1091,cc316ed2a48856db89718be879a41951,0,halan,Pay,Request,Non-Technical Issue,Yes,ok,Employee wants to activate lending salary service,موظف يريد تفعيل خدمة الراتب المبكر,yes,"Vertical: Pay | Type: Request | Issue: Non-Technical Issue | Escalation: Yes

Question EN: Employee wants to activate lending salary service
Question AR: موظف يريد تفعيل خدمة الراتب المبكر

Script:
*موظف يريد تفعيل خدمة الراتب المبكر:
Pay -> Request -> Employee wants to activate lending salary service
Escalation:Yes
هيتم تقديم طلب للقسم المختص وهيتم التواصل مع حضرتك خلال 48 ساعة عمل . ناخد بيانات العميل الاسم والرقم و الرقم الوظيفي و اسم الشركة. لو مضي العقد هنوضحله ان التفعيل بيكون خلال 48 ساعة عمل ..
في حالة العميل موظف في (حالا - مشروعي - تساهيل - طلبية) التقديم بيكون من خلال HR"
1113,73ea6b9a2feb55dab0c54e7c58babc53,0,halan,General,Request,Technical Issue,Yes,ok,Customer paid the installment and need to unlock the phone (Nokia c12),عميل يطلب فتح الموبايل مرة اخري بعد دفع الاقساط (Nokia),yes,"Vertical: General | Type: Request | Issue: Technical Issue | Escalation: Yes

Question EN: Customer paid the installment and need to unlock the phone (Nokia c12)
Question AR: عميل يطلب فتح الموبايل مرة اخري بعد دفع الاقساط (Nokia)

Script:
۔
عميل يطلب فتح الموبايل مرة اخرى بعد دفع الأقساط
في حالة العميل اشتري الموبايل من الفرع : هنوجه للفرع مرة اخري لايقاف الموبايل. في حالة شراء الموبايل من خلال التطبيق : هنتأكد من خلال CRM انه تم دفع الأقساط اولا ثم يتم فتح الموبايل للعميل من خلالنا مرة اخري.
Nokia -Request-Customer paid the installment and need to unlock the phone
Escalation: Yes"
1114,3c1c60e75c74519bb95874f7b9f7790b,0,halan,General,Request,Technical Issue,Yes,ok,Customer finished all the installments and need to remove the Locking Software (Nokia),عميل يطلب فتح الموبايل نهائيا بعد الانتهاء من دفع الاقساط (Nokia),yes,"Vertical: General | Type: Request | Issue: Technical Issue | Escalation: Yes

Question EN: Customer finished all the installments and need to remove the Locking Software (Nokia)
Question AR: عميل يطلب فتح الموبايل نهائيا بعد الانتهاء من دفع الاقساط (Nokia)

Script:
عميل يطلب فتح الموبايل نهائيا بعد الانتهاء من دفع الاقساط
في حالة العميل اشتري الموبايل من الفرع : هنوجه للفرع مرة اخري لايقاف الموبايل. - في حالة شراء الموبايل من خلال التطبيق : بعد التأكد من دفع جميع الاقساط من خلال CRM بنفتح القفل من خلالنا للعميل
Nokia -Request-Customer finished all the installments and need to remove the Locking Software
Escalation: Yes"
1118,12e8aac8ac2158ada71d0451a7d7e7e9,0,halan,Commerce,Complain,Non-Technical Issue,Yes,ok,Canceled Order – Money Not Return to Halan Card,شكوى عميل من عدم رد مبلغ أوردر ملغي لكارت حالا,yes,"Vertical: Commerce | Type: Complain | Issue: Non-Technical Issue | Escalation: Yes

Question EN: Canceled Order – Money Not Return to Halan Card
Question AR: شكوى عميل من عدم رد مبلغ أوردر ملغي لكارت حالا

Script:
شكوى عميل من عدم رد مبلغ أوردر ملغي لكارت حالا:
Halan Gomla → Complaints related to Product
انا بعتذر جدا لحضرتك استأذنك ممكن توضح لى الرقم اللى حضرتك طلبت بيه.
هيتم التأكد من تفاصيل أوردر العميل.
تم تقديم شكوى لحضرتك وهيتم حل المشكلة في 48 ساعة عمل.
- Escalation: Yes"
1130,f86def67f17156a08d7aba59bbe1cb6d,0,halan,Saving,Request,Non-Technical Issue,No,ok,Customer signed contract with one number and wants to change to another,العميل مضى العقد برقم وعايز يغير ل رقم تانى,yes,"Vertical: Saving | Type: Request | Issue: Non-Technical Issue | Escalation: No

Question EN: Customer signed contract with one number and wants to change to another
Question AR: العميل مضى العقد برقم وعايز يغير ل رقم تانى

Script:
العميل مضى العقد برقم وعايز يغير ل رقم تانى:
ممكن اعرف اي سبب لتغير الرقم؟

لو السبب زي ان الرقم ضاع ومش قادر يسترجعه (الخط مش باسمه او خط شركات):
بنعتذر جدا لحضرتك ونوضح انه لا يوجد امكانية لتغيير رقم الموبايل المسجل.

- Escalation: No
- CRM: Request → Change Mobile Number → Escalation Needed No"
1131,3dbe7dbc067a5a1291f91484b7f7bed4,0,halan,Saving,Inquiry,Non-Technical Issue,No,ok,Difference between Tahweesh return and competitors,في حالة سؤال العميل عن الفرق بين العائد في حالا تحويش و اي منافس ؟,yes,"Vertical: Saving | Type: Inquiry | Issue: Non-Technical Issue | Escalation: No

Question EN: Difference between Tahweesh return and competitors
Question AR: في حالة سؤال العميل عن الفرق بين العائد في حالا تحويش و اي منافس ؟

Script:
في حالة سؤال العميل عن الفرق بين العائد في حالا تحويش و اي منافس؟
في الوقت الحالي العائد بتاعنا وصل لـ 21% ع السنة و ده اعلى عائد يومي في مصر، وحضرتك تقدر تشوف العائد السنوي للتطبيقات التي تقدم نفس الخدمة وصل لكام في الوقت الحالي.

- Escalation: No
- CRM: Inquiry → Interest Rate → Escalation Needed No"
1142,713de3de66695cafbba539c17c8e48ae,0,halan,Pay,Inquiry,Technical Issue,No,ok,Inquiry about Salary lending,عميل بيستفير عن الحد الاقصي للعمليات في نفس الشهر (كام سلفة يقدر يطلبها ف نفس الوقت),yes,"Vertical: Pay | Type: Inquiry | Issue: Technical Issue | Escalation: No

Question EN: Inquiry about Salary lending
Question AR: عميل بيستفير عن الحد الاقصي للعمليات في نفس الشهر (كام سلفة يقدر يطلبها ف نفس الوقت)

Script:
* عميل بيستفير عن الحد الاقصى للعمليات في نفس الشهر (كام سلفة يقدر يطلبها ف نفس الوقت)؟
Pay <- Inquiry <- Inquiry about Salary lending
هنوضح للعميل انه يقدر يسحب لحد 30 عملية (سلفة) في نفس الوقت ولو هيحتاج عمليات تاني لازم يسدد من ال30 اللي ساحبهم الاول."
1144,087567863a3b5d88871a905d1b161e7b,0,halan,CF,Complain,Financial Issue,Yes,ok,Quality product,شكوى عميل من جودة المنتجات,yes,"Vertical: CF | Type: Complain | Issue: Financial Issue | Escalation: Yes

Question EN: Quality product
Question AR: شكوى عميل من جودة المنتجات

Script:
• شكوى عميل من جودة المنتجات Quality product
Halan Gomla - Complaints related to Product
إستاذنك ممكن توضح لى الرقم التى حضرتك طلبت بيه
سيتم كتابة تفاصيل الشكوى بالكامل (رقم الاوردر -نوع المنتج - الكمية - التفاصيل بالكامل)
لو تم دفع ثمنه: بعتذر لحضرتك جداً هيتم رد ثمن المنتج لحضرتك ع المحفظة ف خلال ساعة ومعاه مبلغ ع المحفظة كاعتذار مننا لو لم يتم دفع ثمنه: هينزل لحضرتك مبلغ اعتذار ع المحفظة ( ......... ) ف خلال ساعة
في الحالة دفع ثمنه: أستاذن حضرتك ممكن يتم ارسال صوره بالمشكله الموجوده فى المنتج ورقم الموبايل التي عمل الأوردر بيه حضرتك تقدر تبعت الصور على رقم الواتس اب 20216303+ على مدار اليوم لمساعدتنا فى عدم تكرار المشكله مره أخرى أو حضرتك مبعتش الصور هيتم الغاء الشكوى فى نهاية اليوم
أو المنتج أكثر من 100 جنيه ل 300 فيها فوق جنيه للس جوده التسليم وان في مندوب هيجى يستلم منه المنتج والمبلغ هيترد على الاحد الائتماني ف خلال 48 ساعة عمل ( معادا يوم الجمعة والسبت والاجازات الرسمية)
ف حاله CFJ والمنتج أزيد من 100 جنيه هنترد علي الاحد الائتماني ف خلال 48 ساعة عمل (معادا الجمعة والسبت والإجازات الرسمية) لو اقل من 100 جنيه هيترد للعميل علي المحفظه ف خلال ساعه + مبلغ اعتذار + مبلغ بنسبه الفايدة ع المنتج
(Escalation needed: Yes) بتقدر تستخدم المحفظة ف الطلب مرة أخري أو في شحن فاتورة بوبايلك او اى رقم اخر او تدفع فواتير الكهرباء والمياه أو التبرعات او حجز سفر ورحلات (جوباص -بلوياص - مصر للطيران) أو خدمات طبية أو خدمات الدفع (تحصيل قرض لبنك الاسكندرية او قرض تساهيل)
عميل حالا جمله طالب اوردر ومكتوب كرديت كارد بتسأل العميل حضرتك دافع من الكرديت كارد ولا من كارت حالا قال كارت حالا طب با من الأ، ولا حضرتك اللي عملت إبداع للفلوس ويتكتب ١٥ ف التكيت ولو of بتمشي زي ال cf اكثر من 100 هيرجع على الاحد الائتماني لو اقل من 100 هيرجع على المحفظه لو العميل هو اللي عمل إبداع للفلوس بتهتدل العميل المبلغ ينزل على المحفظة
حضرتك حايب المبلغ ينزل على المحفظه ولا على الكرديت كارد او كارت حالا شباب حالا جمله عميل credit card - cf عدي عليهم ال 48 ساعة ومعملش شكوى ف خلال المدة المحددة يتقدم لي الشكوي عادي ويناكد علي العميل ان هو بعد كده يكلمنا ف خلال 48 ساعة ل حل المشكلة أسرع ومساعدته"
1157,ec3dc027f3c85107b87f8c929b8ed8e5,0,halan,Pay,Request,Technical Issue,No,ok,Increase Salary Lending Amount,عميل يطلب زيادة قيمة الراتب المبكر,yes,"Vertical: Pay | Type: Request | Issue: Technical Issue | Escalation: No

Question EN: Increase Salary Lending Amount
Question AR: عميل يطلب زيادة قيمة الراتب المبكر

Script:
عميل يطلب زيادة قيمة الراتب المبكر:
Pay -> Request -> Increase Salary Lending Amount
Escalation: No
فى حالة طلب العميل زيادة فى قيمة الراتب المبكر : بنوضح للعميل يرجع لقسم الموراد البشرية (HR) وبيتم ارسال طلب من خلالهم لموظف شركة حالا المسؤل عن شركته .. ما عدا (غبور) هيتم تقديم طلب للعميل Escalation: Yes
بالنسبة لموظفين شركة العربي فقط هنقول : لو العميل مفعل الخدمه مع شركات تانيه لازم يقفل المديونية معاهم وبعدها بيقدم طلب زيادة الليمت من خلال ال HR"
1167,0a11cf7d525e5d63bc439b0bb5c925d7,0,halan,Commerce,Complain,Non-Technical Issue,Yes,ok,Canceled Order – Money Not Return to Halan Card,شكوى عميل من عدم رد مبلغ أوردر ملغي لكارت حالا,yes,"Vertical: Commerce | Type: Complain | Issue: Non-Technical Issue | Escalation: Yes

Question EN: Canceled Order – Money Not Return to Halan Card
Question AR: شكوى عميل من عدم رد مبلغ أوردر ملغي لكارت حالا

Script:
شكوى عميل من عدم رد مبلغ أوردر ملغي لكارت حالا:
Halan Gomla → Complaints related to Product
انا بعتذر جدا لحضرتك استأذنك ممكن توضح لى الرقم اللى حضرتك طلبت بيه.
هيتم التأكد من تفاصيل أوردر العميل.
تم تقديم شكوى لحضرتك وهيتم حل المشكلة في 48 ساعة عمل.
- Escalation: Yes"
1171,58851cf56eab5436a7a6cf4482178363,0,halan,General,Inquiry,Technical Issue,No,ok,General Inquiry (Cash it),(Cash it) استفسار عميل عن امكانية كتابة جميع نوعيات المنتجات عند التقديم,yes,"Vertical: General | Type: Inquiry | Issue: Technical Issue | Escalation: No

Question EN: General Inquiry (Cash it)
Question AR: (Cash it) استفسار عميل عن امكانية كتابة جميع نوعيات المنتجات عند التقديم

Script:
استفسار عميل عن امكانية كتابة جميع نوعيات المنتجات عند التقديم:
يتم اختيار منتج واحد في ال Category حتى في حالة وجود اكتر من نوعية منتج في الايصال. يتم كتابة قيمة الايصال بالكامل أو جزء منه بناءا على قيمة التمويل التي تريدها لا يشترط طلب تمويل بقيمة الايصال بالكامل.
Cash It -> Inquiry -> General Inquiry"
1175,c850b7dfb927530395e69617f1c640d5,0,halan,General,Inquiry,Technical Issue,No,ok,SLA for transferring money (Cash it),(Cash it) مدة تحويل التمويل,yes,"Vertical: General | Type: Inquiry | Issue: Technical Issue | Escalation: No

Question EN: SLA for transferring money (Cash it)
Question AR: (Cash it) مدة تحويل التمويل

Script:
مدة تحويل التمويل:
يتم تحويل التمويل في خلال 3 ايام عمل بعد الموافقة على الطلب. A علي المحفظة الالكترونية او الحساب البنكي بناءا على اختيارك. يتم ارسال SMS بتحويل المبلغ.
Cash It -> Inquiry -> SLA for transferring money"
1176,bfd6812c90fe59819d81a42e03046211,0,halan,General,Inquiry,Technical Issue,No,ok,Asked about installment tenures (Cash it),(Cash it) استفسار العميل عن مدة التقسيط,yes,"Vertical: General | Type: Inquiry | Issue: Technical Issue | Escalation: No

Question EN: Asked about installment tenures (Cash it)
Question AR: (Cash it) استفسار العميل عن مدة التقسيط

Script:
استفسار العميل عن مدة التقسيط:
مدة التقسيط تبدأ من 6 شهور حتى 36 شهور يتم تحديدها من خلال التطبيق بناءا على المدة المناسبة معك.
Cash It -> Inquiry -> Asked about installment tenures"
1177,8ecf25cf9e945a79a669bfd0fb28344a,0,halan,General,Inquiry,Non-Technical Issue,No,ok,Asked about interest rate & Admin fees (Cash it),هل يوجد رسوم او فائدة على الخدمة (Cash It),yes,"Vertical: General | Type: Inquiry | Issue: Non-Technical Issue | Escalation: No

Question EN: Asked about interest rate & Admin fees (Cash it)
Question AR: هل يوجد رسوم او فائدة على الخدمة (Cash It)

Script:
هل يوجد رسوم او فائدة على الخدمة:
يوجد رسوم 5% يتم خصمها من قيمة التمويل ويتم ظهوره على التطبيق قبل تأكيد عملية السحب. متوسط نسبة فائدة 41% تقريبا على السنة وتختلف بناءا على مدة التقسيط المختارة من التطبيق. A
Cash It -> Inquiry -> Asked about interest rate & Admin fees"
1178,33e105b71ddf5a8a9deb786650af356d,0,halan,General,Inquiry,Non-Technical Issue,No,ok,Asked about rejection reason (Cash it),(Cash it) استفسار عميل عن سبب الرفض,yes,"Vertical: General | Type: Inquiry | Issue: Non-Technical Issue | Escalation: No

Question EN: Asked about rejection reason (Cash it)
Question AR: (Cash it) استفسار عميل عن سبب الرفض

Script:
استفسار عميل عن سبب الرفض:
بعتذر لحضرتك في البداية عن رفض الطلب الخاص بك. A ومن خلالي ايضا هوضح لحضرتك سبب الرفض لكن اولا برجاء توضيح بعض البيانات (الرقم القومي - الاسم > بالكامل - التواصل من نفس الرقم المسجل به الخدمة)
توضیح سبب الرفض من خلال ال Rejection Reason sheet
Cash It -> Inquiry -> Asked about rejection reason"
1179,0d2e355d81ad52e5adca364436540eda,0,halan,General,Inquiry,Technical Issue,No,ok,Asked about his request status (Cash it),(Cash it ) استفسار عميل عن حالة الطلب الخاصة به,yes,"Vertical: General | Type: Inquiry | Issue: Technical Issue | Escalation: No

Question EN: Asked about his request status (Cash it)
Question AR: (Cash it ) استفسار عميل عن حالة الطلب الخاصة به

Script:
استفسار عميل عن حالة الطلب الخاصة به:
من خلال التطبيق يمكن معرفة حالة الطلب الخاصة بيك (قيد الانتظار - تم الموافقة - تم الرفض)
ملحوظة ليك: يمكن معرفة حالة الطلب في حالة الرفض من خلال (Rejection sheet) - يمكن معرفة حالة الطلب من خلال ال CRM في حالة الموافقة -> Loan Issued
Cash It -> Inquiry -> Asked about his request status"
1180,f68a72fd03d155b3839fcf1c880e1dc6,0,halan,General,Request,Non-Technical Issue,Yes,ok,Reschedule installment (Cash it),(Cash it ) عميل يريد تغيير الفترة الزمنية للتقسيط,yes,"Vertical: General | Type: Request | Issue: Non-Technical Issue | Escalation: Yes

Question EN: Reschedule installment (Cash it)
Question AR: (Cash it ) عميل يريد تغيير الفترة الزمنية للتقسيط

Script:
عميل يريد تغيير الفترة الزمنية للتقسيط:
في حالة لم يأت ميعاد استحقاق اول قسط: فتأكد أن العميل مدفعش اي اقساط، تم تقديم طلب حضرتك وسيتم A التواصل مع حضرتك في خلال 3 ايام عمل (سيتم التسجيل في التكت: الفترة الزمنية السابقة - الفترة الزمنية الجديدة - الرقم القومي - الاسم بالكامل - رقم الموبيل المسجل بالخدمة) في تكت
في حالة بعد ميعاد استحقاق اول قسط: غير متاح تغيير الفترة الزمنية للتقسيط بعد دفع القسط الأول . A ملحوظة مهمة : لازم نسأله سبب تغيير مدة القسط اية ونكتبها في التكت
Cash It -> Request -> Reschedule installment Escalation : Yes"
1181,a542273584b35cbdb5290cecceeb5461,0,halan,General,Request,Non-Technical Issue,Yes,ok,Early Full Settlement (Cash it),(Cash it ) عميل يريد عمل سداد مبكر,yes,"Vertical: General | Type: Request | Issue: Non-Technical Issue | Escalation: Yes

Question EN: Early Full Settlement (Cash it)
Question AR: (Cash it ) عميل يريد عمل سداد مبكر

Script:
""معلومة ليك""
بمجرد قيام العميل بدفع القسط الرابع لأي معاملة .. يمكن للعميل تسوية جميع معاملاته بشكل طبيعي إذا طلب ذلك.
بمعني انه عند تقديم الطلب يتم الرد على الطلب من الادارة المختصة بالتسويات بجميع معاملات العميل + مجموع المستحق لو العميل ارادا تسوية جميع معاملاته.
مثال:
1. في حالة رغبة العميل في تسوية المعاملة الأولى، يجب عليه دفع المبلغ الأول.
2. وفي حالة رغبته في تسوية المعاملة الثانية فعليه دفع المبلغ الثاني.
3. في حالة رغبته في تسوية جميع المبلغ المستحق، يجب عليه دفع المبلغ الإجمالي
معلومة عامة: يتم إلغاء باقي الفوائد المحسوبة على المنتج حتى نهاية المدة وإضافة عمولة سداد مبكر 5% على أصل المبلغ المتبقي وذلك بعد سداد 4 اقساط على الاقل ..
هل في مشكله واجهت حضرتك مع الشركة وسبب السداد المبكر؟
في حالة ان العميل مصمم على طلبه: برجاء مراجعة بعض البيانات (الاسم بالكامل - الرقم القومي - التواصل بنفس الرقم المسجل به الخدمة) تم تقديم طلب حضرتك وسيتم التواصل مع حضرتك في خلال من 3 ايام عمل لو اقل من 30 معاملة و5 أيام عمل لو أكثر من 30 معاملة لاستكمال اجراءات السداد المبكر (حساب المبلغ المستحق سداده وطريقة السداد) يتم إلغاء باقي الفوائد المحسوبة على التمويل حتى نهاية المدة وإضافة عمولة سداد مبكر في حدود 5% على أصل المبلغ المتبقي وذلك بعد سداد 4 اقساط على الأقل.
Cash It-> Request -> Early Full Settlement Escalation: Yes"
1182,9d1cb6df2eed5eddaa1ab34ccd49f1ee,0,halan,General,Request,Non-Technical Issue,Yes,ok,Cancel loan request (Cash it),(Cash it) عميل يريد الغاء الطلب قبل استكماله,yes,"Vertical: General | Type: Request | Issue: Non-Technical Issue | Escalation: Yes

Question EN: Cancel loan request (Cash it)
Question AR: (Cash it) عميل يريد الغاء الطلب قبل استكماله

Script:
عميل يريد الغاء الطلب قبل استكماله:
• نقدر نعرف ايه سبب الالغاء؟
• في حالة ان تم اقناع العميل لا يتم تقديم طلب
Cash It -> Request -> Cancel loan request Escalation: No
• في حالة اصرار العميل: استأذنك هيتم مراجعة بعض البيانات (الرقم القومي - الاسم بالكامل - نفس الرقم المقدم بيه علي الخدمة)
■ يتم التأكد اولا من خلال ال CRMمن ان لم یتم انشاء قرض للعميل وان لم يتم صرف التمويل بعد. من خلالي هقدم لحضرتك الطلب وهيتم الرد في أقرب وقت.
ملحوظة في حالة ان تم صرف التمويل لا يمكن الغاء العملية ويتم عمل طلب سداد معجل فقط (شروط السداد المعجل).
Cash It -> Request -> Cancel loan request Escalation: Yes"
1183,f19779d290a95e5c84b7ee7c547d5346,0,halan,General,Complain,Technical Issue,No,ok,Complaint about rejection reason (Cash it),(Cash it) شكوى عميل من سبب الرفض,yes,"Vertical: General | Type: Complain | Issue: Technical Issue | Escalation: No

Question EN: Complaint about rejection reason (Cash it)
Question AR: (Cash it) شكوى عميل من سبب الرفض

Script:
شكوى عميل من سبب الرفض:
< يتم رفض المعاملة لأكثر من سبب يتم معرفتها من خلال الاشعار المرسل ويمكن التقديم مره اخري في حالة حل هذا السبب مثل (كتابة مبلغ مشتريات مختلف عن المتواجد بالإيصال المرسل) ""معلومة ليك""
- يتم معرفة سبب الرفض من خلال Rejection Sheet
Cash It -> Tech Complaint -> Complaint about rejection reason Escalation: No"
1184,00ce3701124858d4a6e5fec96725b1c7,0,halan,General,Complain,Non-Technical Issue,Yes,ok,Delay Receiving feedback (Cash it),(Cash it )شكوى عميل من عدم الرد علي الطلب حتى الان,yes,"Vertical: General | Type: Complain | Issue: Non-Technical Issue | Escalation: Yes

Question EN: Delay Receiving feedback (Cash it)
Question AR: (Cash it )شكوى عميل من عدم الرد علي الطلب حتى الان

Script:
شكوى عميل من عدم الرد علي الطلب حتى الآن:
يتم الرد بالموافقة أو الرفض في خلال 48 ساعة عمل
- لم يتم مرور المهلة : في حالة عدم مرور المهلة بعد لا يتم تقديم طلب يتم التأكد اولا من عدم تواجد رقم العميل في (Rejection Sheet or CRM)
Cash It -> Non-Tech Complaint -> Delay Receiving feedback Escalation: No
- تم مرور المهلة : بعتذر ليك برجاء مراجعة بعض البيانات (الاسم بالكامل - الرقم القومي - التواصل بنفس الرقم المسجل بالخدمة)
بعتذر ليك عن التأخير من خلالي هيتم تقديم طلب والرد في خلال 48 ساعة عمل بحالة الطلب. ٨
Cash It -> Non-Tech Complaint -> Delay Receiving feedback Escalation: Yes"
1185,668d111c1fc85968896246faf796b848,0,halan,General,Complain,Technical Issue,Yes,ok,Delay in Transfer After Approval (Cash it),(Cash it ) شكوى عميل من عدم تحويل المبلغ بعد الموافقة,yes,"Vertical: General | Type: Complain | Issue: Technical Issue | Escalation: Yes

Question EN: Delay in Transfer After Approval (Cash it)
Question AR: (Cash it ) شكوى عميل من عدم تحويل المبلغ بعد الموافقة

Script:
شكوى عميل من عدم تحويل المبلغ بعد الموافقة:
يتم تحويل المبلغ في خلال 3 ايام عمل من الموافقة. A يتم ارسال SMS بتحويل المبلغ. هل تم مرور المهلة ام لا؟
لم يتم مرور المهلة : في حالة عدم مرور المهلة بعد لا يتم تقديم طلب
Cash It -> Tech Complaint -> Delay in Transfer After Approval Escalation: No
لم مرور المهلة : بعتذر ليك برجاء مراجعة بعض البيانات (الاسم بالكامل - الرقم القومي - التواصل بنفس الرقم المسجل به في الخدمة - طريقة استلام التمويل)
يتم مراجعة ال CRM والتأكد من ان حالة القرض Issued (تم الموافقة عليه) ۔
« من خلالي هقدم لحضرتك طلب تأخير تحويل التمويل حتى الآن وانتظر الرد في خلال 48 ساعة عمل.
Cash It -> Tech Complaint -> Delay in Transfer After Approval Escalation: Yes"
1187,091048b94eca51788ac91bbdb93a635a,0,halan,General,Complain,Technical Issue,Yes,ok,unable to upload the receipt (Cash it),(Cash it ) شكوى عميل من عدم امكانية رفع الايصال واستكمال الطلب,yes,"Vertical: General | Type: Complain | Issue: Technical Issue | Escalation: Yes

Question EN: unable to upload the receipt (Cash it)
Question AR: (Cash it ) شكوى عميل من عدم امكانية رفع الايصال واستكمال الطلب

Script:
شكوى عميل من عدم امكانية رفع الايصال واستكمال الطلب:
بعتذر ليك عن اي مشكلة واجهتك. برجاء توضيح ايه اللي بيظهر لحضرتك. برجاء التأكد من الآتي:
التأكد من صحة الايصال ووضوحه. التأكد من ان العميل (من عملاء الموافقة الفورية) التأكد بأن لا يوجد بلوك علي الحد الائتماني.
التأكد بأن مبلغ التمويل المطلوب لم يتخط الحد الائتماني المتبقي لدي العميل. - عمل بعض الخطوات التنشيطية للتطبيق والمحاولة مرة اخري -
Cash It -> Tech Complaint -> unable to upload the receipt Escalation: No
في حالة وجود نفس المشكلة
برجاء مراجعة بعض البيانات (الاسم بالكامل - الرقم القومي - رقم الموبيل)
إرسال اسكرين شوت من المشكلة اللي بتواجه حضرتك علي رقم الواتساب الخاص بنا +20216303 هيتم الرد في اقرب وقت
Cash It -> Tech Complaint -> unable to upload the receipt Escalation: Yes"
1190,690e8b4de03255acb369cd804734b58d,0,halan,Saving,Inquiry,Non-Technical Issue,No,ok,How to save (Tahweesh)?,ازاى اقدر احوش؟,yes,"Vertical: Saving | Type: Inquiry | Issue: Non-Technical Issue | Escalation: No

Question EN: How to save (Tahweesh)?
Question AR: ازاى اقدر احوش؟

Script:
ازاى اقدر احوش؟
بعد ما العميل بيعمل ايداع بيتم تحويش المبلغ اللى تم ايداعه بالكامل وبيتم نزول الفائده تلقائي من تاني يوم على طول من غير الجمعة والسبت والاجازات الرسمية (معاذا يوم الجمعه والسبت بتنزل يوم الاحد بشكل تراكمى).
- Escalation: No
- CRM: Inquiry → General inquiry → Escalation Needed No"
1192,6ada5073e7cc5dabbc199c82acd71b95,0,halan,CF,Request,Non-Technical Issue,No,ok,Request to increase CF limit (Halan),عميل يريد زيادة مبلغ الحد الائتماني(Halan),yes,"Vertical: CF | Type: Request | Issue: Non-Technical Issue | Escalation: No

Question EN: Request to increase CF limit (Halan)
Question AR: عميل يريد زيادة مبلغ الحد الائتماني(Halan)

Script:
* عميل يريد زيادة مبلغ الحد الائتمانى •
CF -> Request -> Request to increase CF limit
-Escalation: No
نتأكد من CRM العميل مكود علي فرع اية :
Instant Approval
بالنسبة لزيادة الحد الائتمانى: شركة حالاً بتدرس الحالة الائتمانية لكل العملاء كل شهر وبيتم زيادة الحد الائتماني بناءً علي الانتظام في السداد مع ضرورة التأكيد على مرور 6 اقساط .. وبيوصل رسالة بقيمة الحد الائتماني الجديد.
Today 4:28 PM
عميل حالاً المميز تم زيادة حدك الائتماني المبلغ !32000
bit.ly/45c3nKe
فرع مشروعي أو تساهيل
- استأذنك ممكن ترجع للفرع اللي قدمت فيه الاوراق ولو في امكانية هيتم تنفيذ طلبك من قبل الفرع بناءا على رد ادارة الائتمان.
ضرورة التأكيد على مرور 6 اقساط ="
1196,973a9059541358fa9e003a1268a7b451,0,halan,Saving,Complain,Non-Technical Issue,No,ok,Customer on system heading to branch — not activated yet,ولو العميل ع السيستم متجه للفرع غير مفعل بعد,yes,"Vertical: Saving | Type: Complain | Issue: Non-Technical Issue | Escalation: No

Question EN: Customer on system heading to branch — not activated yet
Question AR: ولو العميل ع السيستم متجه للفرع غير مفعل بعد

Script:
ولو العميل ع السيستم متجه للفرع غير مفعل بعد:
بيتم التوضيح للعميل:
بالفعل يافندم تم التواصل مع حضرتك للتوجه للفرع للإمضاء.
بتقدر تتوجه لنفس الفرع اللي تم توضيحه من خلال مكالمة خدمة العملاء لإمضاء العقد.
مع العلم ان مواعيد عمل الفروع من الساعة 9 ص حتى 5 م ماعدا الجمعة والسبت اجازه.
- Escalation: No
- CRM: Complaint → Non-Technical → Delay Receiving the Contract → Escalation Needed No"
1198,82d4c1a6f588581b8b0b3e9ea05bdec8,0,halan,Saving,Inquiry,Non-Technical Issue,No,ok,How to find the nearest branch for Tahweesh form signing?,ازاي اقدر اعرف أيه اقرب فرع عشان امضي الاستماره الخاصة بحالا تحويش؟,yes,"Vertical: Saving | Type: Inquiry | Issue: Non-Technical Issue | Escalation: No

Question EN: How to find the nearest branch for Tahweesh form signing?
Question AR: ازاي اقدر اعرف أيه اقرب فرع عشان امضي الاستماره الخاصة بحالا تحويش؟

Script:
ازاي اقدر اعرف أيه اقرب فرع عشان امضي الاستماره الخاصة بحالا تحويش؟

لو العميل أنهي التسجيل في الخدمة:
مراجعة الشيت الخاصة بفروع حالا تحويش وإبلاغ العميل بالفرع الأقرب بالنسبه ليه.

لو العميل لسه بيسجل في الخدمة:
بعد إتمام عملية التسجيل هتقدر تعرف اماكن الفروع عشان تتوجه على أقرب فرع وتوقع استماره حساب التحويش. في امكانيه اننا نقوم بتوصيل العقد لحضرتك في المنزل او العمل، وبيتم التواصل معاك لتحديد الميعاد (يتم ارسال ايميل بالتفاصيل ويتم التواصل مع العميل).
في الفروع يوضح للعميل القريب لو العميل مش عارف و يبلغه بمواعيد العمل (من الاحد الي الخميس من 9 ص الي 5 مساءً).
وبيتم تفعيل الخدمة بعد كده في خلال 24 ساعة عمل من غير الجمعه والسبت والاجازات الرسمية.
بعد تفعيل الحساب هتقدر تبدأ تحويش فلوسك من التطبيق بالضغط على إيداع تحويش.

خطوات من التطبيق:
1. من تطبيق حالا اضغط على اماكن الفروع → اسمح للتطبيق بالوصول للموقع.
2. هيظهرلك اسماء وعناوين اقرب فروع ليك.

- Escalation: No
- CRM: Inquiry → Nearest branch → Escalation Needed No"
1200,104245faf9c55c37a592d41204d1f9a8,0,halan,Saving,Inquiry,Non-Technical Issue,No,ok,Is there a deposit fee,هل في رسوم ايداع؟,yes,"Vertical: Saving | Type: Inquiry | Issue: Non-Technical Issue | Escalation: No

Question EN: Is there a deposit fee
Question AR: هل في رسوم ايداع؟

Script:
هل في رسوم ايداع؟
في رسوم على كل عملية ابداع من كل محفظه الكترونيه 0.5 %
في رسوم على كل عملية ابداع من كل انستا بإى حد أدنى 50 قرش وحد أقصى 20 جنيه"
1205,3f9c58ec29045617b7043ae2ab34d1db,0,halan,Pay,Complain,Technical Issue,Yes,ok,OTP not received (Salary lending),لاتمام نزول السلفة OTP  شكوي عميل من عدم استقبال,yes,"Vertical: Pay | Type: Complain | Issue: Technical Issue | Escalation: Yes

Question EN: OTP not received (Salary lending)
Question AR: لاتمام نزول السلفة OTP  شكوي عميل من عدم استقبال

Script:
*شكوى عميل من عدم استقبال OTP لاتمام نزول السلفة:
Pay -> complaint -> technical -> OTP not received
Escalation:Yes
.1
لازم نتأكد مع العمیل ان في مساحة کفایة بالموبایل لاستقبال الرسالة
2. لازم نتأكد ان رقم الموبايل المتعاقد به هو نفس الرقم اللي سيستقبل عليه الرسالة لازم نأكد ع العمیل انه بیکتب ال otp مش بيعمله (نسخ -Copy) و یکون بیکتبه بالانجليزي مش بالعربي. .3
في بعض الأوقات بتوصل في قايمة Spam او block .4
5. التأكد من ان العميل لم يقوم بعمل اكثر من 30 سلفة غير مسدده علي السيستم ثم التأكد من ان العميل يدخل الرقم باللغة الانجليزية كتابة وليس نسخ ولصق
في حالة تأكيد العميل
هيتم تقديم طلب لحضرتك وهيتم التواصل خلال 24 ساعة عمل , ناخد بيانات العميل الاسم والرقم و الرقم الوظيفي و اسم الشركة"
1209,78c1ee7514355e64b7eab282c6147c87,0,halan,Pay,Complain,Financial Issue,No,ok,Installment deducted from salary but didn't appear on app,عميل يشكوا ان القسط اتخصم من المرتب و لم يتم السداد علي التطبيق,yes,"Vertical: Pay | Type: Complain | Issue: Financial Issue | Escalation: No

Question EN: Installment deducted from salary but didn't appear on app
Question AR: عميل يشكوا ان القسط اتخصم من المرتب و لم يتم السداد علي التطبيق

Script:
عميل يشكوا ان القسط اتخصم من المرتب و لم يتم السداد على التطبيق:
بنوضح للعميل ان لم يتم التحويل من طرف شركتكم لتسوية المديونية و بمجرد استلام التسوية من شركتكم سيتم السداد علي التطبيق.
ملحوظة هامه: مش بنقول للعميل يرجع للـ HR.
- Escalation: No
- CRM: Pay → Complaint → Financial → installment deducted from salary but didn't appear on app"
1211,381bf2aab84f581bb830955a3616e7f9,0,halan,Commerce,Complain,Technical Issue,Yes,ok,Under Processing order Issue,Under processing عميل يشكو من أنه أتم عملية الشراء و العملية,yes,"Vertical: Commerce | Type: Complain | Issue: Technical Issue | Escalation: Yes

Question EN: Under Processing order Issue
Question AR: Under processing عميل يشكو من أنه أتم عملية الشراء و العملية

Script:
* عميل يشكو من أنه أتم عملية الشراء والعملية Under Processing:
Commerce -> inquiry -> Under Processing order Commerce -> complaint -> Tech -> Under Processing order Issue Escalation: Yes
- بنتأكد مع العميل انه لم يتم خصم اي مصاريف سواء من الحد الائتماني او من المحفظة او من الكريديت كارد وبنوضحله انه يعيد عملية الشراء مرة اخري.
ولو العميل أكد انه تم الخصم من الكريديت كارد او من المحفظة او الحد الائتماني .. هنقدم للعميل طلب و ۔ هيتم حل مشكلة العميل ف اقرب وقت.
لازم نزود رقم البطاقة وال Transaction ID في التيكت
لو الاوردر كريديت كارد و العميل وضح ان قيمة المنتج اتخصمت من رصيده .. لازم نطلب من العميل يبعتلنا صورة من رسالة الخصم اللي وصلتله علي رقم الواتساب بتاعنا."
1215,19485d4066535cfa927d11181c0f47dd,0,halan,CF,Complain,Technical Issue,Yes,ok,Cash Back Offer Not Applied (Halan),عميل يشكو ان الكاش باك لم يتم استقباله بعد المعامله (Halan),yes,"Vertical: CF | Type: Complain | Issue: Technical Issue | Escalation: Yes

Question EN: Cash Back Offer Not Applied (Halan)
Question AR: عميل يشكو ان الكاش باك لم يتم استقباله بعد المعامله (Halan)

Script:
عميل يشكو ان الكاش باك لم يتم استقباله بعد المعامله
Cash Back Offer Not Applied
ايه هى شروط الاستفاده بالكاش باك ؟
Halan-> Complain Non-Technical-> Cash Back Not Applied
1. لازم العميل يكون مشتري من الحد الائتماني مش من الكارت.
.2 لازم العميل يكون اختار فترة التقسيط الخاصة بالاوفر.
3. لازم العميل يكون مشتري في الوقت المحدد للأوفر .
4. لو العميل مشتري من خلال تاجر لازم نتأكد انه مشتري من خلال الفروع الموضحه في الشيت الخاص بالعروض.
5. ولازم نتأكد من الادمن تول ان الكاش باك منزلوش.
ولو اتأكدنا ان العميل فعلا ليه كاش باك (من الادمن تول) ومنزلش بنعمل التيكت ديه ونقول للعميل شغالين على حل المشكله.
Halan-> Complain Non-Technical-> Cash Back Not Applied
Escalated : Yes"
1216,6deca3d971e85a1ba3656cec93e84749,0,halan,CF,Inquiry,Technical Issue,No,ok,inquiry about the possibility of purchasing using cf and completes it in cash (Halan),عميل بيستفسر عن امكانيه الشراء من خلال الحد الائتماني و استكمال بالكاش (Halan),yes,"Vertical: CF | Type: Inquiry | Issue: Technical Issue | Escalation: No

Question EN: inquiry about the possibility of purchasing using cf and completes it in cash (Halan)
Question AR: عميل بيستفسر عن امكانيه الشراء من خلال الحد الائتماني و استكمال بالكاش (Halan)

Script:
عميل بيستفسر عن امكانيه الشراء من خلال الحد الائتماني و استكمال بالكاش
inquiry about the possibility of purchasing using cf and completes it in cash
بالنسبة لإمكانية ان العميل يقدر يكمل كاش خارج العروض:
العميل يقدر يشتري اي منتج من خلال تطبيق حالا ويكمل كاش .. بشرط ان المنتج ميكونش عليه عرض وبيدفع فرق الكاش للمندوب عند استلام المنتج.
بالنسبة لإمكانية ان العميل يقدر يكمل كاش فى العروض:
1- لو عرض (interest 0% - Triple Q) لو العميل هيشتري offline من خلال التاجر .. هيقدر يكمل كاش عادي و العرض هيكون ع الجزء اللي هيدفعه بالليمت.
2- اي عروض فيها discount .. العميل يقدر يستفسر عن امكانية انه يكمل كاش عن طريق التاجر. Screen shoot من المشكله.
3- موضوع انه يكمل كاش دا متاح فقط عن طريق التجار offline بس مش online (كايرو كارت بس ممكن العميل يكمل كاش حتي لو اونلاين).
4- لو العرض علي الابلكيشن عندنا مش هيكون متاح يكمل كاش ( العروض بتبقي في قسم العروض فقط على التطبيق
CF -> Inquiry ->Inquiry about Promotions"
1219,936aa5cbc9da506db28681c83d77e3d7,0,halan,CF,Complain,Non-Technical Issue,No,ok,Instant Approval Customer Didn't Receive Payment Code (Halan),عميل الحد الائتماني الفوري لم يستلم رسالة كود العميل,yes,"Vertical: CF | Type: Complain | Issue: Non-Technical Issue | Escalation: No

Question EN: Instant Approval Customer Didn't Receive Payment Code (Halan)
Question AR: عميل الحد الائتماني الفوري لم يستلم رسالة كود العميل

Script:
عميل الحد الائتماني الفوري لم يستلم رسالة كود العميل:
بنوضح للعميل انه دلوقتي لو حابب يدفع الاقساط مش هيحتاج كود العميل. الدفع هيكون بالرقم المسجل معانا لو بالرقم القومي.
- Escalation: No
- CRM: CF ← Complaint ← Non-Technical ← Instant Approval Customer Didn't Receive Payment Code"
122,a0c36563e2a55aa9a0101aa3f74e82d8,0,halan,Saving,Inquiry,Non-Technical Issue,No,ok,,,yes,"Vertical: Saving | Type: Inquiry | Issue: Non-Technical Issue | Escalation: No



Script:
هل يمكن استخدام الرصيد في حساب حالا تحويش في دفع الأقساط او شراء منتجات ؟
للأسف لأ ,, يمكن استخدامها فقط ف شراء وحدات او سحب المبالغ واضافتها للمحفظه الألكترونية. Inquiry/ General inquiry /Escalation Needed No"
1252,e1695aaa0e9f5e2bbf2e23014153e883,0,halan,Saving,Inquiry,Non-Technical Issue,No,ok,How can I apply for the service?,ازاي اقدر اقدم علي الخدمة؟,yes,"Vertical: Saving | Type: Inquiry | Issue: Non-Technical Issue | Escalation: No

Question EN: How can I apply for the service?
Question AR: ازاي اقدر اقدم علي الخدمة؟

Script:
ازاي اقدر اقدم علي الخدمة؟

السيناريو الأول (استفسار عام عن التقديم):
- العميل يقدر يقدم من خلال التطبيق باختيار خدمة حالا تحويش واستكمال بياناته، او يقدر يكمل الخطوات معاه اثناء المكالمة.
- لو مفيش انترنت بناخد الطلب من العميل بعد انتهاء المكالمة.
- بيتم التواصل مع العميل لارسال المندوب لتوقيع العقد، او يقدر يتوجه لاقرب فرع لتوقيع العقد وتفعيل الخدمة.
- الفروع تشمل فروع تساهيل و Circle K والمولات. مواعيد العمل من الاحد للخميس من 9 ص الى 5 م (ماعدا الجمعة والسبت).
- بيتم تفعيل الخدمة في خلال 24 ساعة عمل من غير الجمعة والسبت والاجازات الرسمية.
- للعملاء المميزين: بيتم ارسال مندوب خلال 3 ايام عمل (ماعدا الجمعة) لتوقيع العقد في عنوان العميل بدون رسوم. مواعيد التوصيل من 10 ص الى 8 م يوميا ماعدا الجمعة.
- القسم المختص هيتواصل مع العميل خلال 48 ساعة عمل لتأكيد الطلب وتوقيع العقد.
- Escalation: No
- CRM: Inquiry → General inquiry → Escalation Needed No

السيناريو الثاني (تأخر تفعيل الحساب بعد 24 ساعة عمل):
- لو عدى 24 ساعة عمل (من غير الجمعة والسبت والاجازات) والحساب لسه متفعلش، بيتم تقديم طلب لتفعيل الحساب في اقرب وقت.
- لازم نسأل العميل: وقع في فرع ولا مع مندوب؟ اسم الفرع ايه؟ امتى وقع العقد؟ ونكتب البيانات دي في التيكت.
- Escalation: Yes
- CRM: Complaint → Non-Technical → Account is not activated → Escalation Needed Yes
"
1253,cc3ea965dc7a5cb4ab0490d96d111a6a,0,halan,General,Inquiry,Technical Issue,No,ok,Spin & win (Halan),استفسار عن عجلة الحظ (Halan),yes,"Vertical: General | Type: Inquiry | Issue: Technical Issue | Escalation: No

Question EN: Spin & win (Halan)
Question AR: استفسار عن عجلة الحظ (Halan)

Script:
استفسار عن عجلة الحظ :
Halan -> Inquiry -> Spin & win game
- العميل بيقدر يكسب جوايز لما يلف عجلة الحظ .. زي برومو كود أو خصم (بيكون موضح من متجر حالا او من حالا جملة) لازم نوضح للعميل البرومو كود او الخصم بيكون علي حسب الهدية جاتله علي اي متجر (حالا ولا جملة)
لو العميل اشتكي ان الخصم متطبقش .. بنطلب منه يببعت سكرين من الجايزة علي رقم الواتساب 20216303+
Halan -> complaint-> non tech -> Spin & win issue
Escalation: Yes"
126,24984282dc3156b58859dfe2d0861262,0,halan,Saving,Inquiry,Non-Technical Issue,No,ok,,,yes,"Vertical: Saving | Type: Inquiry | Issue: Non-Technical Issue | Escalation: No

Notes: o	لو العميل انهى التسجيل في الخدمة : مراجعة الشيت الخاصة بفروع حالا تحويش و ابلاغ العميل بالفرع الأقرب بالنسبه ليه
o	لو العميل لسه مسجلش في الخدمة : بعد إتمام عملية التسجيل هتقدر تعرف اماكن الفروع عشان تتوجه على أقرب فرع وتوقع استمارة حساب التحويش.
o	في امكانيه اننا نقوم بتوصيل العقد لحضرتك في المنزل او العمل , و بيتم التواصل معاك لتحديد الميعاد ( يتم ارسال ايميل بالتفاصيل و يتم التواصل مع العميل)
o	بعد تفعيل الحساب هتقدر تبدأ تحويش فلوسك من التطبيق بالضغط على ابدء تحويش 
o	Inquiry/ Nearest branch/Escalation Needed No
Body: o	لو العميل انهى التسجيل في الخدمة : مراجعة الشيت الخاصة بفروع حالا تحويش و ابلاغ العميل بالفرع الأقرب بالنسبه ليه
o	لو العميل لسه مسجلش في الخدمة : بعد إتمام عملية التسجيل هتقدر تعرف اماكن الفروع عشان تتوجه على أقرب فرع وتوقع استمارة حساب التحويش.
o	في امكانيه اننا نقوم بتوصيل العقد لحضرتك في المنزل او العمل , و بيتم التواصل معاك لتحديد الميعاد ( يتم ارسال ايميل بالتفاصيل و يتم التواصل مع العميل)
o	بعد تفعيل الحساب هتقدر تبدأ تحويش فلوسك من التطبيق بالضغط على ابدء تحويش 
o	Inquiry/ Nearest branch/Escalation Needed No

Script:
1
من تطبيق حالا
لما تضغط علي اماكن الفروع
هتضغط علي السماح للتطبيق بالوصول للموقع
أمين الحيوي
السماح للوصول للموقع
فى ملتك شف عن السماح لهمول الموسم الحالي ص المصلى فى مدينة الطور
سعر
العودة إلى العمدة الرئيسية
من تطبيق حالًا
هيظهرلك أسماء وعناوين أقرب فروع ليك
2
كليب الصروى
سيك حيائي
-
٠
سبيال مالي
م-
٠
العودة إلى الصفحة الرئيسية"
1262,ec024d001fb2508bbb12e623dc997168,0,halan,CF,Inquiry,Non-Technical Issue,No,ok,Inquiry about Family program,Family Programإيه هو الـ,yes,"Vertical: CF | Type: Inquiry | Issue: Non-Technical Issue | Escalation: No

Question EN: Inquiry about Family program
Question AR: Family Programإيه هو الـ

Script:
إيه هو الـ Family Program ؟
برنامج Family Program هو خدمة جديدة بتقدّمها شركة حالا ، بتسمح لأي عميل عنده الحد الائتماني إنه يدعو اي قريب من الدرجة الأولي ليه (بحد اقصى شخص واحد فقط انه ينزله حد ائتماني - بنسبة لا تقل عن 50% - من الحد الائتماني الخاص بالعميل (بدون ما يتخصم حاجة من ليميت العميل الاساسي).
يعني لو عندك تمويل متاح من حالا ، تقدر تدي فرصة لحد من أهلك (الأب، الأم، الأخ، الأخت، الابن، أو الابنة) إنه يقدم على تمويل.
التقديم بيتم بشكل سهل من خلال لينك بيجيلك، بتدخل عليه بيانات القريب اللي حابب تضيفه. وبمجرد ما يتم التأكيد، بيقدر يروح أقرب فرع لتوقيع الطلب.
CF-> Inquiry -> Inquiry about Family program"
1264,6ba1d4680bb5503cbc0cef8e59a9b3c0,0,halan,CF,Inquiry,Technical Issue,No,ok,Inquiry about Family program,مين ينفع أضمه في البرنامج؟ (Family program),yes,"Vertical: CF | Type: Inquiry | Issue: Technical Issue | Escalation: No

Question EN: Inquiry about Family program
Question AR: مين ينفع أضمه في البرنامج؟ (Family program)

Script:
مين ينفع أضمه فى البرنامج؟
أي قريب من درجة القرابة الأولى:الأب، الأم، الأخ، الأخت، الابن، أو الابنة.
CF-> Inquiry -> Inquiry about Family program"
1265,b1b44288dbd65bc7ae318b4524353a44,0,halan,CF,Inquiry,Technical Issue,No,ok,Inquiry about Family program,هل الزوجة ينفع تقدم؟ (Family program),yes,"Vertical: CF | Type: Inquiry | Issue: Technical Issue | Escalation: No

Question EN: Inquiry about Family program
Question AR: هل الزوجة ينفع تقدم؟ (Family program)

Script:
هل الزوجة ينفع تقدم؟
ممكن في حالة واحدة فقط، وهي إن اسم الزوج يكون مذكور في بطاقة الرقم القومي للزوجة.
CF-> Inquiry -> Inquiry about Family program"
1266,cef72c27a1d854ac8f4ea6fcd7f0fb43,0,halan,CF,Inquiry,Technical Issue,No,ok,Inquiry about how to add member to Family program,إزاي أضيف حد من العيلة؟ (Family program),yes,"Vertical: CF | Type: Inquiry | Issue: Technical Issue | Escalation: No

Question EN: Inquiry about how to add member to Family program
Question AR: إزاي أضيف حد من العيلة؟ (Family program)

Script:
إزاي أضيف حد من العيلة؟
هيوصل لحصرتك لينك على الموبايل، تدخل عليه وتكتب بيانات الشخص اللي عايز تضيفه (بحد اقصى شخص واحد فقط
CF-> Inquiry -> Inquiry about how to add member to Family program"
1267,53a010791d3f50609d28984e3592695b,0,halan,CF,Inquiry,Non-Technical Issue,No,ok,Inquiry about Family program,هينزل كام للعميل اللي تمت دعوته؟ (Family program),yes,"Vertical: CF | Type: Inquiry | Issue: Non-Technical Issue | Escalation: No

Question EN: Inquiry about Family program
Question AR: هينزل كام للعميل اللي تمت دعوته؟ (Family program)

Script:
هينزل كام للعميل اللى تمت دعوته؟
هينزل للعميل نسبة لا تقل عن %50 من الحد الائتماني الخاص بحضرتك حسب الاستعلام الائتماني.
CF-> Inquiry -> Inquiry about Family program"
1268,dff0922439d35d1b8c8bda82f5cdd590,0,halan,CF,Inquiry,Technical Issue,No,ok,Inquiry about Family program,لو القريب اتأخر في الدفع، هل ده هيأثر عليّا؟ (Family program),yes,"Vertical: CF | Type: Inquiry | Issue: Technical Issue | Escalation: No

Question EN: Inquiry about Family program
Question AR: لو القريب اتأخر في الدفع، هل ده هيأثر عليّا؟ (Family program)

Script:
لو القريب اتأخر فى الدفع، هل ده هيأثر عليًا؟
لا، العميل الأساسي مش بيتأثر، كل عميل هيكون مسؤول عن الحد الائتماني الخاص به.
CF -> Inquiry -> Inquiry about Family program"
1269,ea203d8974c15b29ab92887b64cf35b4,0,halan,CF,Inquiry,Technical Issue,No,ok,Inquiry about Family program applying steps,إيه الخطوة اللي بعد تأكيد الطلب؟ (Family program),yes,"Vertical: CF | Type: Inquiry | Issue: Technical Issue | Escalation: No

Question EN: Inquiry about Family program applying steps
Question AR: إيه الخطوة اللي بعد تأكيد الطلب؟ (Family program)

Script:
إيه الخطوة اللى بعد تأكيد الطلب؟
الشخص اللي أضفته بيوصله رسالة التأكيد ويقدر يروح لأقرب نقطة تفعيل (Mall - Circle K) ويُمضي على الطلب.
CF -> Inquiry -> Inquiry about Family program applying steps"
1270,a70444bf34555ff28859a7f71770c10d,0,halan,CF,Inquiry,Non-Technical Issue,No,ok,Inquiry about Family program,هل كل الناس تقدر تقدم؟ (Family program),yes,"Vertical: CF | Type: Inquiry | Issue: Non-Technical Issue | Escalation: No

Question EN: Inquiry about Family program
Question AR: هل كل الناس تقدر تقدم؟ (Family program)

Script:
هل كل الناس تقدر تقدم؟
الخدمة متاحة فقط لعملاء credit scoring فقط.
CF -> Inquiry -> Inquiry about Family program"
1271,87100b61efaf58a7bbbcecb3bca17bcb,0,halan,CF,Inquiry,Technical Issue,No,ok,Inquiry about Family program,هل الشخص اللي أضفته هيبقى مرتبط بيا؟ (Family Program),yes,"Vertical: CF | Type: Inquiry | Issue: Technical Issue | Escalation: No

Question EN: Inquiry about Family program
Question AR: هل الشخص اللي أضفته هيبقى مرتبط بيا؟ (Family Program)

Script:
هل الشخص اللى أضفته هيبقى مرتبط بيا؟
لا، بمجرد ما يوقع العقد بيكون عميل مستقل تمامًا ومالوش علاقة بحضرتك في السداد.
CF -> Inquiry -> Inquiry about Family program"
1272,33727522391858539315dc47a6be0f71,0,halan,CF,Inquiry,Non-Technical Issue,No,ok,Wrong invitation link - Family program,بيدخله علي التطبيق Family program  عميل يشكوا ان اللينك الخاص ب,yes,"Vertical: CF | Type: Inquiry | Issue: Non-Technical Issue | Escalation: No

Question EN: Wrong invitation link - Family program
Question AR: بيدخله علي التطبيق Family program  عميل يشكوا ان اللينك الخاص ب

Script:
عميل يشكوا ان اللينك الخاص ب Family program بيدخله علي التطبيق:
في حالة ان اللینك مش بیدخل العمیل انه یضیف بیانات (العميل المدعو) هنعتذر للعمیل و هنوضحله انه سیتم حل المشكله ف اسرع وقت و نعمل الشکوي
CF -> complaint-> non tech -> Wrong invitation link - Family program"
1273,1ada8e199667566193e5360dbbe39f65,0,halan,CF,Complain,Non-Technical Issue,Yes,ok,Complaint about courier / staff behavior,شکوى عميل من طريقه المندوب,yes,"Vertical: CF | Type: Complain | Issue: Non-Technical Issue | Escalation: Yes

Question EN: Complaint about courier / staff behavior
Question AR: شکوى عميل من طريقه المندوب

Script:
القسم الأول: شكوى عميل من طريقه المندوب (courier):
في البداية بعتذر لحضرتك عن اللي تم.
استأذنك توضحلي (الرقم القومي – الرقم اللي مقدم بيه – الاسم رباعي).
ممكن توضحلي اسم المندوب و رقمه اللي تم التواصل مع حضرتك بيه.
بنحاول نهندل العميل مثال لو العميل اشتكى من تاخير المندوب: بعتذر جدا لحضرتك بس دا اكيد مش مقصود تاخير وصول المندوب لامضاء العقد و إن شاء الله مش هتكرر مع حضرتك تاني.
- لو العميل اتهندل بنعملها No - لو لا بتبقى Yes.
- CRM: Complaint → Against staff → courier → Bad Attitude or Unwilling to help → Escalated No / Yes

القسم الثاني: شكوى عميل من طريقه المندوب (Circle K & Malls):
في البداية بعتذر لحضرتك عن اللي تم.
استأذنك توضحلي (الرقم القومي – الرقم اللي مقدم بيه – الاسم رباعي).
بنسأل العميل اسم الفرع ---- راح امتا الفرع ---- اسم الموظف.
بنحاول نهندل العميل.
- لو العميل اتهندل بنعملها No - لو لا بتبقى Yes.
- CRM: Complaint → Against staff → Circle K & Malls → Bad Attitude or Unwilling to help → Escalated No / Yes"
1275,da1d61352b2c5a17a8519ae539aba896,0,halan,Pay,Request,Non-Technical Issue,Yes,ok,Employee wants to deactivate lending salary service,موظف يريد الغاء خدمة الراتب المبكر,yes,"Vertical: Pay | Type: Request | Issue: Non-Technical Issue | Escalation: Yes

Question EN: Employee wants to deactivate lending salary service
Question AR: موظف يريد الغاء خدمة الراتب المبكر

Script:
موظف يريد الغاء خدمة الراتب المبكر
Pay <- Request <- Employee wants to deactivate lending salary service
-Escalation:Yes
ممكن اعرف هل في اى مشكلة بتقابل حضرتك؟ ( هيتم مساعدة العميل ). حضرتك مش محتاج تلغى الخدمة لانى الخدمة مجانا ولما تحتاج تستخدمها هتكون متاحة للاستخدام.
لو العميل مصر علي الالغاء .. هنقدم للعميل طلب وبيتم الرد خلال 24 ساعة عمل .. مع كتابة الشركة الخاصة بالعميل في التكت
لازم نكتب سبب الالغاء في التيكت"
1297,425c641d482f5c3f9feb84a79fd57925,0,halan,Saving,Request,Non-Technical Issue,Yes,ok,Customer wants to cancel Hala Tahweesh service,لو العميل طلب الالغاء لخدمه حالا تحويش,yes,"Vertical: Saving | Type: Request | Issue: Non-Technical Issue | Escalation: Yes

Question EN: Customer wants to cancel Hala Tahweesh service
Question AR: لو العميل طلب الالغاء لخدمه حالا تحويش

Script:
لو العميل طلب الالغاء لخدمه حالا تحويش:
في البدايه محتاجين نسأل العميل عن السبب علشان نقدر نساعده ونكتب السبب في التيكت.

السيناريو 1 (حالته: متقدم / جارى طباعه):
بيلغى من خلالنا ع السيستم بنراجع معاه البيانات ويكلمنا من نفس الرقم الموبيل.
- CRM: Request → Cancel the registration → Escalation Needed No

السيناريو 2 (حالته: متجه للفرع او مندوب + بيانات غلط بالإنجليزي او عنوان غلط):
بنوضح للعميل اننا هنلغى الطلب دا ويقدم مره تانيه وان يدخل جميع بياناته صح. بنلغى من خلالنا ع السيستم. (البيانات هتتبعت لليزا على الوتساب وهناخذ من العميل Extra Verification: العنوان - تاريخ انتهاء الرقم القومى - تاريخ الميلاد).
- CRM: Request → Cancel the registration → Escalation Needed No

السيناريو 3 (حالته: متجه للفرع او مندوب + الرقم القومى غلط او اي بيانات):
بنعتذر للعميل و بنلغي الطلب دا و بنخليه يقدم مره تانيه من خلال الـ app.
- CRM: Request → Cancel the registration → Escalation Needed No

السيناريو 4 (جارى توصيل العقد والعميل عايز يلغى):
بنراجع معاه البيانات ويكلمنا من نفس الرقم الموبيل.
- CRM: Request → Cancel the registration → Escalation Needed No

السيناريو 5 (الحساب اتفعل):
للأسف مفيش اي امكانيه للالغاء. العميل يقدر مايعملش اي معاملات ماليه ع الحساب فقط.
- CRM: Request → Cancel the registration → Escalation Needed No

السيناريو 6 (الحساب اتفعل والعميل اصر على الالغاء):
بنراجع معاه البيانات ويكلمنا من نفس الرقم الموبيل.
- CRM: Request → Cancel the registration → Escalation Needed Yes"
1299,25020ea912b65d609947f6501dc9ac67,0,halan,CF,Request,Non-Technical Issue,No,ok,Customer wants a copy of the contract,العميل يريد نسخه من العقد,yes,"Vertical: CF | Type: Request | Issue: Non-Technical Issue | Escalation: No

Question EN: Customer wants a copy of the contract
Question AR: العميل يريد نسخه من العقد

Script:
العميل يريد نسخه من العقد:

ملحوظة عامة: العميل ينفع يمضي عقدين بنفس الرقم القومي؟ لا يوجد امكانيه يافندم.

السيناريو الأول (العميل مضي العقد خلاص):
بعد ما يتم امضاء العقد للأسف لا يوجد امكانيه.
- Escalation: No
- CRM: Request → Copy of Contract → Escalation Needed No

السيناريو الثاني (العميل لسه هيمضي العقد):
ممكن نبعت لتيم التوصيل يوصل للعميل عقدين، او العميل يقدر يصور العقد ع الموبيل بعد ما يمضيه.
- Escalation: Yes
- CRM: Request → Copy of Contract → Escalation Needed Yes"
1313,c0e2e69bb7f75531b431bae0da2ae7cf,0,halan,Saving,Complain,Financial Issue,Yes,ok,Deposit or withdrawal not reflected in customer account,عميل عمل ايداع او سحب والعمليه لم تسمع فى حسابه؟,yes,"Vertical: Saving | Type: Complain | Issue: Financial Issue | Escalation: Yes

Question EN: Deposit or withdrawal not reflected in customer account
Question AR: عميل عمل ايداع او سحب والعمليه لم تسمع فى حسابه؟

Script:
عميل عمل ايداع او سحب والعمليه لم تسمع فى حسابه:

لو العميل مش مكلمنا من نفس رقم الموبيل اللى مسجل بيه الخدمه بنوضح للعميل بشكل عام الخدمه بتسمع ف خلال 3 ايام عمل (لو حساب بنكي - تحويل بنكي) ف خلال 48 ساعه (لو محفظه الكترونيه). لو العميل سأل ف تفاصيل اكتر يتواصل معانا من نفس الرقم الموبيل اللى مسجل بيه الخدمه.

المحفظه الإلكترونيه:
بيتم تسميع العمليه فى خلال 48 ساعة عمل من غير الجمعة والسبت والإجازات الرسمية (لو ف حاله الإيداع فقط) - ف حاله السحب في خلال 48 ساعة.
- CRM: Complaint → Financial → Amount is not reflected to customer Wallet → Escalation Needed No

حساب التحويش:
بيتم تسميع العمليه فى خلال 3 ايام عمل من غير الجمعة والسبت والإجازات الرسمية.
- CRM: Complaint → Financial → Amount is not reflected to Saving → Escalation Needed No

الحساب البنكي:
بيتم تسميع العمليه ف خلال 3 ايام عمل على حساب البنكي الخاص بحضرتك من غير الجمعة والسبت والإجازات الرسمية.
- CRM: Complaint → Financial → Amount is not reflected to bank account → Escalation Needed No

كارت حالا:
لو العميل عمل عمليه سحب علي كارت حالا و مسمعتش ف لحظتها بنعتذر للعميل بنوضح ليه دا بيحصل بسبب network issue وان العمليه بتبقى لحظيه و بيقدم شكوي و بيتم حلها ف اقرب وقت.
- CRM: Complaint → Financial → Amount is not reflected to Halan Card → Escalation Needed Yes"
1314,aec5c548269754cdb63c2893140b7ac8,0,halan,Saving,Inquiry,Non-Technical Issue,No,ok,Deposit steps via electronic wallet,خطوات الايداع من المحفظة الاليكترونيه,yes,"Vertical: Saving | Type: Inquiry | Issue: Non-Technical Issue | Escalation: No

Question EN: Deposit steps via electronic wallet
Question AR: خطوات الايداع من المحفظة الاليكترونيه

Script:
خطوات الايداع من المحفظة الاليكترونيه:
- هيطلب من العميل يدخل رقم الموبايل المسجل على المحفظة الالكترونية، ويكتب مبلغ الايداع، ويضغط تأكيد المبلغ.
- هيتم ارسال رسالة نصية فيها التعليمات او اشعار من التطبيق فيه OTP. العميل يضغط عليها علشان يدخل على تطبيق المحفظة الالكترونية، وهيوصله اشعار جوه المحفظة يأكد منه السحب والايداع في حساب التحويش.
- بعد الموافقة في تطبيق المحفظة، العملية بتتسمع في خلال 48 ساعة عمل من غير الجمعة والسبت والاجازات الرسمية (في حالة الايداع). في حالة السحب برضه في خلال 48 ساعة.
- بعد اتمام الايداع، الرصيد المتاح هيظهر في تفاصيل حساب التحويش والعميل يقدر يبدأ التحويش.
- بعد الايداع لازم العميل يشتري وحدات. التحويش بيتم فعليا بعد شراء الوحدات، والفائدة بتبدأ تنزل بعد 24 ساعة عمل من اتمام عملية التحويش.
- Escalation: No
- CRM: Inquiry → How to deposits – Withdraw Money → Escalation Needed No
"
1317,9da8db88eefe57b79c73eafef9ab94db,0,halan,CF,Inquiry,Technical Issue,No,ok,Clearance,عميل بيسأل استلم المخالصة منين,yes,"Vertical: CF | Type: Inquiry | Issue: Technical Issue | Escalation: No

Question EN: Clearance
Question AR: عميل بيسأل استلم المخالصة منين

Script:
عميل بيسأل استلم المخالصة منين ؟؟
Instant Approval
فرع مشروعي أو تساهيل
لازم نفرق بين booth مول العرب وساعات عمل إدارة حالا في مول العرب:
Booth مول العرب:يجب على الموظف الالتزام بإجراءات ""نقاط التفعيل""، لأنها مجرد نقطة تفعيل ""لاستلام كارت حالا - توقيع عقد CF وغيرها"" من الإجراءات المشابهة.
.
إدارة حالا في مول العرب : مخصصة فقط لاستلام المخالصات، وساعات العمل من 11:00صباحًا حتى 3:00 عصرًا، وأيام الجمعة والسبت إجازة.
استأذنك ممكن تشرفنا في الفرع اللي حضرتك قدمت فيه الاوراق للحصول علي المخالصة."
1318,340eb3102b105c2c9fa66fc9921f125c,0,halan,Saving,Inquiry,Non-Technical Issue,No,ok,What is Hala Tahweesh service and terms of application?,ما هي خدمة حالا تحويش و الشروط الخاصة بالتقديم؟,yes,"Vertical: Saving | Type: Inquiry | Issue: Non-Technical Issue | Escalation: No

Question EN: What is Hala Tahweesh service and terms of application?
Question AR: ما هي خدمة حالا تحويش و الشروط الخاصة بالتقديم؟

Script:
ما هي خدمة حالا تحويش والشروط الخاصة بالتقديم؟
كلمات ممنوعة: استثمار، بورصة، بنك.

بنقدم لحضرتك فرصة أنك تحوش فلوسك، وتحصل على أعلى عائد يومي في مصر يصل الى 21% سنوي من غير مصاريف اداريه ولا حد ادني وتقدر تتابع أرباحك بشكل يومي. (الفائده متراكمه)

- رقم الهاتف لازم يكون مسجل باسمك حضرتك علشان لو مش مسجل باسمك هيبقى في مشكله في تغيير الرقم بعد كدا.
- تقدر تحول من حسابك البنكي او انستا باي لحساب حالا تحويش، او اي محفظة الكترونية تشحن منها حسابك وتشتري وحدات تحويش. في حالة حبيت تحصل على جزء من الأرباح الخاصة بيك تقدر كمان تسحب فلوسك في اي وقت تحبه.
- طرق السحب: حالا كارت، انستا باي، محفظة الكترونيه، حساب بنكي.
- يقدر يقدم من حد ادني سن 15 سنه لمضي العقد.
- لو العميل طلب نسخه من العقد يقدر يبلغ الشخص اللي بيتواصل معاه لتأكيد البيانات (النسخه بتوصل للعميل غير ممضيه من الشركه).
- يجب ان تكون جميع الحسابات البنكية والمحافظ الإلكترونية المستخدمة باسمك الشخصي.
- كل ما حضرتك بتسيب فلوسك اكثر ف الصندوق (الاسهم - الوحدات) و تستثمر كل ما العائد بيزيد معاك بشكل يومي عكس لما الفلوس تفضل ف الحساب الجاري او تعمل بيع وشراء للوحدات يوميا.
- مثال: العميل لو عمل ايداع ب 1000 جنيه → 1000×21% = 210 جنيه سنوي يعني 210/365 = 0.57 جنيه يومي → تاني يوم هيبقوا 1000.57 → تاني يوم العائد هينزل على ال 1000.57 مش ال 1000.
- ملحوظه هامه: الفلوس لازم تدخل من حسابات باسمك وتطلع ع حسابات باسمك ومينفعش تبقي باسم حد تاني ده للأمان وموجود في العقد.

- Escalation: No
- CRM: Inquiry → General inquiry → Escalation Needed No"
1319,c6162f36cad15a81b049492f21bdaa5f,0,halan,Saving,Inquiry,Non-Technical Issue,No,ok,What guarantees protect my money?,ايه الضمانات اللي اقدر احافظ بيها علي فلوسي؟,yes,"Vertical: Saving | Type: Inquiry | Issue: Non-Technical Issue | Escalation: No

Question EN: What guarantees protect my money?
Question AR: ايه الضمانات اللي اقدر احافظ بيها علي فلوسي؟

Script:
ايه الضمانات اللي اقدر احافظ بيها علي فلوسي؟
- منتج حالا تحويش مرخص ومراقب من هيئة الرقابة المالية.
- بيتم تحويش فلوسك في صندوق ادخار بالشراكة مع شركة أزيموت، ""اسم الصندوق: AZ-Halan""، صندوق ذو عائد متغير، نسبه المخاطر قليله.
- حضرتك بناءا علي كده بتضمن ليك الحصول على أعلى عائد يومي في مصر يصل الى 21% سنوي وفي الوقت الحالي الصندوق ده عامل ارباح ع السنة حوالي 21.8%.
- Escalation: No
- CRM: Inquiry → General inquiry → Escalation Needed No"
1321,b83de60462965d82884e485e4b90ef50,0,halan,Saving,Inquiry,Non-Technical Issue,No,ok,Deposit steps via Instapay / Bank Transfer,خطوات الايداع من Instapay - تحويل بنكي,yes,"Vertical: Saving | Type: Inquiry | Issue: Non-Technical Issue | Escalation: No

Question EN: Deposit steps via Instapay / Bank Transfer
Question AR: خطوات الايداع من Instapay - تحويل بنكي

Script:
خطوات الايداع من Instapay - تحويل بنكي:
فتح تطبيق Instapay → خدمات → تحويل ارسال الى → الحساب بنكي → اختار بنك مصر.
- اسم المستفيد: MNT-Halan holding for financial investments
- رقم حساب المستفيد: 1990010100008771
- اكتب المبلغ المراد ايداعه وتأكد من البيانات وأكد بالرقم السري الخاص بحساب Instapay.
- خذ لقطة شاشة (سكرين شوت) لتأكيد النجاح.
- بعد كده افتح تطبيق حالا → حالا تحويش → ايداع → اختار طريقة الايداع → تأكيد → اكتب المبلغ → ارفع لقطة الشاشة → اكتب رقم الشحنة → تأكيد.
- بيتم تسميع في خلال 3 أيام عمل.
- بعد تمام عمليه الايداع يتم شراء الوحدات من خلال العميل. الفائدة بتنزل بعد 24 ساعه عمل من تمام عمليه التحويل.
- الحد الاقصي للعمليه الواحدة ف Instapay: 70,000 جنيه وفي اليوم: 120,000 جنيه.

بينفع اخد سكرين للمعامله؟
التطبيق مبيسمحش باخذ لقطة شاشة بس تقدر تضغط على المعاملة وتنزل تحت خالص هتلاقى مكتوب ""مشاركة إيصال"" هتضغط عليها واعمل مشاركة للواتساب.
- Escalation: No
- CRM: Inquiry → How to deposits – Withdraw Money → Escalation Needed No"
1322,1124a84f9cba5fb195033851c29117ab,0,halan,Saving,Inquiry,Non-Technical Issue,No,ok,Deposit steps via Bank deposit,خطوات الايداع من ايداع البنكي,yes,"Vertical: Saving | Type: Inquiry | Issue: Non-Technical Issue | Escalation: No

Question EN: Deposit steps via Bank deposit
Question AR: خطوات الايداع من ايداع البنكي

Script:
خطوات الايداع من ايداع البنكي:
العميل بيقدر يتوجه لأي بنك يعمل ايداع للمبلغ (بنك مصر اي فرع قريب ليه يقدر يعمل الايداع او اي بنك تاني عادي هيبقي تحويل بنكي).
- عنوان المستفيد: 2 شارع لبنان - العجوزه، الجيزه
- اسم المستفيد: MNT tech Holding for Financial Investments
- رقم حساب المستفيد: 1860001000009774
- بعد تنفيذ الايداع: يفتح تطبيق حالا → حالا تحويش → حوش → اشحن رصيدك → ايداع → اختار طريقه الايداع → تأكيد → اكتب المبلغ → ارفع صوره العمليه → اكتب رقم التليفون المستخدم → تأكيد.
- بيتم تسميعه في خلال 3 ايام عمل.
- بعد اتمام عمليه الايداع بيتم شراء الوحدات من جانب العميل. الفائدة بتنزل بعد 24 ساعه عمل من اتمام عمليه التحويش.
- العميل بيكتب المبلغ صافي من غير مبلغ رسوم مصرفيه - اداريه.
- Escalation: No
- CRM: Inquiry → How to deposits – Withdraw Money → Escalation Needed No
"
1328,324be42de3da576d89d04fbb5b2851fb,0,halan,CF,Request,Non-Technical Issue,No,ok,Customer Activation process (Halan),تاجر يريد الانضمام لدينا (Halan),yes,"Vertical: CF | Type: Request | Issue: Non-Technical Issue | Escalation: No

Question EN: Customer Activation process (Halan)
Question AR: تاجر يريد الانضمام لدينا (Halan)

Script:
* تاجر يريد الانضمام لدينا:
CF -> Request -> Customer Activation process
Escalation: No
استاذن حضرتك ممكن تبعت الأوراق على الايميل CFpartnerships@halan.com والاوراق هى :
- مستخرج حديث من السجل التجاري
- البطاقة الضريبية الإلكترونية
- البطاقة الشخصية للمالك أو لمن له حق التوقيع في السجل التجاري
- صورة التوكيل الرسمي (في حالة ان التاجر موكل شخص آخر).
- رقم موبايل التاجر
- صور للمعرض الخاص بالتاجر وعنوانه بالتفصيل
وسيتم التواصل مع حضرتك في خلال 48 ساعة عمل من ارسال الورق."
1329,c5ec9bc628d65d729ab5fde9643e0534,0,halan,CF,Complain,Technical Issue,Yes,ok,Customer can't apply through direct sales (قدم مجدداً),في حالة العميل غير قادر علي التقديم من التطبيق او من خلال نقاط التفعيل و يظهر (قدم مجدداً),yes,"Vertical: CF | Type: Complain | Issue: Technical Issue | Escalation: Yes

Question EN: Customer can't apply through direct sales (قدم مجدداً)
Question AR: في حالة العميل غير قادر علي التقديم من التطبيق او من خلال نقاط التفعيل و يظهر (قدم مجدداً)

Script:
في حالة العميل غير قادر علي التقديم من التطبيق او من خلال نقاط التفعيل و يظهر (قدم مجدداً):
نتأكد من الـ credit scoring ان العميل ظاهر (قدم مجدداً).
هنعتذر للعميل و هنوضحله اننا هنقدم طلب و خلال 48 ساعة عمل هنتواصل معاه.
و ناخد بيانات العميل كامله تكون ف التيكت.
- Escalation: Yes
- CRM: CF → Complaint → Tech → customer can't apply through direct sales (قدم مجدداً)"
1336,9922b24ea11d5017a59aadfc4d04c553,0,halan,Saving,Complain,Technical Issue,Yes,ok,Customer deposited in Tahweesh but can't withdraw,عميل عمل ايداع لمبلغ في حساب التحويش ومش قادر يسحبها مره تاني,yes,"Vertical: Saving | Type: Complain | Issue: Technical Issue | Escalation: Yes

Question EN: Customer deposited in Tahweesh but can't withdraw
Question AR: عميل عمل ايداع لمبلغ في حساب التحويش ومش قادر يسحبها مره تاني

Script:
عميل عمل ايداع لمبلغ في حساب التحويش ومش قادر يسحبها مره تاني:

لو لم تتعدى 48 ساعة عمل:
في حالة العميل غير قادر بسحب المبلغ علي (Halan Card – Bank Account – Wallet) هنوضح للعميل انه مازال ف خلال المده 48 ساعه عمل لان المبلغ بيكون ف رصيد التحويش المحجوز.
علي سحب الفلوس من الحساب الجاري قد يكون لديه قرض مضمون بالمبلغ المودع لذلك يتم التأكد من خلال البورتال من المبلغ المجمد.

Halan Card:
ف حاله ظهور العمليه فشله: بتوضح للعميل ان يحاول سحب الفلوس باي طريقه اخري زي (wallet - bank account) او انه يقدر يتابع علي مدار اليوم.
ف حاله ظهور العمليه قيد التنفيذ: بنطلب من العميل يبعت سكرين علي الوتساب +20216303 بالمشكله و يتابع علي مدار اليوم.

لم تتعدى 48 ساعة:
- CRM: Complaint → Technical → Unable to transfer – Withdrew Money → Escalation Needed No

تعدت 48 ساعة عمل من شراء الوحدات:
- CRM: Complaint → Technical → Unable to transfer – Withdrew Money → Escalation Needed Yes"
1339,43c72febabbc5aeea4a39384c96fed72,0,halan,Gold,Inquiry,Non-Technical Issue,No,ok,How to Apply (Gold),ازاي اقدر اقدم علي خدمة حالا للدهب ؟,yes,"Vertical: Gold | Type: Inquiry | Issue: Non-Technical Issue | Escalation: No

Question EN: How to Apply (Gold)
Question AR: ازاي اقدر اقدم علي خدمة حالا للدهب ؟

Script:
إزاى اقدر اقدم على خدمة حالا للذهب ؟
Gold -> Inquiry -> How to Apply
• عشان تقدر تثبت سعر الذهب بسعر دلوقتى , ممكن حضرتك تفتح التطبيق معايا دلوقتي وتختار من ال7 منتجات المتوفرين وهيتواصلوا معاك ف خلال 48 ساعه لأنهاء اجراءات عملية الشراء.
• لو مش متوفر انترنت , تقدر تقدم الطلب بعد ما تقفل معايا وهيتواصلوا معاك."
1340,e5d0e49102ac5d298536510486a453d7,0,halan,Gold,Complain,Technical Issue,Yes,ok,Unable to apply,عميل يشتكي من ظهور رسالة خطأ اثناء التقديم في خدمة حالا جولد ؟,yes,"Vertical: Gold | Type: Complain | Issue: Technical Issue | Escalation: Yes

Question EN: Unable to apply
Question AR: عميل يشتكي من ظهور رسالة خطأ اثناء التقديم في خدمة حالا جولد ؟

Script:
عميل يشتكي من ظهور رسالة خطأ أثناء التقديم فى خدمة حالا جولد ؟
Gold -> Complaint -> Technical -> Unable to apply
نتأكد من قيمة الذهب اللي العميل بيشتريه ميكونش اكثر من الحد الائتماني الخاص بالعميل .. الحد الاقصى (مليون جنية) حسب الاستعلام."
1341,fb4a0ba1cc705cb1a2a734dfb1b11c64,0,halan,Saving,Inquiry,Non-Technical Issue,No,ok,How to withdraw money,ازاي أقدر اسحب الفلوس,yes,"Vertical: Saving | Type: Inquiry | Issue: Non-Technical Issue | Escalation: No

Question EN: How to withdraw money
Question AR: ازاي أقدر اسحب الفلوس

Script:
ازاي أقدر اسحب الفلوس:
من الصفحة الرئيسية يتم الضغط على استثماره في اسفل الصفحة → الحساب الجاري → سحب → حدد طريقة السحب.

المحفظة الإلكترونية:
ادخل رقم الموبايل اللي عليه المحفظة → اضغط متابعة → اكتب المبلغ → تأكيد.
بعد تأكيد الطلب فلوسك هتوصلك في خلال 48 ساعه على محفظتك الإلكترونية وتقدر تسحبها فأي وقت.

الحساب البنكي:
اكتب المبلغ → اختار الحساب البنكي → ادخل بياناتك (اسم البنك - الاسم رباعي - رقم الحساب - الفرع التابع له) → التالي → تأكيد السحب.
سيتم تأكيد العمليه ف خلال 3 أيام عمل.

حالا كارت:
اكتب المبلغ → اختار كارت حالا → حد اقصي للسحب 30 الف ف اليوم → تأكيد المبلغ → ادخل الرقم السري الخاص بالكارت → تأكيد. المعاملة لحظيه بدون مصاريف.

- Escalation: No
- CRM: Halan → Inquiry → How to deposits and withdrew money → Escalation No"
1348,6a3cd86cef0d5ff2a9fdc87673541f80,0,halan,Gold,Request,Non-Technical Issue,Yes,ok,Customer asks about how to receive the gold and pickup location,في حالة سؤال العميل عن كيفية استلام الذهب و مكان الاستلام,yes,"Vertical: Gold | Type: Request | Issue: Non-Technical Issue | Escalation: Yes

Question EN: Customer asks about how to receive the gold and pickup location
Question AR: في حالة سؤال العميل عن كيفية استلام الذهب و مكان الاستلام

Script:
في حالة سؤال العميل عن كيفية استلام الذهب و مكان الاستلام:
هنوضح للعميل انه فى خلال اقرب وقت هيتم التواصل لتوضيح.
- Escalation: Yes
- CRM: Gold → Request → asked to receive the gold"
1350,ee536a984ac9502f8fb00b30144f77d0,0,halan,CF,Inquiry,Technical Issue,No,ok,Inquiry about Installments details (Halan),عميل يستفسر عن ميعاد دفع االأقساط (Halan),yes,"Vertical: CF | Type: Inquiry | Issue: Technical Issue | Escalation: No

Question EN: Inquiry about Installments details (Halan)
Question AR: عميل يستفسر عن ميعاد دفع االأقساط (Halan)

Script:
* عميل يستفسر عن ميعاد دفع الأقساط؟
أي عملية شراء من يوم ١ فى الشهر الى يوم ١٥ من نفس الشهر، يكون تاريخ القسط يوم ١ من الشهر التالي: ٥ على سبيل المثال: تاريخ الشراء ٣/١، بالتالي يكون تاريخ القسط ٤/١
علماً بأن أي عملية شراء من يوم ١٦ في الشهر الى يوم ٣١ من نفس الشهر، يكون تاريخ القسط يوم ١ من الشهر بعد التالي ٥ على سبيل المثال: تاريخ الشراء ٣/١٦، بالتالي يكون تاريخ القسط ٥/١
ملحوظة:
۔ في حالة إن العميل قال إن الفرع طلب منه يدفع أقساط مقدم "" حضرتك يا فندم بترجع للفرع بيوضحلك التفاصيل الخاصة بالأقساط ""
القسط بيظهر على ماكينة فورى اول يوم في الشهر. مثال: العميل هيدفع القسط 10/1, لو العميل ذهب لماكينة فورى يوم 9/30 القسط هيكون مش ظاهر على ماكينة فورى فبالتالي لا يستطيع دفع القسط لو عميل مكود مشروعي وتساهيل وظاهر ميعاد دفع القسط شهر معين هنرجع شهر قبله ونقوله دا ان دا معاد دفع القسط .. مثال: لو ظاهر اول قسط شهر 9 هنقوله المستحق شهر 8
الآن يمكن للعميل دفع القسط التالي مقدمًا من التطبيق فقط و شهر 1 مقدم فقط = على سبيل المثال، في شهر يوليو ويمكننا دفع قسط شهر أغسطس.
الأقساط >
مستحقة السداد بترتيب الأشهر
1. قسط أغسطس 2024 يدفع في أقرب وقت
1029.0 جنيه"
1358,c6de0258d9915cbdac290d68514f2d40,0,halan,Commerce,Request,Technical Issue,No,ok,courier service (Halan),عميل يستفسرعن خدمات توصيل أو شحن حالاً (Halan),yes,"Vertical: Commerce | Type: Request | Issue: Technical Issue | Escalation: No

Question EN: courier service (Halan)
Question AR: عميل يستفسرعن خدمات توصيل أو شحن حالاً (Halan)

Script:
* عميل يستفسر عن خدمات توصيل أو شحن حالاً:
Halan-> request -> courier service request Halan -> inquiry -> inquiry about courier service request
-Escalation: No
بعتذر لحضرتك جدا الخدمة غير متوفرة"
1367,0a1ba21d0fd65c0b958b3d77df0f5917,0,halan,Pay,Inquiry,Technical Issue,No,ok,Salary Advance limit not satisfying for customer,عميل يشكوا ان الليمت اللي نزله في الراتب المبكر اقل من اللي مضي عليه,yes,"Vertical: Pay | Type: Inquiry | Issue: Technical Issue | Escalation: No

Question EN: Salary Advance limit not satisfying for customer
Question AR: عميل يشكوا ان الليمت اللي نزله في الراتب المبكر اقل من اللي مضي عليه

Script:
عميل يشكوا ان الليمت اللى نزله فى الراتب المبكر اقل من اللى مضى عليه:
Pay -> Inquiry -> Salary Advance limit not satisfying for customer
بنوضح للعميل انه بيمضي علي اعلي ليميت ممكن يوصله وبناء علي رد ال HR بينزل الليمت للعميل.
يعنى الليمت بيتحدد من الHR فقط بناء علي الاستقطاعات من مرتب العميل .. لو مرتب حضرتك يسمح باستقطاعات اعلي ممكن ترجع لل HR يطلب زيادة الليمت الخاص بالراتب المبكر."
1368,be77899bb65b5b3299d2b3da5f1d9d01,0,halan,CF,Complain,Non-Technical Issue,No,ok,Card Early Settlement (Halan),(Halan) عميل يستفسر عن السداد المبكر لمعامله بكارت حالا (اول قسط اصبح مستحق),yes,"Vertical: CF | Type: Complain | Issue: Non-Technical Issue | Escalation: No

Question EN: Card Early Settlement (Halan)
Question AR: (Halan) عميل يستفسر عن السداد المبكر لمعامله بكارت حالا (اول قسط اصبح مستحق)

Script:
عميل يستفسر عن السداد المبكر لمعامله بكارت حالا (اول قسط أصبح مستحق) :
نعتذر للعمیل و بنوضحله ان السداد المبكر لمعاملات الکارت لازم تتم قبل ميعاد استحقاق اول قسط والمتاح للعميل حاليا السداد المبكر العادي (بنشرح للعميل السداد المبكر الطبيعي بتاعنا).
CF -> Inq -> inquiry about card early settlement في حالة العميل وضح انه حاول يعمل سداد مبكر قبل ميعاد الاستحقاق و واجهته اي مشكلة هتأکد من ال 4حاجات دي
عملت ايداع بقيمة المعاملة علي الكارت قبل ميعاد استحقاق القسط .1 نتأكد انه مدفعش اول قسط من CRM .2
وقت محاولة عمل السداد المبكر .. هل ايقونة ""قسط بكارت حالا"" كانت مغلقة ام لا؟ .3
نتأكد ان العميل مش عامل اي تغير لمدة القسط من CRM ""الاقساط بتكون Rescheduled' .4
لو كل الشروط متوفرة -> هيتم تحويله علي (كيو حالا كارت )
لو في اي شرط مش متوفر -> مش هيتم تحويل العميل و (بنشرح للعميل السداد
۔
المبكر الطبيعي بتاعنا).
CF -> Complaint -> tech -> Can't Make Card Early Settlement
Escalation: No"
1372,f6e8655c55bb56639f2fc7532024cf65,0,halan,CF,Inquiry,Non-Technical Issue,Yes,ok,Cash Loan SMS (Halan),رسالة زيادة قرض الكاش (Halan),yes,"Vertical: CF | Type: Inquiry | Issue: Non-Technical Issue | Escalation: Yes

Question EN: Cash Loan SMS (Halan)
Question AR: رسالة زيادة قرض الكاش (Halan)

Script:
عميل يستفسر عن رسالة زيادة قرض الكاش
بنوضح للعميل ان الرسالة اتبعتت لحضرتك لانتظامك ف سداد قرض الكاش (10 الف) , حضرتك هتتوجه للفرع لزيادة الليمت حسب الاستعلام والحالة الائتمانية لحضرتك
CF -> inquiry -> cash loan increase sms
شكوي عميل من عدم زيادة ليميت قرض الكاش:
لو العميل انه تم رفض الطلب بناء ع الاستعلام والفرع رفض -> هنوضح للعميل ان قرار الزيادة بيكون من خلال الفرع حسب الحالة الائتمانية.
Complain -> Against Staff ->unwilling to help ""Cash loan issue""
Escalation No
لو بيشتكي ان الفرع مساعدوش او مش عارفين معلومات عن الرسالة -> هنعتذر للعميل وهنوضحله انه هيتم تقديم شكوي بخصوص المشكلة و سيتم الرد خلال 48 ساعة عمل.
Complain -> Against Staff ->unwilling to help ""Cash loan issue""
Escalation Yes"
1379,991babe4f39459b7ae60dd58114ef0af,0,halan,CF,Inquiry,Non-Technical Issue,Yes,ok,Inquiry about Basata machine,عميل يسأل ايه هي ماكينة بساطة,yes,"Vertical: CF | Type: Inquiry | Issue: Non-Technical Issue | Escalation: Yes

Question EN: Inquiry about Basata machine
Question AR: عميل يسأل ايه هي ماكينة بساطة

Script:
* عميل يسأل ايه هى ماكينة بساطة؟
CF -> Inquiry -> Inquiry about Basata machine
- ماكينة بساطة هي ماكينة دفع ممكن تدفع قسط حالا عن طريقها ..
- بيتم دفع القسط عن طريق الرقم القومي او رقم الموبايل
بساطه:
Masary is now Basata حالا التمويل الاستهلاكي -دفع
الخدمة
عملية ناجحة
رقم العملية
532418636241
آوقت
19.11.2024 - 18:19:03
رقم العميل
156890000086
اسم العميل
وجيه تيست اكونت
رقم مرجعي
673cba589234ddc79ca32ff1
مبلغ العملية
1
تكلفة العملية
3.42
الملو الاجمالي
4.42 . م
Powered By Masary"
1380,5c201defea8a5083affb136e76e58019,0,halan,Gold,Inquiry,Non-Technical Issue,No,ok,How to pay the installments,عميل يستسفر عن طرق دفع القسط؟,yes,"Vertical: Gold | Type: Inquiry | Issue: Non-Technical Issue | Escalation: No

Question EN: How to pay the installments
Question AR: عميل يستسفر عن طرق دفع القسط؟

Script:
عميل يستفسر عن طرق دفع القسط؟
Gold -> Inquiry -> How to pay the installments
كريديت كارد (يجب دفع المبلغ المطلوب كما هو لا يمكن دفع جزء منه أو أكثر من المبلغ المطلوب) فوري عن طريق الكود 71822 متبوع برقم الموبايل او رقم البطاقة.
عن طريق محفظة حالاً.
عن طريق اي محفظة الكترونية (حالا كاش او اي محفظة تانية)
عن طريق كارت حالا (يجب على العميل قفل زر ""التقسيط بكارت حالا"" من التطبيق).
عن طريق اي ماكينة ""بساطة / مكسب/أمان""o-pay / بإستخدام رقم الموبايل او الرقم القومي
عن طريق InstaPay"
1382,b85f7e9e84d4597b93db88ed7b2e6f55,0,halan,CF,Complain,Technical Issue,Yes,ok,Unable to request a CF limit (Halan),عميل لا يستطيع طلب الحد الائتماني (Halan),yes,"Vertical: CF | Type: Complain | Issue: Technical Issue | Escalation: Yes

Question EN: Unable to request a CF limit (Halan)
Question AR: عميل لا يستطيع طلب الحد الائتماني (Halan)

Script:
عميل لا يستطيع طلب الحد الائتماني:
CF → Complaint → Technical → Unable to request a CF limit

يتم التأكد من خلال Admin Tool.

لو العميل مقدم علي حد ائتماني:
بنوضح للعميل حضرتك بالفعل مقدم علي حد ائتماني.
- Escalation: No

لو العميل مش مقدم علي حد ائتماني:
بنوضح للعميل يتأكد من:
- الانترنت / GPS
- تسجيل خروج ودخول
- تحديث التطبيق

لو المشكلة اتحلت:
- Escalation: No

لو المشكلة لسه موجودة:
- Escalation: Yes
- CRM: CF → Complaint → Technical → Unable to request a CF limit
"
1383,fa912d6939a753db97b09d348c2e3b0c,0,halan,CF,Request,Technical Issue,Yes,ok,Generating OTP (Halan),على طلب الشراء ( OTP) عميل يواجه مشكلة في عدم وصول كود التأكيد (Halan),yes,"Vertical: CF | Type: Request | Issue: Technical Issue | Escalation: Yes

Question EN: Generating OTP (Halan)
Question AR: على طلب الشراء ( OTP) عميل يواجه مشكلة في عدم وصول كود التأكيد (Halan)

Script:
عميل يواجه مشكلة فى عدم وصول كود التأكيد (OTP) على طلب الشراء :
CF <- Complaint <- Technical <- Generating OTP
لازم نأکد ع العمیل انه بیکتب ال otp مش بيعمله (نسخ -Copy) و یکون بیکتبه بالانجليزي مش بالعربي وفي بعض الاوقات بتوصل في قايمة Spam او block
مشكلة فردية
Global Issue
1
1
أستاذن حضرتك نتواجد في مكان به تغطية شبكة جيدة وتفعيل وضع الطيران والغاءه مرة اخرى
يتم تقديم طلب للدعم الفني
-Escalation :No
2
في حالة استمرار المشكله .. بيتم تقديم طلب للدعم الفني
-Escalation :Yes"
1385,2c618e57aecf5b6b92cb04a1a14d2c94,0,halan,General,Inquiry,Non-Technical Issue,No,ok,Inquiry about Nokia c12 Payment methods,Nokia c12 استفسار عميل عن طرق سداد الاقساط,yes,"Vertical: General | Type: Inquiry | Issue: Non-Technical Issue | Escalation: No

Question EN: Inquiry about Nokia c12 Payment methods
Question AR: Nokia c12 استفسار عميل عن طرق سداد الاقساط

Script:
- استفسار عميل عن طرق سداد الأقساط:
٥ البطاقة الائتمانية ( Debit \ Credit كارد )
٥ من خلال ماكينة فوري ( كود فوري لدفع اقساط ال CF ) عن طريق الرقم أو الرقم القومي. ٥ من خلال محفظة حالا
Nokia - Inquiry - inquiry about Nokia c12 Payment methods"
1386,efb4bc85c19f5780827c43ebf96c3156,0,halan,General,Inquiry,Non-Technical Issue,No,ok,Inquiry about payment method (Cash it),(Cash it) كيفية دفع الاقساط,yes,"Vertical: General | Type: Inquiry | Issue: Non-Technical Issue | Escalation: No

Question EN: Inquiry about payment method (Cash it)
Question AR: (Cash it) كيفية دفع الاقساط

Script:
كيفية دفع الأقساط
< كريديت كارد (يجب دفع المبلغ المطلوب كما هو لا يمكن دفع جزء منه أو أكثر من المبلغ المطلوب)
< فوري عن طريق الكود 71822 متبوع برقم الهاتف او رقم البطاقة
< عن طريق محفظة حالاً.
عن طريق اي محفظة الكترونية (حالا كاش او اي محفظة ثانية)
< عن طريق كارت حالا (يجب علي العميل قفل زر ""التقسيط بكارت حالا"" من التطبيق).
< عن طريق اي ماكينة ""بساطة / مكسب/أمان"" باستخدامك كود العميل
< عن طريق InstaPay
Cash It -> Inquiry -> Inquiry about payment method"
1387,cb56fda1677059139f2768728e7cfa09,0,halan,Pay,Complain,Non-Technical Issue,No,ok,Wrong recharge (Halan),عميل يشكوا من تحويل مبلغ علي محفظة بالخطأ (Halan),yes,"Vertical: Pay | Type: Complain | Issue: Non-Technical Issue | Escalation: No

Question EN: Wrong recharge (Halan)
Question AR: عميل يشكوا من تحويل مبلغ علي محفظة بالخطأ (Halan)

Script:
عميل يشكوا من تحويل مبلغ على محفظة بالخطأ:
CRM : Pay -complaint - financial - wrong charge Escalation No
بنوضح للعميل طرق شحن المحفظة وتسديد الأقساط من خلالها .. وهنوضحله ان المبلغ يقدر يستخدمه علي التطبيق لشراء منتجات او تسديد اقساط وشحن فواتیر و رصيد او من خلال شبكة التجار, لا يمكن تحويله علي محفظة تانية."
1388,6bcb5267dce051d9a61ad9cd8df7faec,0,halan,Gold,Request,Non-Technical Issue,Yes,ok,Confirmation on his request,طلب العميل مكالمة من القسم المختص في حالة مرور المهلة ومازال في انتظار الموافقة,yes,"Vertical: Gold | Type: Request | Issue: Non-Technical Issue | Escalation: Yes

Question EN: Confirmation on his request
Question AR: طلب العميل مكالمة من القسم المختص في حالة مرور المهلة ومازال في انتظار الموافقة

Script:
طلب العميل مكالمة من القسم المختص في حالة مرور المهلة ومازال في انتظار الموافقة:
في حالة مرور المهلة ولم يتم التواصل بيه يتم تقديم طلب والتواصل بيه في خلال يوم عمل . بيتم مراجعة البيانات (رقم الموبيل - الرقم القومي - الاسم بالكامل)
Gold -> Request -> Confirmation on his request
Activate Windo Cato Cattings ta r"
1391,d6a6253ae65953c1aac482ce4559568c,0,halan,Pay,Complain,Non-Technical Issue,No,ok,Card Early Settlement (wallet recharge) (Halan),عميل يريد السداد المبكر لمعاملة لحالا كارت لكن حول المبلغ علي محفظة حالا بالخطأ,yes,"Vertical: Pay | Type: Complain | Issue: Non-Technical Issue | Escalation: No

Question EN: Card Early Settlement (wallet recharge) (Halan)
Question AR: عميل يريد السداد المبكر لمعاملة لحالا كارت لكن حول المبلغ علي محفظة حالا بالخطأ

Script:
عميل يريد السداد المبكر لمعاملة لحالا كارت لكن حول المبلغ على محفظة حالا بالخطأ:
CRM: Pay -complaint - financial - Card Early Settlement (wallet recharge)
Escalation No
في حالة العميل قام بتحويل المبلغ علي المحفظة بدلا من ايداعه فی الکارت لسداد المبکر بمعامله الکارت ..
بنوضح للعميل طريقة تسديد الأقساط من المحفظة .. وهنوضحله ان المبلغ يقدر يستخدمه علي التطبيق لشراء
منتجات او تسدید اقساط وشحن فواتیر و رصيد او من خلال شبكة التجار, لا يمكن تحويله علي محفظة ثانية. وهنوضحله طرق الإيداع الصحيحة علي الكارت (Instpay- فوري عن طريق 46688 - من خلال ماكينات البنك العربي الافريقي)"
1393,5469db98717c5d279f87baebf1a2d242,0,halan,Commerce,Complain,Non-Technical Issue,No,ok,Custom Fees (Halan),عميل يشكوا من وجود ضريبه بعد الشراء عن طريق تطبيق حالا (Halan),yes,"Vertical: Commerce | Type: Complain | Issue: Non-Technical Issue | Escalation: No

Question EN: Custom Fees (Halan)
Question AR: عميل يشكوا من وجود ضريبه بعد الشراء عن طريق تطبيق حالا (Halan)

Script:
عميل يشكوا من وجود ضريبه بعد الشراء عن طريق تطبيق حالا:
Commerce -> complain -> non-technical -> Custom Fees Escalation: No
لو العميل مشترى المنتج من ""2b أو 2000 Dream"" .. هنوضح للعميل انه يزور أقرب فرع للتاجر اللي اشترى منه مع الفاتورة الضريبية لحل المشكلة.
لو من علي تطبيق حالا او اي تاجر اخر :
هنعتذر للعميل و هيتم توضيح تقديم طلب وسيتم الرد خلال اقرب وقت ممكن
هناخد الداتا دي ونبعتها في ميل لليدر المتاح
1. Product sealed or unsealed.
2. Screen from Telephony app.
3. IMEI 1, 2.
4. Screen from NTRA SMS if customer received it.
Delivery Date
Order Date
Seller
Product name
Transaction ID
ID
Mobile
Name"
1396,816150277c2158debf2b526b8941bd72,0,halan,CF,Complain,Financial Issue,No,ok,Deficiency Compensation,شكوى عميل من وصول منتج ناقص مخصوم من الفاتوره,yes,"Vertical: CF | Type: Complain | Issue: Financial Issue | Escalation: No

Question EN: Deficiency Compensation
Question AR: شكوى عميل من وصول منتج ناقص مخصوم من الفاتوره

Script:
Deficiency Compensation
(Missing - Quantity)
ف حاله الاوردر مدفوع كاش - closed wallet فقط
بنعتذر على نقص المنتج من الطلب الخاص بحضرتك ويستأذنك ممكن توضح لى الرقم اللى حضرتك طلبت بيه
لو لم يتم دفع ثمنه: ينعتذر لحضرتك جداً ده بيكون نتيجة خطا تحميل من المخزن وقت تحضير الأورير وتقدر تطلبه مرة تانية وقت ما يكون متوفر على التطبيق . (Escalation Needed: No)
same day: بنختارها yes or no علي حسب العميل اي علي السيستم
amount settled from invoice: بنختارها No دا بنختاره علي حسب المنتجات مخصومه من الفاتوره وممسوسه (مخصومه) ولا لا
شباب المنظر داف حالا جمله عميل كاش المفروض ان العميل مدفعش تمن المنتجات ف بنوضح للعميل ان واضح من خلالنا ان حضرتك مدفعتش تمن المنتجات، حابين ناكد علي حضرتك بمراجعة الاوردر لو فيه اي مشكله فى إي منتج من حيث الكمية او الكواليتى بيتم خصم تمنه من إجمالى الفاتوره
related to order > yes > call type> complaint > complaint type > financial"
1399,ccb0557a78255d30ae169f86f8a23033,0,halan,CF,Inquiry,Non-Technical Issue,No,ok,card early settlement deactivation SMS (Halan),عميل يشكوا انه لا يستطيع تفعيل السداد المبكر(45 يوم ),yes,"Vertical: CF | Type: Inquiry | Issue: Non-Technical Issue | Escalation: No

Question EN: card early settlement deactivation SMS (Halan)
Question AR: عميل يشكوا انه لا يستطيع تفعيل السداد المبكر(45 يوم )

Script:
عمیل یشکوا انه لا يستطيع تفعیل السداد المبكر(45 يوم ):
CF -> inquiry -> card early settlement deactivation SMS
هنطلب من العميل الرقم القومي -> وعلي CRM نشوف لو العميل مكود فين :
فرع مشروعي او تساهیل : هنوضح للعمیل انه تم إيقاف خدمة السداد المبکر خلال ( ٤٥ يومًا ) بدون فوائد و نوضح طرق السداد المبكر العادية (لو العميل سأل ع السداد مبكر)
Credit Scoring: هنأكد علي العميل ضرورة ايداع مبلغ المعاملة علي الكارت و و اتمام عملية السداد المبکر من خلال التطبيق قبل معاد استحقاق اول قسط."
1400,30bd602cbfd25bfa80c2abf60e67b5c3,0,halan,General,Inquiry,Technical Issue,No,ok,Inquiry about receiving loan method (Cash It),استفسار عميل عن طريقة استلام التمويل (Cash It),yes,"Vertical: General | Type: Inquiry | Issue: Technical Issue | Escalation: No

Question EN: Inquiry about receiving loan method (Cash It)
Question AR: استفسار عميل عن طريقة استلام التمويل (Cash It)

Script:
استفسار عميل عن طريقة استلام التمويل:
يتم الاستلام من خلال طريقتين: ٥ حساب بنكي - محفظة الكترونية - كارت حالا
ملحوظة مهمة : لازم يكون رقم المسجل باسمك وليس خط شركات او باسم شخص اخر ويكون نفس الرقم المسجل A علي التطبيق.
Cash It -> Inquiry -> Inquiry about receiving loan method"
1404,34fee8cbcf67592fb3eb72cb5a5c24fb,0,halan,Gold,Inquiry,Technical Issue,No,ok,General Inquiry,ما هي خدمة حالا جولد و الشروط الخاصة بالتقديم؟,yes,"Vertical: Gold | Type: Inquiry | Issue: Technical Issue | Escalation: No

Question EN: General Inquiry
Question AR: ما هي خدمة حالا جولد و الشروط الخاصة بالتقديم؟

Script:
ما هى خدمة حالا جولد والشروط الخاصة بالتقديم؟
Gold -> Inquiry -> General Inquiry
• دلوقتي بتقدم لحضرتك فرصة انك تشتري دهب بالتقسيط على 12 شهر و طبعا ده بيكون بسعر انهاردة وتقدر تستلمه بعد انتهاء المده , يعني اكنك اشتريت دهب كمان سنه بسعر انهاردة وزي ما حضرتك عارف اسعار الذهب ف زيادة دايما يعنى استثمار ناجح.
الشروط الخاصة:
٥ سبائك ( 5 جرام , 10 جرام, 20 جرام، ربع جنيه دهب، نص جنية دهب، جنيه ذهب او أونصة) حضرتك تقدر تختار اللي بتفضله.
الخدمة متاحة حاليا التوصيل في معظم المحافظات ( يتم التوصيل فى معظم الاماكن المتاح بها مناديب فقط) ۔
٥ بيكون في مصاريف شراء 2% بيتم دفعهم عند امضاء الأوراق ومش بيتم خصمها من سعر الذهب ٥ نسبة الفائدة بتكون 19.66 -- في حالة سؤال العميل. ( هذه الفائدة للعملاء الجدد ولن تتغير في حالة العميل المفعل)
° وعشان تقدر تثبت سعر الذهب بسعر دلوقتي , ممكن حضرتك تفتح التطبيق معايا دلوقتي ونقدم الطلب وهيتواصلوا معاك ف خلال 48 ساعه لأنهاء اجراءات عملية الشراء.
٥ لو مش متوفر انترنت , تقدر تقدم الطلب بعد ما تقفل معايا وهيتواصلوا معاك."
1405,85491a69577850399504c1aa163d87e2,0,halan,Gold,Inquiry,Technical Issue,No,ok,How to Apply,ازاي اقدر اقدم علي خدمة حالا للدهب ؟,yes,"Vertical: Gold | Type: Inquiry | Issue: Technical Issue | Escalation: No

Question EN: How to Apply
Question AR: ازاي اقدر اقدم علي خدمة حالا للدهب ؟

Script:
ازاى اقدر اقدم على خدمة حالا للذهب ؟
Gold -> Inquiry -> How to Apply
يتم التقديم من خلال التطبيق أو فروع مشروعي وتساهيل.
• إفي حالة التقديم من التطبيق عشان تقدر تثبت سعر الذهب بسعر دلوقتي, ممكن حضرتك تفتح التطبيق معايا دلوقتي وتختار من ال7 منتجات المتوفرين وهيتواصلوا معاك ف خلال 48 ساعه لأنهاء إجراءات عملية الشراء.
• لو مش متوفر انترنت , تقدر تقدم الطلب بعد ما تقفل معايا وهيتواصلوا معاك."
1408,ef51c835bac555ba9c3422553520e59c,0,halan,CF,Inquiry,Technical Issue,No,ok,Inquiry about consumer finance process,ايه هو الحد الائتماني؟,yes,"Vertical: CF | Type: Inquiry | Issue: Technical Issue | Escalation: No

Question EN: Inquiry about consumer finance process
Question AR: ايه هو الحد الائتماني؟

Script:
• ايه هو الحد الائتماني
CF <- Inquiry <- Inquiry about consumer finance process
هو مبلغ بينزل لحضرتك علي التطبيق تقدر من خلاله شراء منتجات من خلال التطبيق او من خلال شبكة التجار اللي بتظهر لحضرتك حد الشراء يصل إلى 500,000 بيتحدد بناء على الاستعلام الائتماني وتقدر تستخدمه في عمليات شراء حسب احتياجاتك وتسدد بالتقسيط على فترة من 6 حتى 36 شهر حسب اختيارك و متوسط الفائدة 38.38% سنويا وبتحدد بناءا على الفترة الزمنية للتقسيط
سن العميل لازم يكون 21 سنة مش اقل
هنسأل العميل هو تابع لمحافظة اية (لو خارج محافظات الحد الائتماني الفوري ) : التقديم من خلالنا او من خلال التطبيق او اقرب فرع مشروعي او تساهيل
الأوراق المبدئية المطلوبة من حضرتك
•صورة البطاقة الشخصية اثبات سكن عن طريق إيصال مرافق حديث 3 شهور على الأكثر"" (غاز او مياه او كهرباء أو صورة من عقد ملكية العقار أو صورة من عقد الإيجار (عدد الضمان من شخص إلى 3 أشخاص حسب تقييم الفرع للحالة الائتمانية للعميل ودي حاجة حضرتك هتعرفها من الفرع.
الأوراق المطلوبة من الضامن
·صورة بطاقة الضامن اثبات سكن عن طريق إيصال مرافق حديث 3 شهور على الأكثر - غاز او مياه او كهرباء أو صورة من عقد ملكية العقار أو صورة من عقد الإيجار
لازم نقدم للعميل الطلب من عندنا .. لو رفض بوضحله طريق التقديم الثانية (الابلكيشن او الفرع) و التيكت بتكون :
CF - Customer - Inquiry about CF process (request Created )"
1410,7206921461305003a5fdcf3190e50075,0,halan,CF,Complain,Non-Technical Issue,Yes,ok,I-score not updated (Halan),الخاص به مش متحدث  I-Scoreعميل يشكوا ان ال (Halan),yes,"Vertical: CF | Type: Complain | Issue: Non-Technical Issue | Escalation: Yes

Question EN: I-score not updated (Halan)
Question AR: الخاص به مش متحدث  I-Scoreعميل يشكوا ان ال (Halan)

Script:
عمیل یشکوا ان ال I-Score الخاص به مش متحدث (البيانات الموجودة قديمة):
CF -> complaint -> non tech ->l-score not updated
Escalation: Yes
في حالة العمیل وضح انه عند مراجعة ال I score وجد ان البيانات الموجودة غیر محدثة (تاریخ سداد اخر قسط - اجمالي المديونية - اجمالي المستحق ع العميل ...... )
بنعتذر للعميل و بنوضحله انه هیتم تقدیم شکوي و سیتم الرد علي الطلب خلال 48 ساعة عمل لازم ناخد من العمیل (الاسم رباعي - رقم البطاقة - رقم الموبايل)"
1416,2b7443c62130541ba49abd6e69e99c0a,0,halan,General,Inquiry,Non-Technical Issue,No,ok,inquiry about one card service,؟ One Card ايه هي خدمة,yes,"Vertical: General | Type: Inquiry | Issue: Non-Technical Issue | Escalation: No

Question EN: inquiry about one card service
Question AR: ؟ One Card ايه هي خدمة

Script:
ايه هى خدمة One Card ؟
One Card -> inquiry -> inquiry about one card service
هي خدمة لو حضرتك بتلعب العاب زي (PUBG- Free fire والعاب تانية كتير موجوده عالتطبيق) بتقدر تشحن الالعاب دي عن طريق تطبيق حالا .. و بتقدر تدفع عن طريق :
Credit/Debit Card .1 2. محفظة حالا
مع العلم ان ال Voucher بيتم استخدامه مره واحده بس ومش بيتم استرجاع قيمة الVoucher."
1419,f6abc20300e757f58e97eba369830eb3,0,halan,CF,Inquiry,Non-Technical Issue,No,ok,For any Halan Employee Complaint,في حالة استقبال اي شكوي من اي موظف في حالا,yes,"Vertical: CF | Type: Inquiry | Issue: Non-Technical Issue | Escalation: No

Question EN: For any Halan Employee Complaint
Question AR: في حالة استقبال اي شكوي من اي موظف في حالا

Script:
في حالة استقبال اي شکوي من اي موظف في حالا:
Irrelevant -> Directed to HR hotline
دلوقتي حضرتك تقدر تتواصل مع خدمة عملاء الموارد البشرية عن طريق الارقام التالية : علما بأن مواعيد العمل الخاصة بهم من الساعة 10 ص حتي 7 م جمعة وسبت اجازة.
Contact Information:
Landlines: (02) 48812619 - (02) 23661712"
1420,fd71d31231535ffaa55e9ee8d6fd4d80,0,halan,CF,Inquiry,Non-Technical Issue,No,ok,Cancel Branch Code,عميل يطلب الغاء التكويد (Halan-Tasaheel),yes,"Vertical: CF | Type: Inquiry | Issue: Non-Technical Issue | Escalation: No

Question EN: Cancel Branch Code
Question AR: عميل يطلب الغاء التكويد (Halan-Tasaheel)
Notes: CF - Tasaheel
Body: CF - Tasaheel

Script:
عميل يطلب الغاء التكويد من الفرع سواء (CF او تساهيل) :
Tasaheel/CF->inquiry->Cancel Branch Coding
لو العميل مش محتاج يستكمل اجراءات التمویل .. نوضحله عدم زيارة الفرع و عدم تقدیم اي اوراق او مستندات للفرع, و لن يؤثر التکوید علی العمیل نهائيا لو مفیش اي ليميت تم اصداره للعميل.
ملحوظة:
مش بنقول للعميل يروح للفرع لالغاء التكويد عشان دا غير متاااااح."
1427,ab8ffa305570508f9aafafd0f55e967c,0,halan,General,Inquiry,Technical Issue,No,ok,Cash IT -Invoice Later,(Invoice Later)  ما هو قرض ال50 الف,yes,"Vertical: General | Type: Inquiry | Issue: Technical Issue | Escalation: No

Question EN: Cash IT -Invoice Later
Question AR: (Invoice Later)  ما هو قرض ال50 الف

Script:
Cash it -> Inquiry -> Inquiry about 50k cash limit
دلوقتى العميل يقدر يسحب معاملة CASH IT ويرفع الفاتورة وقت تاني
-->> ويمكن للعميل سحب مبلغ كاش على الكارت بحد اقصى 50 الف وايداع الفاتورة خلال 3 شهور.
سيتم خصم المبلغ من الحد الائتمانى الخاص بالعميل .. و عند ايداع الفاتورة سيتم استرجاع امكانية سحب مبلغ اخر من invoice later-Cash It
ملحوظة :
بیتم ايداع المبلغ فی Halan Card بس . 1
لازم العميل يكون معاه CF Limit يغطى المبلغ اللى هيستخدمه من cash it. .2
لو العميل مش معاه كارت .. لازم يقدم على كارت عشان يقدر يستفيد بالخدمة. .3
- ممكن تلغى المعاملة ؟
Cash it -> Request -> Cancel cash limit request Escalation: No
- بمجرد طلب سحب مبلغ كاش سیتم ايداع المبلغ فی حالا کارت الخاص بالعميل و مفيش امکانیه بالالغاء.
- ممكن نعمل سداد مبكرة
Cash It-> Request -> Early Full Settlement Escalation: Yes
ممكن نعمل سداد مبكر بالطريقة العادية .. علما بأن هيتم السداد واسترجاع الليمت للحد الائتماني لكن مش هيقدر يستخدم Cash it-invoice later لحد ما يتم ايداع الفاتورة.
لو العميل اشتكى من انه طلب cash it
cash it -> Complain -> tech -> invoice later loan not reflected in Halan Card Escalation: Yes
لازم نتأكد ان القرض موجود على crm ونرجع للتیم لیدر الموجود نتأكد ان الفلوس منزلتش علی الکارت
هنعتذر للعمیل و نوضحله انه هیتم حل المشكلة خلال 48 ساعة عمل"
1430,87e79ea374f3546f8439267058f46f85,0,halan,CF,Inquiry,Non-Technical Issue,No,ok,Inquiry about Halan card,استفسار عن علاقة الحد الائتماني بكارت حالا,yes,"Vertical: CF | Type: Inquiry | Issue: Non-Technical Issue | Escalation: No

Question EN: Inquiry about Halan card
Question AR: استفسار عن علاقة الحد الائتماني بكارت حالا

Script:
استفسار عن علاقة الحد الائتمانى بكارت حالا
Halan -> Inquiry -> Inquiry about Halan card
- لو متاح مع حضرتك حد ائتماني بتقدر تحول الليميت من خلال التطبيق على الكارت وتحديد مدة القسط واستخدامه في التقسيط من اي نقطة شراء داخل مصر او من اي website مصري .. ولا تستطيع سحب الحد الائتماني كاش.
- ويتم رجوع الليميت تلقائي علي التطبيق مرة اخري في خلال ساعتين.
لاي تفاصيل اخري هنحول حضرتك لخدمة عملاء حالا كارت"
1431,f831f4c270f055648e076a320a2a72e5,0,halan,CF,Inquiry,Non-Technical Issue,No,ok,Inquiry about Halan card,Halan Card خطوات تفعيل,yes,"Vertical: CF | Type: Inquiry | Issue: Non-Technical Issue | Escalation: No

Question EN: Inquiry about Halan card
Question AR: Halan Card خطوات تفعيل

Script:
خطوات تفعيل Halan Card
Halan -> Inquiry -> Inquiry about Halan card
• حضرتك بتتوجه لأحد فروع الموافقة الفورية او فروع تساهيل.
- يتم شرح مميزات الكارت ، ويقوم الموظف بتقديم طلب للحصول على كارت حالا، وحضرتك بتستلمه في ظرف مغلق.
يشرح الموظف لحضرتك ازاي تستخدم الكارت. وحضرتك بتعين ارقام السر الخاصة بالكارت مع الموظف . تقدر تستخدم تطبيق حالا لإستخدام الكارت والتعامل عليه.
يجب ان تكون بطاقة العميل سارية وغير تالفة."
1436,f5910e4e42bd5606ae061c34436b0927,0,halan,CF,Inquiry,Non-Technical Issue,No,ok,For Any Vendor Cases,اي مكالمات خاصة بالتجار,yes,"Vertical: CF | Type: Inquiry | Issue: Non-Technical Issue | Escalation: No

Question EN: For Any Vendor Cases
Question AR: اي مكالمات خاصة بالتجار

Script:
فى حالة استقبال اي شكوى أو استفسار او طلب من تاجر متعاقد معانا :
بنعتذر لحضرتك ولكن ممكن تتواصل مع المسؤول المباشر عن حضرتك او المشرف الخاص به او الزميل اللي قام بالتعاقد معاه لمساعدة حضرتك بشكل افضل.
هنعمل التيكت الخاصة بالمكالمة بس Escalation No"
1439,36c7592cbd995c33bfb7d14f8bdefc87,0,halan,Commerce,Complain,Non-Technical Issue,Yes,ok,Canceled Order – Money Not Return to Halan Card,شكوى عميل من عدم رد مبلغ أوردر ملغي لكارت حالا,yes,"Vertical: Commerce | Type: Complain | Issue: Non-Technical Issue | Escalation: Yes

Question EN: Canceled Order – Money Not Return to Halan Card
Question AR: شكوى عميل من عدم رد مبلغ أوردر ملغي لكارت حالا

Script:
شكوى عميل من عدم رد مبلغ أوردر ملغي لكارت حالا:
Halan Gomla → Complaints related to Product
انا بعتذر جدا لحضرتك استأذنك ممكن توضح لى الرقم اللى حضرتك طلبت بيه.
هيتم التأكد من تفاصيل أوردر العميل.
تم تقديم شكوى لحضرتك وهيتم حل المشكلة في 48 ساعة عمل.
- Escalation: Yes"
1444,f840386450a750189109335b1472dad4,0,halan,CF,Complain,Technical Issue,Yes,ok,amount not transferred to merchant after purchasing (Halan),عميل يشكوا من اتمام عملية شراء من تاجر لكن العملية لم تظهر عند التاجر (Halan),yes,"Vertical: CF | Type: Complain | Issue: Technical Issue | Escalation: Yes

Question EN: amount not transferred to merchant after purchasing (Halan)
Question AR: عميل يشكوا من اتمام عملية شراء من تاجر لكن العملية لم تظهر عند التاجر (Halan)

Script:
عميل يشكوا من اتمام عملية شراء من تاجر لكن العملية لم تظهر عند التاجر:
CF -> Complain -> Tech -> amount not transferred to merchant after purchasing
Escalation: Yes
لازم نتأكد ان العملية موجودة علي CRM فعلا .. بالتاريخ وقيمة المعاملة لو العميل عنده معاملتين بنفس القيمة وفي نفس اليوم نتأكد منه المشكلة ف معاملة واحدة ولا الاتنين
لازم نوضح في التيكت :
1. اسم التاجر بصورة واضحة ( online ولا offline). 2. مكان الفرع اللي العميل اشتري منه ( مش بنكتب ال Branch بتاع العميل علي crm)
3. لو المعاملة تمت من Halan Card هنحول المكالمة لكيو حالا كارد والتيكت هتبقي Escalation No 4. قمية المعاملة والتاريخ. Loan key .5
6. رقم البطاقة
بنعتذر للعميل علي الخطأ اللي حصل و نوضحله اننا هنقدمله طلب لحل المشكلة خلال 5 ایام عمل"
1445,d30f16837aaa503885c765853c41309a,0,halan,General,Inquiry,Technical Issue,No,ok,General Inquiry (Cash it),Cash It عميل يستفسر عن ايه هي خدمة,yes,"Vertical: General | Type: Inquiry | Issue: Technical Issue | Escalation: No

Question EN: General Inquiry (Cash it)
Question AR: Cash It عميل يستفسر عن ايه هي خدمة

Script:
عميل يستفسر عن ايه هي خدمة Cash It:
هى خدمة بتوفر فيها حالا لحضرتك تمويل ليك بقيمة المشتريات التى قمت بها من اي تاجر فى آخر 3 شهور بقيمة تمويل تبدأ من 500 جنيه الى 50,000 وثم يتم تقسيطها مرة أخري لحالا على مدة تقسيط من 6 شهور وحتى 36 شهر.
هى خدمة بتوفر فيها حالا لحضرتك تمويل ليك بقيمة المشتريات التى قمت بها من اي تاجر في آخر 3 شهور بقيمة الحد الائتماني الخاص بالعميل (رصيد تقسيط العميل) يتم تقسيطها مرة أخري لحالا على مدة تقسيط من 6 شهور وحتى 36 شهر
شروط التقديم علي الخدمة:
AAAA
لازم تكون الفاتورة بأسم العميل
< وجود حد ائتماني لديك مع حالا
أن يكون تم الامضاء على الحد الائتماني من خلال مندوب وفروع (عميل موافقة فورية \ الفروع) التأكد من عدم تخطى قيمة التمويل المطلوب رصيد العميل فى الحد الائتماني المتبقى.
A
عدم وجود حظر على الحد الائتمانى الخاص بالعميل.
وجود ايصال الشراء سليم وواضح لإرساله من خلال التطبيق يشمل (اسم التاجر - التاريخ - قيمة عملية الشراء) A
ان يكون الايصال لم يمر عليه أكثر من ثلاث أشهر في وقت عملية التقديم A
ان يكون الايصال أصلى وصحيح ولا يكون نسخة مكررة أو مسجل يدويا. A
A
تكون قيمة المعاملة من 500 الى 50,000 كحد أقصى.
وجود حساب بنكى أو محفظة الكترونية او كارت حالا مسجلين بنفس الرقم المسجل به على حالا ويكون باسمك وليس اسم A شخص اخر أو خط شركات.
A A
غير متاح حاليا رفع إيسكرين شوت من معاملات أون لاين (لا يوجد شراء online) حتى من خلال تطبيق حالا يتم رفض هذه الإيصالات (ايصال دفع - شحن محفظة - Paymop - فوري)
ملحوظة: لا يشترط طلب تمويل بنفس قيمة الايصال بالكامل يمكن عمل طلب جزئي من قيمة الفاتورة وكتابته أثناء التقديم.
Cash It -> Inquiry -> General Inquiry"
1447,c21756df2898527f9c914a92c62ad022,0,halan,CF,Inquiry,Technical Issue,No,ok,Inquiry about Payment Methods (Halan),طرق الشراء المتوفرة علي تطبيق حالا (Halan),yes,"Vertical: CF | Type: Inquiry | Issue: Technical Issue | Escalation: No

Question EN: Inquiry about Payment Methods (Halan)
Question AR: طرق الشراء المتوفرة علي تطبيق حالا (Halan)

Script:
* طرق الشراء المتوفرة على تطبيق حالا
Halan -> Inquiry -> Inquiry about Payment Methods
الحد ائتماني
محفظة حالا
کاش
كريدت كارد
Apple Pay
كارت حالا"
1448,f35fd1f0d56852c8b43c26df15bdfc5f,0,halan,CF,Inquiry,Technical Issue,No,ok,Inquiry about Halan Wallet,ايه هي محفظة حالا ؟,yes,"Vertical: CF | Type: Inquiry | Issue: Technical Issue | Escalation: No

Question EN: Inquiry about Halan Wallet
Question AR: ايه هي محفظة حالا ؟

Script:
*ايه هى محفظة حالا ؟
Halan <- Inquiry <- Inquiry about Halan Wallet
هي محفظة الكترونية تقدر من خلالها: ۔ - تشتري اي منتج من خلال شبكة التجار الموجودة علي تطبيق حالا.
- تشحن فاتورة موبايل كل الشبكات
- دفع اقساط زي ""Valu وبريميم كارد وبي تيك""
- تدفع فواتير الكهرباء - المياه - غاز
- دفع مصاريف المدارس والجامعات
- حجز سفرزي جوباص و مصر للطيران و سويفل
- خدمات طبية (فيزيتا)
- خدمات الدفع (تحصيل قرض لبنك الاسكندرية او قرض تساهيل أو اقساط حالا للتمويل الاستهلاكي).
۔
ازاى اشحن المحفظة؟ حضرتك تقدر تعمل ايداع في ماكينة فوري لحساب حالا كود الخدمة 7160
امتى اى عملية هدفعها هتسمع في حسابى؟ مجرد ما العملية تتم من على ابليكشن حالا هتكون العملية تمت والرصيد وصل لحضرتك أو الفاتورة اتدفعت
هل أقدر اسحب الفلوس اللى في المحفظة؟ في الوقت الحالى يافندم ده غير متاح , بس تقدر تستخدم الفلوس دي في ۔ عمليات الشراء ودفع الفواتير من خلال التطبيق.
- ايه هو اقصى مبلغ ممكن يبقي موجود علي المحفظة؟ الحد الأقصى لرصيد المحفظة هو 50000 جنيه."
1449,dbc415adbc795b39915750507f11fab7,0,halan,CF,Inquiry,Technical Issue,No,ok,Inquiry about consumer finance process (How to apply),عميل يستفسر عن كيفية التقديم علي الحد الائتماني من خلال التطبيق (Halan),yes,"Vertical: CF | Type: Inquiry | Issue: Technical Issue | Escalation: No

Question EN: Inquiry about consumer finance process (How to apply)
Question AR: عميل يستفسر عن كيفية التقديم علي الحد الائتماني من خلال التطبيق (Halan)

Script:
* عميل يستفسر عن كيفية التقديم على الحد الائتمانى من خلال التطبيق:
CF -> Inquiry -> Inquiry about consumer finance process
الصفحة الرئيسة موجود (Unlock No - قدم الان) .. بيتم تصوير البطاقة وش وضهر وادخال البيانات
×
Get Halan Credit
halan
Get up to
٧٢٤٨
500,000 EGP Halan Credit
Unlock Now
View all >
5 Minutes
Up to 500K Halan Credit in 3 Easy Steps:
Hatan Card
Install all Electronics at Cash Price
HALAN
Install Now
FRIDAY
88
Home
Funds
Services
lwestment
Stone
Apply Now
٧ Apply for Halan Credit
Prepare Your National ID
Please ensure your valid Egyptian National ID is available. You will need it in the upcoming steps.
Next
Picked for you
Investment Spin & Win
Gomla
1. Scan your National ID
0. 0. 0. 24
2. Verify your information
halan"
1450,c0791681a758520a9c5effe73396475b,0,halan,CF,Inquiry,Technical Issue,No,ok,Inquiry about his installments (Halan),ازاي اقدر اعرف جدول الاقساط ؟ (Halan),yes,"Vertical: CF | Type: Inquiry | Issue: Technical Issue | Escalation: No

Question EN: Inquiry about his installments (Halan)
Question AR: ازاي اقدر اعرف جدول الاقساط ؟ (Halan)

Script:
- ازاى اقدر اعرف جدول الاقساط ؟
CF -> Inquiry -> Inquiry about his installments
وحضرتك تقدر تعرف جدول أقساط حضرتك عن طريق الدخول علي : الصفحة الرئيسية ثم دفع ( حالا كريديت ) ثم (الأقساط ) وهيظهر جدول الاقساط
halan
0
حالا كريديت >
27,100 ج.م من 32.000 ج.م
ج كاش ات
% العروض
جد تفعيل الكريديت على الكارت
قسط بكارتك حالا تقسيط على 6 شهور
استلف كاش )
محتاج كاش؟ اسحب لحد 27,100 ج.م
كاش ات
تسوية مبكرة
دفع >
سدد معاملاتك بدون فوايد قبل أول قسط
0%
المعاملات
28 سبتمبر 2025
423 ص
799.9 جنيه مدفوع
آخرى
halanCtOnCard
الرئيسية
٨
حالا كريديت
الكريديت المتاح 27,100 جنيه من 32,000 جنيه
الأقساط
کاش ات
التجار
خدمات مقترحة ليك
عرض الكل >
كارت حالا
حالا جملة
إستثمار
حالا جمعية
HALAN
شكل القاعية والتعربيات ـر
بسطـ الكاش
ترسيم
1
متاح على أستكيشن حلا
RA'AE
24
<
ادفع فواتيرك
88 الخدمات
استثمار
متحر
تمويل
EC
C
FRIDAY
عرض الخل >"
1455,4337df6d52995799bacab5e2268088f1,0,halan,General,Complain,Technical Issue,No,ok,Cash It Icon does not appear (Cash it),(cash it) شكوى عميل من عدم ظهور الايقونة الخاصة بالخدمة,yes,"Vertical: General | Type: Complain | Issue: Technical Issue | Escalation: No

Question EN: Cash It Icon does not appear (Cash it)
Question AR: (cash it) شكوى عميل من عدم ظهور الايقونة الخاصة بالخدمة

Script:
شكوى عميل من عدم ظهور الايقونة الخاصة بالخدمة:
بعتذر ليك عن اي مشكلة واجهتك. A
برجاء مراجعة بعض البيانات (الرقم المتواصل به - الرقم القومي - الاسم بالكامل) التأكد من خلال CRM ان العميل لديه حد ائتماني كافي
■ لوكل الشروط متوفرة : بعتذر ليك برجاء عمل بعض الخطوات التنشيطية للتأكد من ظهور الخدمة
Cash It -> Tech Complaint -> Cash It Icon does not appear Escalation: No
في حالة وجود نفس المشكلة: برجاء ارسال اسكرين شوت علي رقم الواتساب الخاص بنا +20216303 من عدم ظهور الخدمة ومن خلالي هيتم تقديم طلب والرد في أقرب وقت.
Cash It -> Tech Complaint -> Cash It Icon does not appear Escalation: Yes"
1461,c658cbd871755139b4c36e0af55a2435,0,halan,CF,Inquiry,Technical Issue,No,ok,Fake installments SMS (Fraud),عميل يشكوا من التواصل خلال صفحات التواصل الاجتماعي لسداد الاقساط (حالات سرقة) (Halan),yes,"Vertical: CF | Type: Inquiry | Issue: Technical Issue | Escalation: No

Question EN: Fake installments SMS (Fraud)
Question AR: عميل يشكوا من التواصل خلال صفحات التواصل الاجتماعي لسداد الاقساط (حالات سرقة) (Halan)

Script:
عميل يشكوا من التواصل خلال صفحات التواصل الاجتماعي لسداد الأقساط (حالات سرقة):
CF -> Inquiry -> Fake installments SMS (Fraud)
بنوضح للعميل طرق سداد الأقساط الخاصة بنا .. مع التأكيد اننا لا نتواصل علي صفحات التواصل الاجتماعي لدفع الاقساط.
نوضح كل التفاصيل في التيكت مع بيانات العميل كاملة"
1476,70a42c2bb0455d78bae30926f6d45858,0,halan,CF,Complain,Technical Issue,Yes,ok,cant request cash it,cash it عميل لا يسطيع طلب,yes,"Vertical: CF | Type: Complain | Issue: Technical Issue | Escalation: Yes

Question EN: cant request cash it
Question AR: cash it عميل لا يسطيع طلب

Script:
عميل لا يسطيع طلب cash it: Escalation :Yes-
cash it -> Complain -> tech -> cant request cash it
لو العميل مش عارف يطلب خدمة cash it.
لازم نتأكد إن ليميت العميل مغطي المبلغ اللي هو هيطلبه من CRM. - ولو العميل معاه كارت لازم يكون قافل ""تحويل رصيد التقسيط علي الكارت"". - نوضحله انه يعمل تنشيطات للتطبيق. -
لو المشكلة مازالت موجودة هنقدم طلب للعميل وهيتم الرد خلال 48 ساعة عمل."
1478,3522b42b002a5cda9505cc0b701084e7,0,halan,CF,Inquiry,Non-Technical Issue,No,ok,Inquiry about Halan Pay Service,استفسار عن خدمات دفع حالا,yes,"Vertical: CF | Type: Inquiry | Issue: Non-Technical Issue | Escalation: No

Question EN: Inquiry about Halan Pay Service
Question AR: استفسار عن خدمات دفع حالا

Script:
* استفسار عن خدمات دفع حالا:
Pay <- Inquiry <- Inquiry about Halan Pay Service
هى ايه خدمات Halan Pay- ايه هى الخدمات اللى ممكن استفاد بيها؟
هي محفظة الكترونية تقدر من خلالها
-تشحن فاتورة موبايلك
-تدفع فواتير الكهرباء - المياه
- التبرعات
- حجز سفر (جوباص - بلوباص - مصر للطيران)
-خدمات طبية (فيزيتا)
- خدمات الدفع (تحصيل قرض لبنك الاسكندرية او قرض تساهيل أو اقساط حالا للتمويل الاستهلاكي).
ازاى اشحن المحفظة؟ حضرتك تقدر تعمل ايداع في ماكينة فوري لحساب حالا كود الخدمة 7160
امتى اى عملية هدفعها هتسمع في حسابى؟ مجرد ما العملية تتم من على ابليكشن حالا هتكون العملية تمت والرصيد وصل لحضرتك أو الفاتورة اتدفعت
هل أقدر اسحب الفلوس اللى في المحفظة؟ في الوقت الحالى يافندم ده غير متاح , بس تقدر تستخدم الفلوس دي في عمليات الشراء و دفع ۔ الفواتير من خلال التطبيق.
ايه هو اقصى مبلغ ممكن يبقي موجود علي المحفظة؟ الحد الأقصى لرصيد المحفظة هو 50000 جنيه"
1488,c24237f2b69d5932a994bb42c1ba1070,0,halan,General,Inquiry,Non-Technical Issue,No,ok,Inquiry about Tap-To-Win eligibility,متاحة لكل العملاء  Tap-To-Win هل,yes,"Vertical: General | Type: Inquiry | Issue: Non-Technical Issue | Escalation: No

Question EN: Inquiry about Tap-To-Win eligibility
Question AR: متاحة لكل العملاء  Tap-To-Win هل

Script:
هل Tap-To-Win متاحة لكل العملاء ؟
Halan-> Inquiry -> Inquiry about Tap-To-Win eligibility
- متاحة لكل عملاء Credit Scoring, وعملاء الفروع في القاهرة والجيزة والاسكندرية (فروع مبعوتة)"
1491,5eae595e6e155d1fa447aff64ab43839,0,halan,General,Complain,Technical Issue,Yes,ok,Tap-To-Win prize not available on app,مش متاحة ليه بعد ما استخدم 500ج Tap-To-Win عميل يشكوا ان,yes,"Vertical: General | Type: Complain | Issue: Technical Issue | Escalation: Yes

Question EN: Tap-To-Win prize not available on app
Question AR: مش متاحة ليه بعد ما استخدم 500ج Tap-To-Win عميل يشكوا ان

Script:
عميل يشكوا ان Tap-To-Win مش متاحة ليه بعد ما استخدم 500ج؟
Halan-> complaint -> tech -> Tap-To-Win prize not available on app Escalation: No لازم نتأكد ان :
1- المعاملات تمت عن طريق الكارت ( CF On Card)
2- المعاملات بقيمة 500 ج في اليوم ( مش اكتر من يوم).
3- العميل من credit scoring ولو فروع لازم يكون من الفروع المخصصة.
هنقدم طلب لحل المشكلة و ناخد بياناته كاملة و سكرين شوت من الجايزة و سیتم الرد خلال 48 ساعة عمل.
Back Office <- Escalation: Yes"
1492,662a6453cd965c18a6771dc8cdf892a6,0,halan,General,Inquiry,Technical Issue,No,ok,Same number Process (Halan),المكالمات اللي لازم العميل يكلمني قيها من نفس الرقم (Halan),yes,"Vertical: General | Type: Inquiry | Issue: Technical Issue | Escalation: No

Question EN: Same number Process (Halan)
Question AR: المكالمات اللي لازم العميل يكلمني قيها من نفس الرقم (Halan)

Script:
Case
Call from same numb
Exception from another numbe
Comment
As a general question no problem to share any info related to installments .. But if customer ""asked for HIS installments"" he must contact us from the same registered line
Inquiry about order status
Same Number
Inquiry about block reason
Same Number
Inquiry about customer code
Same Number
Inquiry about order delivery date
Same Number
Inquiry about rejection reason (cash it)
Same Number
Inquiry about Request status (cash it)
Same Number
Cancel the purchasing limit or amount
Same Number
Requesting early transfer (vendor)
Same Number
Customer wants to change branch (Halan)
Same Number
Reschedule installment (Halan)
Same Number
Request to decrease CF limit
Same Number
Early settlement (Halan)
Same Number
Finishing All Instant Approval Installment Paper - Clearance Letter
Same Number
Installment schedule disappeared (Halan)
Same Number
Wrong Product
Same Number
Delay receiving product
Same Number
Under Processing order Issue
Same Number
Change the delivery time
Same Number
Tax invoice Request
Same Number
Return product request (Halan)
Same Number
Cancel purchased request (Halan)
Same Number
Delay of activate salary lending service
Same Number
Installment didn't deducted from salary (Salary Lending)
Same Number
The lending salary not transfer to bank-wallet-card
Same Number
Request / Delay of card activation for Salary lending
Same Number
Employee wants to deactivate lending salary service
Same Number
Transfer Salary lending to Halan Card
Same Number
Salary lending (Early settlement)
Same Number
Cancel Gold limit
Same Number
Early settlement (Gold)
Same Number
Cancel Gold Request (Gold)
Same Number
Reschedule installment (cash it)
Same Number
Decrease CF Limit
Same Number
Early Full Settlement (cash it)
Same Number
Amount Deducted and Customer didn't receive the Serial Number (One Card)
Same Number
Voucher Serial Number is missing numbers (One Card)
Same Number
Create CF request
Same Number"
1495,71a57d603c3f5fe3a64d4293414550c7,0,halan,CF,Inquiry,Technical Issue,No,ok,Inquiry about Credit Limit interest rate (Halan),عميل يستفسر عن نسبة الفائدة؟ (Halan),yes,"Vertical: CF | Type: Inquiry | Issue: Technical Issue | Escalation: No

Question EN: Inquiry about Credit Limit interest rate (Halan)
Question AR: عميل يستفسر عن نسبة الفائدة؟ (Halan)

Script:
*
عميل يستفسر عن نسبة الفائدة؟
CF -> Inquiry -> Inquiry about Credit Limit interest rate
يتم توضيح الآتى:
في حالة شرائك من خلال التطبيق: متوسط الفائدة %38.38 سنويا وبتحدد بناءا على الفترة الزمنية للتقسيط في حالة شرائك من خلال تاجر: متوسط الفائدة 38.38 سنويا وبتحدد بناءا على الفترة الزمنية للتقسيط.
في حاله ان العميل موظف في إحدى شركات حالا: متوسط الفائدة 28.50 وبتحدد بناءا على الفترة الزمنية للتقسيط.
ملحوظة:
فى حالة وضح انه تمويل هو تمويل المضمون : هيتم تحويلك لخدمة العملاء الخاصة بالتمويل المضمون لمساعدة حضرتك (Elite)."
1496,b092652040b754f599495eb555302287,0,halan,CF,Request,Non-Technical Issue,Yes,ok,Cancel the purchasing limit or amount (Halan),عميل يريد الغاء الحد الائتماني (Halan),yes,"Vertical: CF | Type: Request | Issue: Non-Technical Issue | Escalation: Yes

Question EN: Cancel the purchasing limit or amount (Halan)
Question AR: عميل يريد الغاء الحد الائتماني (Halan)

Script:
*عميل يريد الغاء الحد الائتمانى:
CF <- Request <- Cancel the purchasing limit or amount
Escalation :Yes
ممكن اعرف هل في مشكلة واجهت حضرتك ؟ (Retention - محاولة إقناع العميل بعدم الالغاء)
- لو العميل محتاج يحصل علي قرض من بنك.
هنعرض على العميل انه يقلل مبلغ الحد الائتماني للاستفادة من القرض والحد الائتماني. (في حالة التمويل الشخصي). هنعرض على العميل اننا نقدم على قرض لتساهيل لتمويل المشروعات (في حالة تمويل شركة(مشروع).
لو العميل مستاء من تأخير وصول المنتج ليه وعايز يلغي.
هنعتذر للعميل ونوضحله انه هيتم التواصل في خلال ساعتين لتحديد ميعاد الاستلام.
Instant Approval
فرع مشروعي أو تساهيل
فى حالة العميل لم يستخدم الليميت :
مفيش على حضرتك أي أقساط مستحقة لأن حضرتك ما استخدمتش الحد الائتماني .. ممكن نسيب المبلغ التمويلى وتستخدمه وقت ما حضرتك تحتاجه و مش بيكون في اي رسوم على الليمت.
فى حالة ان العميل مصمم على الإلغاء: انا هقدم طلب لحضرتك وهيتم التواصل مع حضرتك فى خلال 48 ساعة عمل لتأكيد أن الالغاء تم. - وفى حالة أن العميل يريد استرجاع أوراقه ويواجه تأخير من الفرع سنقوم بتصعيد الشكوى للقسم المختص للتواصل مع الفرع والرد على حضرتك فى خلال 48 ساعة عمل.
فى حالة العميل مستخدم الليميت ولم يأتى ميعاد استحقاق اول قسط:
- إذا كان دفع اول قسط : استاذئك ممكن ترجع للفرع لاسترداد المبلغ وترجع المنتج والتواصل بنا مرة أخرى.
-إذا كان لم يدفع اول قسط : انا هقدم طلب لحضرتك وهيتم التواصل مع حضرتك فى خلال 24 ساعة عمل.
هل متاح ان العميل يلغى الليمت لو عنده قسط مستحق الدفع ؟
غير متاح الغاء الليمت ولكن المتاح حاليا ان تقوم بالسداد المبكر بعد سداد 4 اقساط من قيمة المبلغ
فى حالة وضح انه تمويل هو تمويل المضمون : هيتم تحويلك لخدمة العملاء الخاصة بالتمويل المضمون لمساعدة حضرتك (Elite)."
1509,1be2b60ab07d58d3b60642fc80fb46b9,0,halan,CF,Inquiry,Non-Technical Issue,No,ok,Inquiry about How to apply (CASH IT),كيفية التقديم علي الخدمة (Cash it),yes,"Vertical: CF | Type: Inquiry | Issue: Non-Technical Issue | Escalation: No

Question EN: Inquiry about How to apply (CASH IT)
Question AR: كيفية التقديم علي الخدمة (Cash it)

Script:
كيفية التقديم على الخدمة:
Cash It -> Inquiry -> Inquiry about How to apply
قم بمشاركة صورة الايصال. اختيار طريقة استلام التمويل (حساب بنكى - محفظة الكترونية.
انتظر الرد بالموافقة أو الرفض خلال 48 ساعة عمل
يتم التقديم من خلال التطبيق . - >
< تأكد ان صورة الايصال واضحة وسليمة . - كارت حالا)
« قم بتأكيد الطلب .- قم بأضافة ال OTP « فى حالة الموافقة يتم تحويل المبلغ فى خلال 3 أيام عمل.
Halan Datan
Bury from any store and receive your money back with the receipt and pay the amount in installnments with Halan Balan
Orders
500 L.E
SOO L E
Please enter the receipt amount
The amount amust not be less than 999 #P and not more than 54000 F0P
sad
Halian Balan
How will you receive money
Choose the rethod you would like to receive your money with
E-Wallet
٨
Bank transfer
٨
Hatan Balan
Receipt details
Category
Receipt amount
Receipt Phote
Maquigt Fhate
theame captore a stcar piume of the
Halan Balan
Receipi details
Installments duration
Transaction details
Transaction details
see ser
X
Product catepery
Search for groduct sategory
weekdings & #rentt
El Brand et Sater
٧
Patian Ballan
Receipt details
Installments duration
Chinese sutale ducation for up to is mamme
Enter ore- time password
CID
Enter the ene-time password that is sent to your mobile
x"
1510,4f598b7b95ee5e0faf0a252df72e58c7,0,halan,General,Inquiry,Technical Issue,No,ok,Inquiry about predict and win,؟ Predict and win اية هي,yes,"Vertical: General | Type: Inquiry | Issue: Technical Issue | Escalation: No

Question EN: Inquiry about predict and win
Question AR: ؟ Predict and win اية هي

Script:
اية هى Predict and win؟
Halan-> inquiry -> Inquiry about predict and win
دلوقتي تقدر تتوقع نتايج ماتشات مصر في بطولة افريقيا وتكسب 50 جنيه علي محفظة حالا اخر معاد لتوقع نتيجة المباراة بيكون قبل الماتش ب5 دقايق .. وفي حالة التوقع صحيح، الجايزة بتضاف علي محفظة العميل خلال 4 ساعات عمل بعد نهاية المبارة
هتكون متاحة علي التطبيق لكل عملاء حالا
Prediet & Win
محتاس نقضى
دماعن اللكورة
عشان نجيب البطولة
عشان نجيب البطولة
Predict & WH SO COm
Mianich starts in The 12% 17
Your prediction
Time is up! Predictions are now closed
SEA O
1
1
Match is ond Dit yee peedict righ?
Enjoy the matcht
Upcoming Matches
Upcoming Matches
Favet VS Ar 044: 29 6:00
Egypt VS Bowth Ahice dec 366. 5:00 Pud
Favet VS Souik Ablea Duc 26.5:00 PM
Dec: 26. 5:00 PM
Du 29. 6:00
Previous Preckctions
Psevious Predictions
Prealous Predictions
Previous Predictions
2-0
2.0
2-0
havet
Predict & Win
Predict & Win
محناصر تفضى
محناص تفضى
محتاجين نقضى
دماءنا للكورة. عشان نجيب البطولة
عشان نجيب البطولة
عشان نجيب البطولة
Predket & Win SO FOPI
fev 10, 05:00 Am
Am 05:00 .16 سيه
Egypt
Subck Toer Predicties
Upcoming Matches
Upcoming Matches
Egppi VE.A Dec 29. 6 00
Dec 35 5:00 PM
for 19. 5:00
2 -0
Tap to win
Play now
Win up to 10.000 EGP with Halan Card
٨
Picked for you
Spin & Win
Circle
Gomla
Malan Card
Predict & win
Predlict Now
Egypt VS Angola
Deals for you
Prefect & wis to rom
Upcoming Matches
Faxpt V. A Des 29. 6:00
Figureel V'S South Ation De: 26. 5:00 PmA
2 . 0
2-0
Predict & Win
Predict & Win
مصاصي نفضى
دماعنا للكورة
دماءنا للكورة
دما عنا للكورة"
1511,2f6a32e5acb45d20993bbb1468b30fb4,0,halan,General,Complain,Non-Technical Issue,No,ok,Predict and win prize not added to wallet,Predict and win عميل توقع النتيجة صح  و المبلغ متحولش,yes,"Vertical: General | Type: Complain | Issue: Non-Technical Issue | Escalation: No

Question EN: Predict and win prize not added to wallet
Question AR: Predict and win عميل توقع النتيجة صح  و المبلغ متحولش

Script:
عميل توقع النتيجة صح والمبلغ متحولش Predict and win؟
Halan -> Complaint -> Non tech -> Predict and win prize not added to wallet
لازم نتأكد الاول من محفظة العميل ان الجايزة منزلتش (ممكن تكون نزلت وتم استخدامها) .. لو نزلت Escalation : No
لو منزلتش .. لازم العميل يبعتلنا سكرين من التوقع الصح علي رقم الواتساب وهنقدمله طلب وسيتم الرد خلال 24 ساعة عمل Escalation:Yes
لازم ناخد بیانات العمیل کاملة ف التیکت (اسم - رقم - بطاقة)
9:41
Predict & Win
X
Goal!
Your prediction was right! 50 EGP has been added to your Halan Balance, enjoy your reward!
Your prediction was right! 50 EGP has been added to your Halan Balance, enjoy your reward!
Okay, Got it!
Okay, Got it!
Predict & Win
X"
1512,84d8fd1ad3265c5093a8accc472d718e,0,halan,General,Inquiry,Technical Issue,No,ok,Bill Payment Inquiry (Halan),اية هي خدمة شحن و دفع الفواتير ؟ (Halan),yes,"Vertical: General | Type: Inquiry | Issue: Technical Issue | Escalation: No

Question EN: Bill Payment Inquiry (Halan)
Question AR: اية هي خدمة شحن و دفع الفواتير ؟ (Halan)

Script:
اية هي خدمة شحن ودفع الفواتير ؟
Halan -> Inquiry -> Bill Payment Inquiry
عن طريق تطبيق حالا حضرتك ممکن تشحن رصيد لكل الشبكات و تدفع فواتير و اقساط زي :
- دفع اقساط زي ""Valu و بريميم كارد و بي تيك""
- تدفع فواتير الكهرباء - المياه - غاز
- دفع مصاريف بعض المدارس والجامعات
- حجز سفر زي جوباص و مصر للطيران و سويفل
- خدمات طبية (فيزيتا)
- ممکن کمان تتبرع لجمعیات خیریة کتیر
طرق دفع الفواتير هي
Apple Pay .1
Credit Card .2
3. محفظة الكترونية
4. محفظة حالا
.5
Halan Card
6. عن طريق "" رصيد حالا"" الخاص بحضرتك واقل فاتورة تكون ب 500ج علي فترات تقسيط ( شهر - شهرين - 6 اشهر ) فقط"
1513,1aed383ebabf5e979688b33838a683c0,0,halan,General,Inquiry,Technical Issue,No,ok,bill,CRM تفاصيل دفع الفاتورة علي,yes,"Vertical: General | Type: Inquiry | Issue: Technical Issue | Escalation: No

Question EN: bill
Question AR: CRM تفاصيل دفع الفاتورة علي

Script:
تفاصيل دفع الفاتورة على CRM
Bill Payment Details
الخدمة اللي تم دفع الفاتورة او شحن الرصید لها
Date & Time: 17/12/2025, 11:30
وقت المعاملة
Service Name: Etisalat
رقم عميلة الشحن
UPG Transaction ID: 0138fb04-5713-4e01-8b58-bffec4e1amz
رقم العميل اللي دفع منه الفاتورة
User Phone Number: 01144695355
Bill Gateway: BEE
Bill Type:
PRE
Group Name: Telecom
Category: Mobile
Payment Methods: {HALAN_CARD}
طريقة الدفع
Payment Breakdown
Total Amount
Service Fees
Paid Amount
Bill Transaction ID: 34701f20-8ff5-4b2c-a1a3-7b4867aba4a4
User ID: 5aeb3b1fa8850500037d711b
Beneficiary Number: 01106034844
الرقم اللي العمیل دفعله ١ شحنله الفاتورة او الرصيد (المستفید)"
1514,becd89a92dd257239477a98ed19de159,0,halan,General,Inquiry,Technical Issue,No,ok,bill,CRM معني طرق دفع الفواتير علي,yes,"Vertical: General | Type: Inquiry | Issue: Technical Issue | Escalation: No

Question EN: bill
Question AR: CRM معني طرق دفع الفواتير علي

Script:
معني طرق دفع الفواتير على CRM
طريقة الدفع
Payment Method
کارت حالا
HALAN CARD
HALAN_CONSUMER_FINANCE_PRICING
حالا كريديت (بالتقسيط)
R2P
محفظة الكترونية
CLOSED_LOOP_WALLET
محفظة حالا (محفظة التطبيق)
APPLE_PAY
APPLE PAY
PAYFORT_CREDIT_CARD
کریدیت كارد
کریدیت كارد
PAYFORT_WITH_TOKENIZATION_V1"
1515,308f2ff758ab5e1b8ba743b6ab007a90,0,halan,General,Inquiry,Technical Issue,No,ok,bill,CRM معني حالات الفواتيرعلي,yes,"Vertical: General | Type: Inquiry | Issue: Technical Issue | Escalation: No

Question EN: bill
Question AR: CRM معني حالات الفواتيرعلي

Script:
معنى حالات الفواتير على CRM
1- في الحالة دي الفاتورة اتدفعت بنجاح :
Provider State:
SUCCESS
Payment State:
SUCCESS
2- في الحالة دي متخصمش اي مبلغ من العميل .. العمیل اکتفي بالاستعلام عن المبلغ المطلوب و لم يتم عملية الشحن او دفع الفاتورة (یعني مش هقدم شکوي للعميل) :
Provider State:
INITIATED
Payment State:
INITIATED
4- في الحالة دي لم يتم الخصم ولم تكتمل عملية الدفع (العميل مكملش الدفع) .. يعني مش هقدم شكوي للعميل
Payment State: FAILED
Provider State:
INITIATED
Payment State:
PENDING
Provider State:
INITIATED
5- في الحالة دي فعلا تم الخصم من العميل ولم يتم دفع الفاتورة .. (هنقدم شكوي للعميل Bill payment not : (reflected
Payment State: SUCCESS
Provider State: FAILED"
1516,2fc34a368e7d5fd985259ca620b51bdc,0,halan,CF,Complain,Technical Issue,Yes,ok,Bill payment not reflected (Halan),شكوي عميل من دفع فاتورة و تم خصم المبلغ و لم يتم الدفع (Halan),yes,"Vertical: CF | Type: Complain | Issue: Technical Issue | Escalation: Yes

Question EN: Bill payment not reflected (Halan)
Question AR: شكوي عميل من دفع فاتورة و تم خصم المبلغ و لم يتم الدفع (Halan)

Script:
* دفع فاتورة وتم خصم المبلغ ولم يتم الدفع:
Halan -> complaint -> Tech -> Bill payment not reflected
Escalation Yes
بنعتذر للعمیل و بنوضحله اننا هنقدم طلب لحل المشکلة ولازم ناخد البیانات دي في التیکت لازم نختار طريقة الدفع صح في التيكت ولو العميل دفع بطريقتي دفع هكتب الاتنين في ال Allegation .
Service Namel Etisalat
1. بيانات العميل كاملة
UPG Transaction ID:
2. الفاتورة اللي تم دفعها فاتورة اية ؟
3. وقت العملية
User Phone Number: 01146695355
Bill Gateway: BEE
Group Name: Telecom
Payment Methodsi DHALAN_CARD
نعرض علي العميل اننا ممكن نرجع المبلغ المخصوم علي محفظة حالا خلال ساعتين عمل فقط:
لو العميل وافق هنختار ف الفورم (Halan wallet)
Payment Type""
لو رفض ومحتاج استرجاع المبلغ علي نفس طريقة الدفع هنختار
Same payment
Halan Card
@ Malan Wallet
malan Credit
Apple Pay
Credit Card
(ما عداااااا لو العميل دافع برصيد التقسيط او كارت حالا) مش هنعرض عليه.
Customer nequest to refund on
Halam Wallet
@ Same Payrant
لو العميل محتاج استرجاع المبلغ علي نفس طريقة الدفع هنوضحله المدة حسب طريقة الدفع
مدة الرد علي الشكوي حسب طريقة الدفع :
و لازم ناخد بالنا ان لو عميل دفع بوسيلتين دفع مع بعض (مثلا : محفظة حالا وكريديت كارد) هنوضحله اقصي مدة.
سيتم الرد خلال (SLA)
وسيلة الدفع
يومين عمل
كارت حالا
3 أيام عمل
كارت حالا (Debit + Credit on Card)
يومين عمل
محفظة الكترونية
ساعتين عمل
محفظة حالا
يومين عمل
حالا كريديت (بالتقسيط)(CF)
ساعتين عمل للرد على الشكوي + 14 يوم عمل لاسترجاع المبلغ
کریدیت کارد / Apple Pay
ملحوظة مهمة :
1- لو العميل طلب استرجاع المبلغ علي الكريديت كارد/ apple pay: لازم نوضح للعميل ان الاسترجاع بيتم من جانبنا خلال ساعتين عمل والفلوس بترجع خلال 14 يوم عمل علي الكريديت كارد.
4. قيمتها كام (Total Amount)
UPG Transaction ID .5"
1519,226d997c72e45358aced50b90694c489,0,halan,General,Complain,Technical Issue,Yes,ok,Customer cant pay a bill (Halan),عميل لا يستطيع دفع فاتورة (Halan),yes,"Vertical: General | Type: Complain | Issue: Technical Issue | Escalation: Yes

Question EN: Customer cant pay a bill (Halan)
Question AR: عميل لا يستطيع دفع فاتورة (Halan)

Script:
*
عميل لا يستطيع دفع فاتورة:
Halan -> Complaint -> Technical -> Customer can't pay a bill
هنأكد علي العميل لو بيدفع الفاتورة برصيد حالا : لازم الفاتورة تكون علي الاقل بقيمة 500 جنيه (مش اقل من كدا).
• ونتأكد كمان ان الرصيد الموجود في المحفظة الالكترونیە او الکریدیت کارد کافي لدفع الفاتورة.
• لو الشروط دي موجودة والعميل لسة مش عارف يدفع الفاتورة بوضحله الخطوات التنشيطية . .Escalation No
في حالة تواصل معانا العميل مرة اخري ووضح ان المشكلة متحلتش هنمشي مع العميل خطوات تنشيطية :
نتأكد ان الانترنت شغال معاه بصورة طبيعية. . نتأكد ان العميل بيختار دفع الفاتورة او شحن الرصيد لشركة الاتصالات الصحيحة .. للرقم اللي هو اختاره. (لو الرقم 012 يبقي لازم العميل يكون اختار الدفع لشبكة Orange).
نأکد علي العمیل انه عنده فاتورة مستحقة الدفع فعلاً. •
بعد الخطوات التنشيطية لو المشكلة متحلتش , بناخد من العميل :
1. بیانات العميل کاملة
2. طريقة الدفع
3. الفاتورة اللي بيتم دفعه
Escalation Yes بنقدمله طلب و بیتم الرد خلال 48 ساعة عمل."
1520,b0fb4feeebf254bfbff8c79992607ace,0,halan,General,Complain,Technical Issue,Yes,ok,invoice later loan not reflected in Halan Card (Cash It),و المبلغ متحول علي الكارت cash it لو العميل اشتكي من انه طلب  (Cash It),yes,"Vertical: General | Type: Complain | Issue: Technical Issue | Escalation: Yes

Question EN: invoice later loan not reflected in Halan Card (Cash It)
Question AR: و المبلغ متحول علي الكارت cash it لو العميل اشتكي من انه طلب  (Cash It)

Script:
لو العميل اشتكي من انه طلب cash it والمبلغ متحول علي الكارت
cash it -> Complain -> tech -> invoice later loan not reflected in Halan Card Escalation: Yes
لازم نتأكد ان القرض موجود علي crm ونرجع للتيم ليدر الموجود نتأكد ان الفلوس منزلتش علي الكارت
هنعتذر للعميل ونوضحله انه هيتم حل المشكلة خلال 48 ساعة عمل"
1525,03db109686c450ab9df565d47b44a0d8,0,halan,CF,Complain,Non-Technical Issue,Yes,ok,Complaint against staff (Branch - direct sales - ...),شكوي عميل في موظف (فرع – تحصيل – نقطة تفعيل – توصيل – حالا مارت ..),yes,"Vertical: CF | Type: Complain | Issue: Non-Technical Issue | Escalation: Yes

Question EN: Complaint against staff (Branch - direct sales - ...)
Question AR: شكوي عميل في موظف (فرع – تحصيل – نقطة تفعيل – توصيل – حالا مارت ..)

Script:
شكوى عميل فى موظف (فرع - تحصيل - نقطة تفعيل - توصيل - حالا مارت .. ) :
Complaint -> against staff -> complaint against staff (Branch - direct sales -... )
Escalation: Yes
بنعتذر للعميل عن المشكلة اللي واجهته .. نسمع المشکلة بالظبط و نکتب الشکوي بالکامل مع كتابة اسم العميل رباعي ورقم البطاقة كامل وبيتم تقديم الشكوي واتخاذ الإجراء اللازم بعد التحقيق في الشكوي
- في حالة شكوى سوء المعاملة: لازم نوضح ف التيكت) وقت الشكوي - العميل معاه دليل ولا لا ""سكرين شوت -رسایل - صور للمشكلة) و نوضح دا ف التیکت.
- في حالة العميل بشكوا موظف التحصيل:
لازم نتأکد من CRM متأخرات العمیل کام قسط مدفعش کام شهر و نختار اقل من 3 شهور او اکثر من 3 شهور. وونختار العميل Credit scoring ولا فرع ( ولو فرع هنختار فرع آية).
الرد بیکون خلال 3 ایام عمل
Complaint Against Staff .
Collection Team
* متأخرات العميل
اكثر من 90 يوم ٧
أقل من 90 يوم
Branch type .
V Branches
Credit Scoring
Staff Name / Branch Name ( Complaint) .
Staff Name"
1529,8b507744f6c95701b776e8cb5fdf1e5a,0,halan,CF,Request,Non-Technical Issue,No,ok,Halan credit Unblock Request (Halan),عميل يريد إزالة الحظر عن الحد الائتماني (Halan),yes,"Vertical: CF | Type: Request | Issue: Non-Technical Issue | Escalation: No

Question EN: Halan credit Unblock Request (Halan)
Question AR: عميل يريد إزالة الحظر عن الحد الائتماني (Halan)

Script:
عميل يريد إزالة الحظر عن الحد الائتمانى:
CF -> Request -> Halan credit Unblock Request
Escalation: No
هنوضح للعميل ان الحظر بيكون راجع لاسباب ائتمانية ولازم حضرتك تلتزم بالدفع بحد ادني 3 شهور (3 شهور علي الاقل)
عشان نفك الحظر علي الحد الائتماني -> "" هعمل تيكت Escalation No""
ملحوظة :
1-هنعمل تيكت لعملاء Credit Scoring فقط
2- لو العميل وضح ان قسم التحصيل تواصل معاه وطلب منه يدفع القسط وهيفك الحظر
هنعمل شكوي في الموظف Collection - Wrong information والرد هيكون خلال 3 ايام عمل. = لازم ناخد بيانات العميل كاملة (لو فرع ناخد الفرع من CRM) .. وناخد اسم ورقم الموظف اللي تواصل معاه من التحصيل.
- ولو مع العميل اي (سكرين شوت) يبعتها علي رقم الواتساب بتاعنا"
1530,0f0c9fa35af45e58805f012610635533,0,halan,CF,Inquiry,Technical Issue,No,ok,Inquiry about Home Decor and architecture Loan (Halan),ما هي خدمة تمويل التشطيبات,yes,"Vertical: CF | Type: Inquiry | Issue: Technical Issue | Escalation: No

Question EN: Inquiry about Home Decor and architecture Loan (Halan)
Question AR: ما هي خدمة تمويل التشطيبات

Script:
ما هى خدمة تمويل التشطيبات ؟
Halan <- Inquiry <- Inquiry about Home Decor and architecture Loan
-Escalation: No
الخدمة غير متوفرة حاليا"
1531,647c6f6b37f252bd88b5f19fd7ecf14b,0,halan,CF,Inquiry,Technical Issue,No,ok,Inquiry about Home furniture (Halan),عميل يستفسر عن برنامج فرش المنزل,yes,"Vertical: CF | Type: Inquiry | Issue: Technical Issue | Escalation: No

Question EN: Inquiry about Home furniture (Halan)
Question AR: عميل يستفسر عن برنامج فرش المنزل

Script:
عميل يستفسر عن برنامج فرش المنزل؟
Halan <- Inquiry <- Inquiry about Home furniture
-Escalation: No
الخدمة غير متوفرة حاليا"
1532,b6531e8a14d9567088d2df555a62c28a,0,halan,CF,Inquiry,Technical Issue,No,ok,Inquiry about Solar Energy Finance,عميل يستفسر عن برنامج الالواح الشمسية,yes,"Vertical: CF | Type: Inquiry | Issue: Technical Issue | Escalation: No

Question EN: Inquiry about Solar Energy Finance
Question AR: عميل يستفسر عن برنامج الالواح الشمسية

Script:
عميل يستفسر عن برنامج الالواح الشمسية؟
Halan <- Inquiry <- Inquiry about Solar Energy Finance
Escalation: No
الخدمة غير متوفرة حاليا"
1533,37203f8f2f315daf8753dc6f70363b54,0,halan,General,Complain,Technical Issue,Yes,ok,Escalation process,شكوى ضد موظف + طلب التحدث مع مدير,yes,"Vertical: General | Type: Complain | Issue: Technical Issue | Escalation: Yes

Question EN: Escalation process
Question AR: شكوى ضد موظف + طلب التحدث مع مدير

Script:
شكوى ضد موظف + طلب التحدث مع مدير
في حالة أن العميل:
يشتكي من موظف فرع أو قسم التحصيل.
يوجد تطاول، ألفاظ غير لائقة، أو طلب رشوة او ماشابه ذلك ويطلب التحدث مع . مدير
الإجراء المطلوب:
On Spotإبلاغ التيم ليدر الموجود ويتواصل مع العميل فورا .
(Complaint Against Staff تسجيل الشكوى الأساسية)."
1534,4b6347f2484c5d94bebc4db3ce461ed7,0,halan,General,Complain,Technical Issue,Yes,ok,Escalation process,شكوى ضد موظف بدون طلب مدير,yes,"Vertical: General | Type: Complain | Issue: Technical Issue | Escalation: Yes

Question EN: Escalation process
Question AR: شكوى ضد موظف بدون طلب مدير

Script:
شكوى ضد موظف بدون
طلب مدير
في حالة أن العميل: لديه شكوى ضد موظف فرع أو قسم التحصيل. يوجد تطاول، ألفاظ غير لائقة، أو طلب رشوة او ماشابه ذلك . والعميل لم يطلب التحدث مع مدير.
الإجراء المطلوب:
(Complaint Against Staffتسجيل شكوى ضد موظف ).
تزويد العميل برقم الشكوى.
إبلاغ التيم ليدر بالحالة وارسال رقم التيكت لليدر المتاح ."
1535,abda9282be35518faaaab0bd8705a7b2,0,halan,General,Complain,Technical Issue,Yes,ok,Escalation process,Normal Escalation,yes,"Vertical: General | Type: Complain | Issue: Technical Issue | Escalation: Yes

Question EN: Escalation process
Question AR: Normal Escalation

Script:
Normal Escalation
في حالة أن العميل يطلب التحدث مع مدير: الخطوات: فهم مشكلة العميل ومحاولة المساعدة.1 في حال إصرار العميل :. 2
(Escalation Ticket تسجيل) .1 إبلاغ العميل أن المدير سيتواصل معه خلال ساعة واحدة .2
إذا رفض العميل الانتظار : .3
( إبلاغ التيم ليدر للتواصل مع العميل فورًا ونعمل تيكت الاسكليشن ) .1"
1536,3bb46843b700520383fe3133ed38ddac,0,halan,General,Complain,Technical Issue,Yes,ok,Escalation process,Urgent complains,yes,"Vertical: General | Type: Complain | Issue: Technical Issue | Escalation: Yes

Question EN: Escalation process
Question AR: Urgent complains

Script:
Urgent complains
إذا ذكر العميل أنه سيقوم بالشكوى إلى:
جهاز حماية المستهلك
الهيئة العامة للرقابة المالية المقر الرئيسي للشركة (مول العرب) رئاسة مجلس الوزراء وسائل التواصل الاجتماعي لو دخل اى حد بيقول انه تابع بأى جهه رقابيه وطالب التواصل مع حد من ادارة حالا الإجراء الفوري:
إبلاغ التيم ليدر فورًا دون تأخير ونقدم طلب للمدير يتابع العميل
التعامل مع الحالة بهدوء واحترافية
محاولة احتواء الموقف ومساعدة العميل"
1537,33aefd7e82ea5944a8cede5cc34a4982,0,halan,General,Complain,Technical Issue,Yes,ok,Escalation process,Delayed tickets,yes,"Vertical: General | Type: Complain | Issue: Technical Issue | Escalation: Yes

Question EN: Escalation process
Question AR: Delayed tickets

Script:
Delayed tickets : تأخير طلب وتخطى مدة العمل
أى مكالمه ياشباب العميل داخل بيسأل عالتيكت بتاعته ولقينا انها تخطت المهله فالحالة دى بنقدم تيكت جديده وبختار
Delayed Ticket وبنبلغ العميل عملنا استعجال لطلبه ومشكلته هتتحل ف أقرب وقت
Escalation needed? *
Yes
No
Delayed Ticket
Collection Call - Customer Received a call from collection team to collect Installment?
Yes
O No
Existing Ticket Number*"
1545,b2c563a0ac225d44a04df1ca8b50d6b1,0,halan,Commerce,Request,Technical Issue,Yes,ok,Cancel purchased request (Halan),عميل يريد الغاء طلب الشراء و استرداد قيمة الطلب(و لم يتم التسليم) (Halan),yes,"Vertical: Commerce | Type: Request | Issue: Technical Issue | Escalation: Yes

Question EN: Cancel purchased request (Halan)
Question AR: عميل يريد الغاء طلب الشراء و استرداد قيمة الطلب(و لم يتم التسليم) (Halan)

Script:
عميل يريد الغاء طلب الشراء و استرداد قيمة الطلب (ولم يتم التسليم) :
- Commerce -> Request -> Cancel purchased request {CF / Cash }
- Commerce -> Request -> Cancel purchased request and return the amount to the wallet
Commerce -> Request -> Cancel Purchased from credit card (Not From CF)
- Escalation :Yes
مشتري من التاجر
ممكن اعرف من حضرتك ايه سبب الالقاء؟
مشتري من التطبيق
جـ
Purchased
Cash
هتقدم لحضرتك طلب وهيتم الغاء الطلب خلال يومين عمل
Proceed W/D
هتقدم لحضرتك طلب وهيتم الغاء الطلب و استرجاع الليمت في خلال 48 ساعة عمل
Purchased
CF
Proceed W/D
هتقدم لحضرتك طلب وهيتم الغاء الطلب خلال يومين عمل
هتقدم لحضرتك طلب وهيتم الغاء الطلب في خلال 24 ساعة عمل
هتقدم لحضرتك طلب وهيتم الغاء الطلب خلال يومين عمل
هيتم تقديم طلب الاسترجاع المبلغ خلال يومين عمل والمبلغ هيترد على الحساب في خلال 14 يوم عمل
هيتم تقديم طلب لاسترجاع المبلغ خلال يومين عمل و المبلغ هيترد علي الحساب في خلال 14 يوم عمل
Purchased
هتقدم لحضرتك طلب وهيتم الغاء الطلب خلال يومين عمل
هتقدم لحضرتك طلب وهيتم الغاء الطلب خلال يومين عمل
ملاحظات هامة:
لازم لما تكتسل تضيف رقم التيكت فى order notes
فى حاله أن العميل دفع أى أقساط ضرورة كتابة التفاصيل فى التيكت مع ذكر تم الدفع من خلال أيه.
في حالة ان العميل مصمم على طلبه: استاذن حضرتك بالرجوع للتاجر لمساعدة حضرتك.
Purchased
Wallet
Proceed W/D
Purchased
Credit Card/ Apple Pay
Proceed W/D
Halan Card
Proceed W/D
هتقدم لحضرتك طلب وهيتم الغاء الطلب في خلال 24 ساعة"
1546,a3658b976ef453658f8d3fa6935ea993,0,halan,CF,Complain,Non-Technical Issue,Yes,ok,limit reflect on I-Score after closing (Halan),عميل يشكوا ان قرض حالا موجود في I-Score بعد السداد و اغلاق الحد الائتماني,yes,"Vertical: CF | Type: Complain | Issue: Non-Technical Issue | Escalation: Yes

Question EN: limit reflect on I-Score after closing (Halan)
Question AR: عميل يشكوا ان قرض حالا موجود في I-Score بعد السداد و اغلاق الحد الائتماني

Script:
عميل يشكوا ان قرض حالا موجود فى I-Score بعد السداد واغلاق الحد الائتماني:
CF -> complaint -> non tech ->limit reflect on I-Score after closing
Escalation: Yes
لازم نوضح للعميل ان الچIscor بیتم تحديثه کل اول شهر .. بمعني لو عميل قفل رصيد التقسيط بتاعه يوم 15-11 بنحدث الiscore يوم 1-12 .. وفي حالة عدم إغلاق الليمت في ال iscore أول الشهر .. acate
بنعتذر للعمیل و بنوضحله انه هیتم تقدیم شکوي و سیتم الرد علي الطلب خلال 48 ساعة عمل لازم ناخد من العميل (الاسم رباعي - رقم البطاقة - رقم الموبايل)"
1547,55452835c29a5144864e694aff4db8df,0,halan,CF,Complain,Technical Issue,Yes,ok,Unable to request a CF limit due to gold limit,في حالة شكوي العميل انه مش قادر يقدم علي حد ائتماني بسبب ليميت حالا جولد,yes,"Vertical: CF | Type: Complain | Issue: Technical Issue | Escalation: Yes

Question EN: Unable to request a CF limit due to gold limit
Question AR: في حالة شكوي العميل انه مش قادر يقدم علي حد ائتماني بسبب ليميت حالا جولد

Script:
فى حالة شكوى العميل انه مش قادر يقدم على حد ائتمانى بسبب ليميت حالا جولد:
CF->Complaint->Technical issue ->Unable to request a CF limit due to gold limit
هنعتذر للعميل وهنسأله عن محافظته
لو من محافظات ال Instant approval
القاهرة - الجيزة - القليوبية- (الاسكندرية - بنوجه لسيركل فقط) -الدقهلية (المنصورة)-اسيوط - دمياط-
الاسماعيلية
المنيا- سوهاج - قنا - الغربية - المنوفية - كفر الشيخ- الدقهليه (المنصورة فقط) - الشرقية (العاشر فقط)
هنوجه العميل للتقديم من خلال اقرب فرع و هنوضحله العنوان و مواعيد العمل
Escalation : No
هنوضح للعميل اننا هنقدمله الطلب من خلالنا وهيتم التواصل معه خلال يومين عمل عمل لتأکید البيانات.
Escalation : Yes
باقي المحافظات"
1548,9d5764f4727a54d0bc3b78cb71917443,0,halan,CF,Request,Technical Issue,Yes,ok,Remove legal actions after payment (Halan),عميل يطلب تواصل مع الشؤون القانونية للتنازل عن الاجراء القانوني (بعد دفع الاقساط و المتأخرات),yes,"Vertical: CF | Type: Request | Issue: Technical Issue | Escalation: Yes

Question EN: Remove legal actions after payment (Halan)
Question AR: عميل يطلب تواصل مع الشؤون القانونية للتنازل عن الاجراء القانوني (بعد دفع الاقساط و المتأخرات)

Script:
عميل يطلب تواصل مع الشؤون القانونية للتنازل عن الاجراء القانوني (بعد دفع الاقساط والمتأخرات) :
CF->Request-> Remove legal actions after payment
Escalation: Yes
لو العميل متكود في فرع ""مشروعياتساهيل"" : بنوضحله يرجع للفرع وهناك هيقدروا يساعدوه.
لو Credit Scoring :
- لازم نتأكد من CRM ان الاقساط مدفوعه ومفيش اي متأخرات علي العميل .. ولازم نوضح في التيكت :
1. العميل دفع كل الاقساط المتأخرة ومش مستحق عليه اي اقساط ( دفع المستحق لكن مقفلش المعاملات). 2. العميل دفع كل الاقساط (وقفل المعاملات كلها).
و سیتم الرد خلال 5 ایام عمل"
1549,72ede800c7c35a2eac826fbfd14917a6,0,halan,Commerce,Request,Technical Issue,Yes,ok,Tax invoice request,عميل يريد استلام فاتورة ضريبية,yes,"Vertical: Commerce | Type: Request | Issue: Technical Issue | Escalation: Yes

Question EN: Tax invoice request
Question AR: عميل يريد استلام فاتورة ضريبية

Script:
*عميل يريد استلام فاتورة ضريبية:
Commerce > request > Tax invoice request
لو ال Seller Halan : يومين عمل لو ال Seller اي تاجر تاني : 4 ايام عمل
طلب المنتج وتم تأكيد ميعاد الاستلام
لو الطلب Proceed with delivery
لو تم تأكيد الطلب هنوضح لللعميل اننا هنقدم طلب و ارسال الفاتورة
Escalation :Yes
لم يطلب المنتج ولم يتم تأكيد طلبه
لو الطلب لسة Purchased
بنوضح للعميل انه يطلبها من فريق التوصيل عند التواصل لتأكيد الطلب.
-Escalation :No"
1557,622b7193f20b5fd2905bbadb377dfe2d,0,halan,Pay,Complain,Technical Issue,Yes,ok,Salary lending offer issue,(Salary Lending) عميل يشكوا ان العرض مش شغال معاه,yes,"Vertical: Pay | Type: Complain | Issue: Technical Issue | Escalation: Yes

Question EN: Salary lending offer issue
Question AR: (Salary Lending) عميل يشكوا ان العرض مش شغال معاه

Script:
عميل يشكوا ان العرض مش شغال معاه:
Salary Advance -> complaint -> Salary lending offer issue
بيتم تقديم طلب مع توضيح كل بيانات العميل و كل تفاصيل الشكوي ونوع العرض وسيتم الرد خلال يوم عمل"
1558,7064bceb369c55b1a82808ff852b4021,0,halan,Pay,Complain,Non-Technical Issue,Yes,ok,"Delay of Halan card activation for Salary lending , Activate Halan card for Salary Lending","عميل يطلب تفعيل الكارت , يشكوا من عدم تفعيل الكارت بعد استلامه",yes,"Vertical: Pay | Type: Complain | Issue: Non-Technical Issue | Escalation: Yes

Question EN: Delay of Halan card activation for Salary lending , Activate Halan card for Salary Lending
Question AR: عميل يطلب تفعيل الكارت , يشكوا من عدم تفعيل الكارت بعد استلامه

Script:
عميل يطلب تفعيل الكارت \ يشكوا من عدم تفعيل الكارت بعد استلامه:
Salary Lending -> Complaint-> Non-tech -> Delay of Halan card activation for Salary lending salary Lending -> Request -> Activate Halan card for Salary Lending
سواء العميل يشكوا من تأخير التفعيل او بيطلب تفعيل كارت حالا لاستخدام خدمة الراتب المبكر .. هنوضحله
في حالة ان العميل عدي المهله بنقدم الطلب. تفعيل الكارت بيتم خلال 24 ساعة عمل من الاستلام اما لو العميل معداش المهله .. بنوضحله ان التفعيل بيكون خلال 48 ساعة عمل.
Escalation: Yes
Escalation: No"
1560,03f76f53f15f5b40ad8ca8e3ddac412a,0,halan,Pay,Complain,Non-Technical Issue,Yes,ok,Salary lending service is blocked,عميل يشكوا ان خدمة الراتب المبكر محظورة,yes,"Vertical: Pay | Type: Complain | Issue: Non-Technical Issue | Escalation: Yes

Question EN: Salary lending service is blocked
Question AR: عميل يشكوا ان خدمة الراتب المبكر محظورة

Script:
عميل يشكوا ان خدمة الراتب المبكر محظورة :
Salary lending -> complaint -> non -> Salary lending service is blocked
يتم التأكد من CRM الخدمة مفعله ولا لا (لو العميل Blocked مش بعميل معاه خطوات التنشيط
بنوضوح للعميل سبب الحظر من خلال الشيت
Escalation: No
لو بيانات العميل مش موجودة علي الشيت .. هنفتح شكوي للعميل لمعرفة سبب الحظر والرد هيكون خلال 24 ساعة عمل
Escalation: Yes"
1561,f035621f44cd57ffad0559beb1d94624,0,halan,Pay,Complain,Non-Technical Issue,Yes,ok,salary lending service is disable,عميل يشكوا ان بعد التفعيل يظهرعلي التطبيق ان الخدمة موقوفة الان,yes,"Vertical: Pay | Type: Complain | Issue: Non-Technical Issue | Escalation: Yes

Question EN: salary lending service is disable
Question AR: عميل يشكوا ان بعد التفعيل يظهرعلي التطبيق ان الخدمة موقوفة الان

Script:
عميل يشكوا ان بعد التفعيل يظهر على التطبيق ان الخدمة موقوفة الآن :
Salary Lending -> complaint ->Technical -> salary lending service is disable
يتم التأكد من CRM ان الخدمة فعالة ( غير محظورة )
ولو الخدمة فعالة ( غير محظورة ) بنعمل خطوات تنشيطية للتطبيق
التأكد من تسجيل الدخول على التطبيق بنفس رقم الموبيل المقدم والمتعاقد بيه
في حالة ظهور الخدمة مرة اخري
Escalation: No
في حالة وجود نفس المشكلة بعد الخطوات التنشيطية والتأكد من العميل
هيتم تقديم طلب للقسم المختص وهيتم التواصل مع حضرتك خلال 24 ساعة عمل . ناخد بيانات العميل الاسم والرقم و الرقم الوظيفي و اسم الشركة
Escalation: Yes"
1562,783b989d927b54eca6ef9246987d1718,0,halan,Pay,Request,Technical Issue,Yes,ok,Company wants to activate lending salary service,لو شركة طلبت التعاقد مع حالا علي خدمة الراتب المبكر,yes,"Vertical: Pay | Type: Request | Issue: Technical Issue | Escalation: Yes

Question EN: Company wants to activate lending salary service
Question AR: لو شركة طلبت التعاقد مع حالا علي خدمة الراتب المبكر

Script:
لو شركة طلبت التعاقد مع حالا على خدمة الراتب المبكر:
Pay -> Request -> Company wants to activate lending salary service
Escalation:Yes
، ناخد بيانات العميل الاسم والرقم والرقم الوظيفي و اسم
هيتم تقديم طلب للقسم المختص وهيتم التواصل مع حضرتك خلال 24 ساعة عمل الشركة و الوظيفة"
1563,12f8f33045c1521fb1122df040691234,0,halan,Pay,Complain,Non-Technical Issue,Yes,ok,Delay of activate salary lending service,موظف يشكوا من تاخر تفعيل خدمة الراتب المبكر بعد الامضاء,yes,"Vertical: Pay | Type: Complain | Issue: Non-Technical Issue | Escalation: Yes

Question EN: Delay of activate salary lending service
Question AR: موظف يشكوا من تاخر تفعيل خدمة الراتب المبكر بعد الامضاء

Script:
*موظف يشكوا من تاخر تفعيل خدمة الراتب المبكر بعد الامضاء:
Pay -> complaint -> non -technical -> Delay of activate salary lending service
خلال المهله (48 ساعة عمل) : هنوضح للعميل انه مازال خلال المهله المحددة.
Escalation:No
لو عدي المهله (48 ساعة عمل ) : هنعتذر للعميل وهنقدمله طلب وخلال 48 ساعة عمل هيتم الرد علي الطلب.
Escalation:Yes"
1564,dd90099b4dd253dda515eba5b91ebee4,0,halan,Pay,Request,Technical Issue,Yes,ok,salary lending change number request,عميل يريد تغيير الرقم الخاص بخدمة الراتب المبكر,yes,"Vertical: Pay | Type: Request | Issue: Technical Issue | Escalation: Yes

Question EN: salary lending change number request
Question AR: عميل يريد تغيير الرقم الخاص بخدمة الراتب المبكر

Script:
* عميل يريد تغيير الرقم الخاص بخدمة الراتب المبكر:
Salary Lending -> request -> salary lending change number request
هنقدم طلب للعميل لتغيير الرقم .. لازم ناخد الرقم القديم والجديد و رقم بطاقة العميل
وسيتم التغيير خلال 24 ساعة عمل Escalation: Yes"
1566,b18da7123bd8578dad30bc541ed6466d,0,halan,Pay,Inquiry,Technical Issue,No,ok,,ازاي العميل يقدر يعرف المصاريف الاداريه ؟,yes,"Vertical: Pay | Type: Inquiry | Issue: Technical Issue | Escalation: No

Question AR: ازاي العميل يقدر يعرف المصاريف الاداريه ؟

Script:
ازاى العميل يقدر يعرف المصاريف الاداريه ؟
بعد الدخول على icon اقبض بدرى يضغط على (اطلب جزء من راتبك) من ثم سوف تظهر له الصورة التى ارفقتها, يضغط عليها وسيظهر مبلغ المصاريف .ملحوظة: Icon اقبض بدرى لا تظهر للعميل الا بعد تفعيل الخدمه له. لازم ناخد من العميل البيانات التالية عند تقديم الطلب :
1. اسم العميل ثلاثي
2. اسم الشركه
3. رقم البطاقه
4. الموبايل
5. رقم الوظيفي
12:34
>
قبضني حالا
الرصيد المتاح 45000.0 من 45000.0 جنيه
ادخل المبلغ المطلوب وفترة السداد
قيمة المبلغ
٧
فترة السداد
المصاريف إدارية
التفاصيل >
التالي
الرئيسية
تمويل
متجر
حساباتي
الإعدادات"
1568,d52fe3823d0a5aa087bc8af30d45f983,0,halan,Pay,Inquiry,Technical Issue,No,ok,Inquiry about Salary lending,عميل يستفسر عن خدمة الراتب المبكر,yes,"Vertical: Pay | Type: Inquiry | Issue: Technical Issue | Escalation: No

Question EN: Inquiry about Salary lending
Question AR: عميل يستفسر عن خدمة الراتب المبكر

Script:
* عميل يستفسر عن خدمة الراتب المبكر :
Pay <- Inquiry <- Inquiry about Salary lending
هي خدمه متاحه للشركات المتعاقده مع حالا بتوفر للموظفين في الشركات دي الحصول على راتب مبكر يصل الي 200% من اصل الراتب الشهري و يتم سداده على اقساط تبداء من شهر وتصل ال 10 أو 12 شهر بناء علي التعاقد .
مع العلم انه لازم حضرتك يكون معاك Halan card وبيتم امضاء علي طلب الخدمة قبل التفعيل.
شروط التعاقد :
1- الشركة تكون متعاقده مع حالا
2- الموظف اكمل 3 إلى 6 شهور علي الاقل في وظيفته
3- بنقدم طلب للعميل وبيتم الرد خلال 48 ساعة عمل علي الطلب.
طريق الحصول على المبلغ:
يتوضح للعميل ان المبلغ بينزل علي كارت حالا وييتم التواصل مع حضرتك عند التقديم لاستكمال الإجراءات.
ملحوظة:
لا يمكن تفعيل الخدمة علي حساب يتكي او محفظة .. المتاح كارت حالا فقط
فى حالة سؤال العميل ما هي مميزات كارت حالا ؟
وينشرح للعميل مميزات الكارت (بيتم تحويل السلفة يتتحول في نفس الوقت جميع ايام الاسبوع وفي اي وقت ف اليوم) الكارت مجاني صالح لمدة 5 سنين.
ممكن اسحب الفلوس من اي ماكينة سحب تابعة للبنك العربي الافريقي مجانا واي ماكينة ليتك اخر يتكون حسب الرسوم.
الحد الاقصى للمبلغ
بيصل الى 200% من المرتب الخاص بيك
ويرجاء مراجعة الموارد البشريه الخاصة بشركتك لمعرفه الحد الأقصى للطلب.
كيفيه السداد:
اي طلب خلال الشهر بيكون تحصيل أول قسط من مرتب الشهر الذي يليه (مثال: إذا طلبت خلال مده من 1 الى 30 يناير يتم خصم اول قسط من مرتب شهر فبراير)
نسب الفوائد بتكون قد ايه؟
هى ليست فوائد ولكن هى مصاريف إدارية ثابتة شهريا. وهى مقسمه على هيئة شرائح لكل شريحة يدفع له مصاريف ادارية ثابتة شهرياً تدفع على حسب المبلغ المطلوب
هل فيه رسوم على الخدمة فى حالة نزول المبلغ للعميل؟
الرسوم بيتم تطبيقها فقط عند استخدام الخدمة (طلب سلقة)"
1569,42b7bbde57c057e3ba5f3a3567ca59b8,0,halan,Pay,Request,Technical Issue,Yes,ok,Employee wants to activate lending salary service,موظف يريد تفعيل خدمة الراتب المبكر,yes,"Vertical: Pay | Type: Request | Issue: Technical Issue | Escalation: Yes

Question EN: Employee wants to activate lending salary service
Question AR: موظف يريد تفعيل خدمة الراتب المبكر

Script:
*موظف يريد تفعيل خدمة الراتب المبكر:
Salary Lending -> Request -> Employee wants to activate lending salary service
Escalation:Yes
هيتم تقديم طلب للقسم المختص وهيتم التواصل مع حضرتك خلال 48 ساعة عمل . ناخد بيانات العميل الاسم والرقم والرقم الوظيفي و اسم الشركة.
لو مضي العقد هنوضحله ان التفعيل بيكون خلال 48 ساعة عمل ..
في حالة العميل موظف في حالا - مشروعي - تساهيل - طلبية التقديم بيكون من خلال HR"
1571,d9f894f8f78e58dc858e766808939963,0,halan,CF,Inquiry,Technical Issue,No,ok,inquiry about his installments,عميل يستفسر عن اقساطه / عميل يشكوا ان الفرع يطلب منع اقساط قبل ميعاد السداد,yes,"Vertical: CF | Type: Inquiry | Issue: Technical Issue | Escalation: No

Question EN: inquiry about his installments
Question AR: عميل يستفسر عن اقساطه / عميل يشكوا ان الفرع يطلب منع اقساط قبل ميعاد السداد

Script:
عمیل یستفسر عن اقساطه / عمیل یشکوا ان الفرع يطلب منع اقساط قبل ميعاد السداد:
CF -> Inquiry -> inquiry about his installments
لو عميل فروع: بنوضح للعميل انه يتابع الاقساط من خلال الفرع التابع له .. حتي لو دافع اقساطه مظبوطة عليCRM .
لو عمیل Credit Scoring : بنوضح للعميل مواعید دفع الاقساط (من يوم 1 ليوم 5 من کل شهر) و نوضحله ازاي یشوف جدول الاقساط ع التطبیق ."
1581,9325584b3bdf58c0aca28ca5d0812cef,0,halan,CF,Inquiry,Request follow up – Confirmation,No,ok,Request follow up – Confirmation (Halan),عميل يستفسر عن الطلب المقدم من خلال على التطبيق (موجود على ادمن تول),yes,"Vertical: CF | Type: Inquiry | Issue: Request follow up – Confirmation | Escalation: No

Question EN: Request follow up – Confirmation (Halan)
Question AR: عميل يستفسر عن الطلب المقدم من خلال على التطبيق (موجود على ادمن تول)

Script:
عميل يستفسر عن الطلب المقدم من خلال التطبيق (موجود على ادمن تول):

CF → inquiry → Request follow up – Confirmation

- هنشرح للعميل معنى الحد الائتماني والاوراق المطلوبة عند التقديم.
- لو الطلب موجود على الادمن تول هنأكد الطلب dispatch.
- هنوجه العميل للفرع اللي أكدنا الطلب عليه؛ هنقول للعميل كل الفروع الموجودة في محافظته وهو يختار الأقرب له، مع مراعاة Validation Notes في سكريبت Outbound.
- مش هنقول الفرع هيتواصل ولا هنقول أي مدة للتواصل.
- لازم نعمل dispatch على أقرب فرع لمكان إقامة العميل الحالية.

CRM: CF → Inquiry → Request follow up – Confirmation | Escalation: No"
1588,87267aa8fed25aef917b10f43c0692e6,0,halan,Pay,Request,Technical Issue,Yes,ok,Settlement after resignation (Salary lending),لو العميل ساب الشغل مين هيسدد الخدمة و هيسدد ازاي؟ (راتب مبكر),yes,"Vertical: Pay | Type: Request | Issue: Technical Issue | Escalation: Yes

Question EN: Settlement after resignation (Salary lending)
Question AR: لو العميل ساب الشغل مين هيسدد الخدمة و هيسدد ازاي؟ (راتب مبكر)

Script:
لو العميل ساب الشغل مين هيسدد الخدمة وهيسدد ازاى؟
Pay -> request -> Settlement after resignation
Escalation: Yes
هنقدم لحضرتك طلب وسيتم الرد ب اجمالي المديونية خلال 24 ساعة عمل .. العميل بيدفع اجمالي المديونية وبيتم ارسال ۔
ايصال الدفع علي الواتساب وبيتم تسوية المديونية خلال 24 ساعة من دفع المديونية
طرق السداد بعد الاستقالة: التحويل علي حساب بنك CIB رقم :
. Account No: 100039748619
. Iban : EG800010017400000100039748619
حالا للمدفوعات الألكترونيه :Name •
او من خلال فوري عن طريق الدفع على كود حالا 7160 و ادخال رقم الموبايل الخاص بالخدمة وارسال الايصال."
1589,cc279a6f4bd053b5a7ddb26f27a3e8d6,0,halan,Pay,Request,Technical Issue,Yes,ok,Salary lending (Early settlement),عميل يطلب السداد المبكر للراتب المبكر,yes,"Vertical: Pay | Type: Request | Issue: Technical Issue | Escalation: Yes

Question EN: Salary lending (Early settlement)
Question AR: عميل يطلب السداد المبكر للراتب المبكر

Script:
عمیل یطلب السداد المبکر للراتب المبکر:
Pay-> Request -> Salary lending (Early settlement)
Escalation: Yes
بنوضح للعمل انه هيقم تقديم طلب وهيتم التواصل خلال 48 ساعة عمل لاستكمال الإجراءات وتوضيح المديونية .. يتم دفع 5% رسوم سداد معجل.
ولازم يتم دفع المديونية قبل يوم 7 الشهر اللي القادم على حساب بنك cib.
. Account No: 100039748619
. Iban : EG800010017400000100039748619
حالا للمدفوعات الألكترونيه :Name •"
1608,df7c519c777159fb97eaec9445f5a230,0,halan,Commerce,Request,Non-Technical Issue,Yes,ok,Return product request (Halan),عميل يريد استرجاع منتج (Halan),yes,"Vertical: Commerce | Type: Request | Issue: Non-Technical Issue | Escalation: Yes

Question EN: Return product request (Halan)
Question AR: عميل يريد استرجاع منتج (Halan)

Script:
* عميل يريد استرجاع منتج:
مشتري من تطبيق حالاً
Commerce -> Request -> Return product request Escalation: Yes
ضرورة التأكد من الاتي وتوضيحه ف التكت:
۔
حضرتك تقدر ترجع المنتج في خلال 14 يوم وفقا لسياسات الاسترجاع .
التغليف (الكرتونة ) الخاصة بالمنتج كما هي سليمة وكذلك حالة المنتج.
لو الإرجاع بسبب عيب ف المنتج ضرورة إحضار ما يؤكد العيب من الضمان (تقرير شركة الضمان). ۔
لو طلب الإرجاع نتيجة لتغير رأي العميل في شراء المنتج (تبديل بشيء أخر - لا يحتاجه -... ) بيتم إضافة تكلفة التوصيل.
الإرجاع بيكون لمنتجات ال MDAs ( هي منتجات ثقيلة الوزن , مثل : الثلاجات - غسالات - بوتاجازات - مبرد مياه - فريزر- تليفزيونات - مکیف)
لا يوجد إرجاع لمنتجات ال SDAs ( موبايلات - تابلت - ساعات الكترونية ....... ) في حالة فتح علبة المنتج ""تم فك السلوفانه"" ۔
بناءً على سياسة الاستبدال والاسترجاع
=
لازم نأكد علي العميل يبعت صور وفيديو للمنتج لان مهلة الرد علي الطلب هتبدأ من وقت ارسال الصور والفيديو.
لازم نعرف منه سبب طلب الاسترجاع ونوضحه في التيكت بالتفصيل . -
انا هقدم طلب لحضرتك وهيتم التواصل مع حضرتك في خلال 7 أيام عمل لتنسيق عملية استرجاع المنتج من بعد ارسال ۔
الصور والفيديو.
ملاحظات مهمة
سبب الإرجاع هو ؟:
المنتج هو :-
المنتج خلال 14 یوم من وقت التسليم : --
حالة التغليف والمنتج :-----
أهل تقرير الضمان في حالة وجود عيب بالمنتج ؟ : -
لو العمیل محتاج يسترجع اوردر تم شراءه كاش .. قيمة الاوردر بیتم ردها عن طريق فوري في خلال 5 أيام عمل من تسليم المنتج ( بيوصل للعميل كود فوري يقدر من خلاله سحب الفلوس مجانا بدون اي مصاريف وكود السحب بيكون 7163)
لازم نوضح للعميل انه عند الرجوع للضمان لاستخراج تقرير بحالة المنتج (لو في عيب صناعة بالمنتج) لازم يكون مع العميل فاتورة ضريبية للمنتج.
مشتري من تاجر
استأذن حضرتك ترجع للتاجر"
1609,bc95b5fa442252918243a4efe282a34d,0,halan,Commerce,Request,Financial Issue,Yes,ok,Wrong Product (Halan),عميل أستلم منتج مختلف عن اللي قام بطلبه (Halan),yes,"Vertical: Commerce | Type: Request | Issue: Financial Issue | Escalation: Yes

Question EN: Wrong Product (Halan)
Question AR: عميل أستلم منتج مختلف عن اللي قام بطلبه (Halan)

Script:
عميل أستلم منتج مختلف عن اللى قام بطلبه:
Commerce <- Complaint <- Financial <- Wrong Product -Escalation: Yes
انا بعتذر لحضرتك تم تسجيل شكوى لفريق التوصيل وهيثم حل المشكلة مع حضرتك في خلال 7 أيام عمل.
لازم نأكد علي العميل يبعت صور وفيديو للمنتج لان مهلة الرد علي الطلب هتبدأ من وقت ارسال الصور والفيديو."
1610,dd2e6dd55f8a51e4a6cf984cd38c7a56,0,halan,Commerce,Request,Non-Technical Issue,Yes,ok,Delay receiving product (Halan),عميل يشكو من تأخر استلام المنتج (Halan),yes,"Vertical: Commerce | Type: Request | Issue: Non-Technical Issue | Escalation: Yes

Question EN: Delay receiving product (Halan)
Question AR: عميل يشكو من تأخر استلام المنتج (Halan)

Script:
* عميل يشكو من تأخر استلام المنتج:
Commerce -> Complaint -> Non-Technical -> Delay receiving product
Escalation: Yes
لم يتعدي ميعاد الاستلام
عدي ميعاد الاستلام
نعتذر للعميل على التأخير , هنقدم لحضرتك شكوي لفريق التوصيل وهيتم التواصل مع حضرتك ف خلال 24 ساعة عمل وتسليم المنتج خلال 5 أيام عمل بحد اقصي.
يتم مراجعة ميعاد الاستلام من الادمن تول وابلاغ العميل بالانتظار حتى ميعاد الاستلام.
Commerce -> inquiry -> Inquiry about delivery
time (Within SLA)
لازم ندخل على أدمن تول ونشوف حالة الطلب وتتأكد من التالى:
Escalation: Yes
Info
Status last updated at
Product Status
Oracle ID
h ID
135-
19.21
Proceed with delivery
43CU7000"
1612,be56a4c6bcd1510cb2ef63388f48ab79,0,halan,CF,Inquiry,Technical Issue,Yes,ok,Inquiry about consumer finance process,عميل بيستفسر هل فيه غرامات عن تأخيرتأجيل دفع القسط,yes,"Vertical: CF | Type: Inquiry | Issue: Technical Issue | Escalation: Yes

Question EN: Inquiry about consumer finance process
Question AR: عميل بيستفسر هل فيه غرامات عن تأخيرتأجيل دفع القسط

Script:
* عميل بيستفسر هل فيه غرامات عن تأخير تأجيل دفع القسط؟
CF -> Inquiry -> Inquiry about consumer finance process
التأخير في دفع الاقساط بیأثر علي تقییم حضرتك الائتماني و دا بیأثر علي حضرتك لو حبيت تحصل علي قرض من شرکات او بنوك و بیکون في غرامة علي التأخیر.
.حضرتك في حالة التأخير عن سداد القسط، بيتم تطبيق غرامة 2.5% من قيمة القسط الشهري عن كل شهر تأخير .الغرامة بتتحسب على كل قسط لوحده، وبتتضاف يوم 5 من كل شهر، وبتتسدد مع القسط في نفس الوقت
مثال : إجمالي المبلغ المستحق = 1,025 جنيه، ويتكون من:
1,000جنيه قيمة القسط الشهري 25 جنيه رسوم تأخير
٠٠
9:41
٨
٨
الأقساط
الأقساط المستحقة
الأقساط المدفوعة
تفاصيل الاقساط
1.200 ج.م
1200 ج.م
1200 ج.م
قسط أكتوبر 2025
+ 50 ج. م غرامة
غرامات تأخير
1. قسط نوفمبر 2025
1250 ج.م
متأخر - عامة فاحمر
متأخر - غرامة تأخير
قسط ديسمبر 2025
1250 جم
مستحق يدفع في أقرب وقت
قسط يناير 2026 مستحق في 01/04/2020
1250 ج.م
بطاقة الائتمان أو الخصم المباشر
بمجرد تأكيد الدفع سيتم تحويلك الى صفحة الدفع. لادخال بيانات الكارت الخاص بك والدفع.
9:41
9:4
٨
المراجعة
متأخرة يجب سدادها
تغيير ﴾
قسط يناير 2026
1. قسط اكتوبر 2025
. 50 ق.م غرامة
1,200 ج.م
قسط فبراير 2026
100 ج.م
قسط نوفمبر 2025
1250 ج.م
الإجمالي
2,450 ج.م
طريقة الدفع
الأقساط"
1613,b92f975fabcc5c56a2957e837d82d197,0,halan,CF,Inquiry,Non-Technical Issue,No,ok,inquiry about Card Early settlement (Halan),عميل يستفسر عن السداد المبكر لمعاملات بالكارت ( ٤٥ يومًا ),yes,"Vertical: CF | Type: Inquiry | Issue: Non-Technical Issue | Escalation: No

Question EN: inquiry about Card Early settlement (Halan)
Question AR: عميل يستفسر عن السداد المبكر لمعاملات بالكارت ( ٤٥ يومًا )

Script:
عمیل یستفسر عن السداد المبکر لمعاملات بالکارت ( ٤٥ يومًا ):
CF -> inquiry -> inquiry about Card Early settlement
لازم العميل يكون credit scoring مش عميل فرع .
لو عميل فرع هنوضحله ان السداد المبكر بدون فواید مش متاح والمتاح السداد المبكر (العادي).
لازم نوضح للعميل ان لازم يقوم بإيداع قيمة المعاملة علي الكارت قبل ميعاد استحقاق اول قسط مع العلم ان دلوقتي
في علي التطبيق Counter بيحسب عدد الايام المتبقية لايداع المبلغ وعمل سداد مبكر
بيتم عمل السداد المبكر لمعاملات الكارت عن طريق التطبيق بعد ايداع قيمة القرض.
هنوضحله طرق الايداع الصحيحة علي الكارت (Instpay- فوري عن طريق 46688 - من خلال ماكينات البنك العربي الافريقي)"
1614,84b45fc7596055629d0c3a65088f8294,0,halan,CF,Inquiry,Non-Technical Issue,No,ok,"Inquiry about issuing liability letter , clearance letter",عميل يطلب استخراج  شهادة مديونية او استخراج مخالصة(في حالة اغلاق الليمت),yes,"Vertical: CF | Type: Inquiry | Issue: Non-Technical Issue | Escalation: No

Question EN: Inquiry about issuing liability letter , clearance letter
Question AR: عميل يطلب استخراج  شهادة مديونية او استخراج مخالصة(في حالة اغلاق الليمت)

Script:
* عميل يطلب استخراج شهادة مديونية او استخراج مخالصة (فى حالة اغلاق الليمت) :
CF-> Inquiry -> Inquiry about issuing liability letter
CF-> Inquiry -> Inquiry about issuing clearance letter
فرع مشروعي أو تساهيل
استأذنك ممكن تشرفنا في الفرع اللي حضرتك قدمت فيه الأوراق للحصول علي المخالصة \الأوراق.
CF -> Request -> Finishing All CF Installment Paper
Escalated : No
Credit Scoring
Cairo/ Giza - 1 Business Day
Dawaly El Giza- Within 2 WD
يتسأل العميل محتاج الشهادة تكون بصحة توقيع ولا بدون و يتوضحله الرسوم لكل شهادة.
ويتأكد علي العميل ارسال الرسوم علي الحساب البنكي الخاص بنا.
وضرورة ارسال ايصال الدفع علي رقم الواتساب 20216303+ .. من نفس الرقم المسجل عندنا.
سيتم التواصل بالعميل عند إصدار الشهاد خلال 5 أيام عمل من استلام الايصال على واتساب
الإجراء
الرسوم بالجنيه
شهادة مخالصة بدون صحة توقيع
250
شهادة مخالصة بصحة توقيع
300
شهادة مديونيه بدون صحة توقيع
250
شهادة مديونيه بصحة توقيع
300
في حالة طلب العميل استخراج مخالصة بيتم الغاء الحد الائتماني ، لو العميل محتاج الحد الائتماني بيقدم على استخراج شهادة مديونية (مهم)
العميل بعد أن يسدد المبلغ بيتم ارسال صورة من الايصال على رقم الواتس اب 20216303+ .. من نفس الرقم المسجل عندنا. في حالة اغلق العميل الحد الائتماني يمكن التقديم مرة أخرى بعد 3 شهور (credit scoring).
العميل بيشتكي من تأخر استلام المخالصة بعد ارسال ايصال الدفع (في حالة تعدي ال5 أيام عمل): هتراجع شيت المخالصات وتشوف حالة المخالصة اية مثلا (مع فريق التوصيل - تم توصيل المخالصة ... )
في حالة لو مش لاقيين رقم البطاقة علي الشيت .. هنبعت البيانات لليدر وتوضح للعميل اننا هنرجعله يرد خلال اليوم.
Escalated : No
معلومة ليك انت :
مفيش استلام للشهادات من خلال مول العرب بعد كدا .. هتوصل الشهادة للعميل في العنوان اللي يحدده (Credit Scoring) يس. سيتم التواصل مع العميل بعد إصدار الشهادة لتحديد مكان ووقت استلام الشهادة المطلوبة بدون رسوم اضافية (ينوضح للعميل لو سأل
5 WE
Alex - Within
Rest of Govs - Witing 5 WD"
1618,e3249293c70d55c1b534cca1807e8532,0,halan,CF,Complain,Non-Technical Issue,Yes,ok,Paid installments not reflected (Halan),شكوى عميل من استلام رسالة تذكير دفع القسط الشهري بالرغم من تمام عملية الدفع ولم تظهر على التطبيق مع العميل/دفع القسط و مسمعش (Halan),yes,"Vertical: CF | Type: Complain | Issue: Non-Technical Issue | Escalation: Yes

Question EN: Paid installments not reflected (Halan)
Question AR: شكوى عميل من استلام رسالة تذكير دفع القسط الشهري بالرغم من تمام عملية الدفع ولم تظهر على التطبيق مع العميل/دفع القسط و مسمعش (Halan)

Script:
* شكوى عميل من استلام رسالة تذكير دفع القسط الشهري بالرغم من تمام عملية الدفع ولم
تظهر على التطبيق مع العميل:
-Escalation : Yes
CF <- Complaint <- Non-Technical <- Paid installments not reflected
- محتاجين نتأكد ان العميل دفع فعلا القسط عن طريق ارسال صورة من ال Receipt او رسالة السداد علي رقم 20216303 + .. وبيتم تقديم شكوي لادارة التحصيل وسيتم الرد خلال 5 ايام عمل .
- لازم نسأل العميل دفع قسط اية بالظبط (قرض تساهيل ولا اقساط الحد الائتماني) طريقة دفع القسط
ملحوظة هامة ليك: القسط بيسمع علي مدار اليوم"
1620,e3d4f85f78255a278152f78dc8eb16af,0,halan,General,Inquiry,Technical Issue,No,ok,Inquiry about Tap-To-Win (Halan),Tap-To-Win اية هي,yes,"Vertical: General | Type: Inquiry | Issue: Technical Issue | Escalation: No

Question EN: Inquiry about Tap-To-Win (Halan)
Question AR: Tap-To-Win اية هي

Script:
اية هي Tap-To-Win ؟
Halan-> Inquiry -> Inquiry about Tap-To-Win
هی لعبة داخل تطبیق حالًا. حضرتك بتكون مؤهل ليها بعد إتمام معاملات يومية بقيمة إجمالية 1000 جنيه أو أكثر باستخدام کارت حالًا (CF On Card)
يقوم العميل بخلط مجموعة من البطاقات، ثم يختار بطاقة واحدة ليكشف عن الجائزة ویکسب كاش باك فوري من 20جنيه حتى 10,000 جنيه . يتم إضافة مبلغ المكافأة مباشرة إلی کارت حالًا الخاص بالعميل.
متاح للعميل محاولة واحد فقط ف اليوم."
1621,fae63c505e0050f790e5e1f63288d1f2,0,halan,CF,Complain,Technical Issue,Yes,ok,Tap-To-Win prize not transferred to Card,متحولتش علي الكارت Tap to win  عميل يشكوا ان الجايزة,yes,"Vertical: CF | Type: Complain | Issue: Technical Issue | Escalation: Yes

Question EN: Tap-To-Win prize not transferred to Card
Question AR: متحولتش علي الكارت Tap to win  عميل يشكوا ان الجايزة

Script:
عميل يشكوا ان الجايزة Tap to win متحولتش على الكارت؟
Halan-> complaint -> tech -> Tap-To-Win prize not transferred to Card
Escalation: No
هنتأكد الاول ان الجايزة موجودة علی کارت العميل (Card Transactions on CRM):
لو موجودة هنوضحله ان الجايزة علي الكارت.
لو مش موجودة هنتأكد ان العميل عمل المعاملات ب1000 من الكارت وانه من الفروع المخصصة للجوایز او credit .scoring
و هنقدم طلب لحل المشكلة و ناخد بیاناته كاملة و سکرین شوت من الجایزة و سیتم الرد خلال 48 ساعة عمل.
Escalation: Yes"
1622,321dfd970d3c5bb19b8f74fda5a5be8a,0,halan,General,Complain,Technical Issue,Yes,ok,Tap-To-Win prize not available on app,مش متاحة ليه بعد ما استخدم 1000ج  Tap-To-Winعميل يشكوا ان,yes,"Vertical: General | Type: Complain | Issue: Technical Issue | Escalation: Yes

Question EN: Tap-To-Win prize not available on app
Question AR: مش متاحة ليه بعد ما استخدم 1000ج  Tap-To-Winعميل يشكوا ان

Script:
عميل يشكوا ان Tap-To-Win مش متاحة ليه بعد ما استخدم 1000 ج؟
Halan-> complaint -> tech -> Tap-To-Win prize not available on app Escalation: No لازم نتأكد ان :
1- المعاملات تمت عن طريق الكارت ( CF On Card)
2- المعاملات بقيمة 1000 ج في الیوم ( مش اكتر من يوم).
3- العميل من credit scoring ولو فروع لازم يكون من الفروع المخصصة.
هنقدم طلب لحل المشكلة وناخد بياناته كاملة و سكرين شوت من الجايزة وسيتم الرد خلال 48 ساعة عمل.
Back Office <- Escalation: Yes"
1633,0ab352312bc65966858535b2cba1bc32,0,halan,CF,Complain,Non-Technical Issue,No,ok,Mobile number lost or stolen,عميل يشكوا ان رقمه ضاع و تم طلب منتج و نزول اقساط عليه من خلال رقمه,yes,"Vertical: CF | Type: Complain | Issue: Non-Technical Issue | Escalation: No

Question EN: Mobile number lost or stolen
Question AR: عميل يشكوا ان رقمه ضاع و تم طلب منتج و نزول اقساط عليه من خلال رقمه

Script:
عميل يشكوا ان رقمه ضاع وتم طلب منتج ونزول اقساط عليه من خلال رقمه:
CF -> Compliant ->Non Technical -> Mobile number lost/stolen
Escalation: No
هنوضح للعميل اننا ممكن تقدم طلب لتغير رقم العميل بعد مراجعة بيانات علي CRM وهنعرض اننا ممكن نقفل التطبيق مؤقتا ونعمل حظر للحد الائتماني مؤقتا وبعد تغيير الرقم يقدر يكلمنا ونفتحه مره تانيه هنبعت للتيم ليدر يقفل الابلكيشن والليمت للعميل (Lost/Stolen Block)
وفى حال سؤاله عن الطلب والاقساط اللى نزلت عليه
لو حالة الطلب تم التسليم Delivered
هنعتذر للعميل وهنوضحله ان الاقساط مستحقه علي حضرتك لان تم طلبها من الاكونت الخاص بك
لو حاله الطلب Purchased / Proceed with delivery
هنعمل طلب cancel purchased request و نبعت لليدر الموجود عشان نستعجل الطلب (في حال لم يتم التسليم)"
1635,b5b07de924db55578ce381152a9f140c,0,halan,CF,Inquiry,Technical Issue,No,ok,Inquiry about CF instant approval,عميل يستفسر عن الأوراق المطلوبة للحصول علي حد ائتماني(فوري),yes,"Vertical: CF | Type: Inquiry | Issue: Technical Issue | Escalation: No

Question EN: Inquiry about CF instant approval
Question AR: عميل يستفسر عن الأوراق المطلوبة للحصول علي حد ائتماني(فوري)

Script:
عميل يستفسر عن الأوراق المطلوبة للحصول على حد ائتمانى(فوري)
CF -> Inquiry -> Inquiry about CF instant approval
هو مبلغ بينزل لحضرتك علي التطبيق تقدر من خلاله شراء منتجات من خلال التطبيق او من خلال شبكة التجار اللي بتظهر لحضرتك حد الشراء يصل إلى 500,000 بيتحدد بناء على الاستعلام الائتماني وتقدر تستخدمه في عمليات شراء حسب احتياجاتك وتسدد بالتقسيط على فترة من 6 حتى 36 شهر حسب اختيارك و متوسط الفائدة 38.38%
سنويا وبتحدد بناءا على الفترة الزمنية للتقسيط سن العميل لازم يكون من 21 ل 59 سنة
الاوراق المطلوبة هي صورة البطاقة فقط
محافظات الحد الائتماني الفوري :
القاهرة - الجيزة - القليوبية- الاسكندرية -الدقهلية (المنصورة)-اسيوط- دمياط- الاسماعيلية المنيا- سوهاج - قنا - الغربية - المنوفية - الدقهليه (المنصورة فقط) - الشرقية (العاشر فقط)"
1644,db8b95eea9f45e37b09c52013c396e09,0,halan,General,Request,Non-Technical Issue,Yes,ok,Cancel Loan after disbursement (Cash It),"بعد الصرف ""Invoice later"" عميل يريد الغاء الطلب",yes,"Vertical: General | Type: Request | Issue: Non-Technical Issue | Escalation: Yes

Question EN: Cancel Loan after disbursement (Cash It)
Question AR: بعد الصرف ""Invoice later"" عميل يريد الغاء الطلب
Notes: (لجميع العملاء)
Body: (لجميع العملاء)

Script:
عميل يريد الغاء الطلب ""Invoice later"" قبل استكماله بعد الصرف (لجميع العملاء):
Cash it -> Request -> Cancel Loan after disbursement
Escalation: Yes
في حالة عميل طلب انه يلغي معاملة -> المعاملة دي ""Cash It - Cash Loan"", والفلوس ع الكارت بتبقي ظاهرة كدا علي CRM
Vendor Name
Disbursement Type
Cash loan
UPG_HALAN_CARD_NO_PIN
هنراجع الحاجات :
1. تقديم الطلب خلال 24 ساعة من تاريخ إصدار القرض.
2. مبلغ المصروف لازم يبقي بدون أي استخدام : في حال قام العميل بسحب المبلغ أو إيداعه مرة أخرى فسيتم رفض الطلب (نقدر نشوفها من ""CRM -> Card transactions"".
3. متاحة لجميع العملاء ( الفروع وCredit Scoring )
سيتم الغاء القرض وخصم المبلغ من الكارت خلال 48 ساعة عمل .. لازم ناخد البيانات دي في التيكت:
اسم العميل
تاريخ المعاملة
رقم البطاقة
حالة الطلب
قيمة المعاملة
الفرع"
1645,008a3480114e5267a618dd194b826700,0,halan,CF,Complain,Technical Issue,Yes,ok,Delay receiving call from instant approval Team (Halan),عميل يشكوا من تأخر استقبال رد بعد تقديم طلب الحد الائتماني الفوري (Halan),yes,"Vertical: CF | Type: Complain | Issue: Technical Issue | Escalation: Yes

Question EN: Delay receiving call from instant approval Team (Halan)
Question AR: عميل يشكوا من تأخر استقبال رد بعد تقديم طلب الحد الائتماني الفوري (Halan)

Script:
* عميل يشكوا من تأخر استقبال رد بعد تقديم طلب الحد الائتماني الفورى:
CF -> Complaint -> Non-Technical -> Delay receiving call from instant approval Team
هنشوف طلب العميل علي بورتال credit scoring ونشوف حالة الطلب اية
هنسأل العميل حضرتك تعرف اية هو الحد الائتماني والأوراق المطلوبة للتقديم ولا لا: لو العميل ميعرفش هشرحلة آية هو الحد الائتماني , لو يعرف هكمل ع البورتال وحالة الطلب بتكون :
موافقة ائتمانية : بيوصل للعميل الموافقى خلال 20 دقيقة ثم هنوجه العميل للامضاء على العقد في اقرب نقطة تفعيل بالأوراق المطلوب
-في حالة العميل مقدم من التطبيق والطلب الفوري اترفض.
-هنلاقي العميل اتفتح ليه طلب علي ادمن تول بنأكدله الطلب لو حابب والتمويل بيكون من خلال فروع مشروعي او تساهيل.
مرفوض :
-في حالة العميل مقدم من خلال مندوب حالا فيActivation Point
-العميل هينتظر 60 يوم للتقديم مرة اخري .. لو محتاج التمويل هنوجهه لأقرب فرع مشروعي او تساهيل.
ملحوظة هامة:
- لو العميل (اترفض/أو ففل الليمت) بنقدر نعرف ممكن يقدم امتي تاني عن طريق بورتال credit scoring .. قدم مجددا ( التاريخ).
لو طلب العميل لم يتم الرد عليه من اكثر من 30 يوم الطلب قيد المراجعة (pending-initialization) تعتبر حالة العميل Rejected ونبلغه أن الطلب اترفض ويقدر يقدم بعد 60 يوم او يقدم خلال فروع مشروعي او تساهيل (ونبعت بيانات العميل وحالة الطلب لليدر الموجود) وهتبقي Escalation : No
لو العميل جاله موافقة (Pending Activation) ومراحش يمضي خلال 45 يوم .. الطلب هيكون Expired و العميل يقدر يقدم مرة ثانية طلب جديد من خلال اقرب فرع موافقة فورية."
1646,35f756e2bc0b5bad95ecf8553caeaa6d,0,halan,CF,Inquiry,Non-Technical Issue,No,ok,Inquiry about CF instant approval (Halan),عميل يستفسر عن كيفية الحصول علي الحد الائتماني الفوري (Halan),yes,"Vertical: CF | Type: Inquiry | Issue: Non-Technical Issue | Escalation: No

Question EN: Inquiry about CF instant approval (Halan)
Question AR: عميل يستفسر عن كيفية الحصول علي الحد الائتماني الفوري (Halan)

Script:
* عميل يستفسر عن كيفية الحصول على الحد الائتمانى الفورى:
CF-> Inquiry -> Inquiry about CF instant approval
بنسأل العميل عن المحافظة ولو العميل متواجد ضمن :
القاهرة - الجيزة - القليوبية- (الاسكندرية -الدقهلية (المنصورة)-اسيوط - دمياط - الاسماعيلية المنيا- سوهاج - قنا - الغربية - المنوفية - الدقهليه (المنصورة فقط) - الشرقية (العاشر فقط).
Instant Approval
APP
مندوب
تقدر تقدم الطلب عن طريق التطبيق وبيتم الرد من خلال التطبيق بحالة الطلب سواء بالموافقة أو الرفض يمكن التقديم مرة أخرى بعد الرقض ب 60 يوم
تقدر حضرتك تشرفنا في فروع الموافقه الفوريه لعمل الطلب تحب اوضح لحضرتك الفروع المتاحه (من خلال شيت الموافقة الفوريه)
إجراءات الموافقه الفوريه
موظف الفرع
APP
فروع الموافقة الفورية
17
Pending Approval
Pending initialization
Rejected
T
20 Minutes
48 Hours
Pending Activation
Rejected يقدر يقدم بعد 60 يوم
Lead (معلومة لينا مش يتتقال للعميل)
Pending Activation العميل محتاج يزور أقرب فرع للامضاء
Rejected يقدر يقدم بعد 60 يوم
العميل محتاج يزور أقرب فرع للامضاء
بيكون الاستعلام الائتماني غير واضح شكله, فيتحول العميل لنظام الضمان, ويتأكدله طلب (زي القاليديشن) لأقرب فرع حسب المنطقة السكنية
Pending initialization
Approved
Rejected يقدر يقدم بعد 60 يوم
بعد ال 60 يوم : لو عميل جالنا بيشتكي انه بيقدم علي حد ائتماني من التطبيق ومش عارف ؟ هنوجه العميل لأقرب فرع مشروعي او تساهيل ليه وهنوضلحله الأوراق المطلوبة ومواعيد عمل الفروع.
ملحوظة :
- مواعيد عمل مندوب في فروع الموافقة الفورية : نشوفها على شيت activation points - لو العمیل مش عایز یستني 60 یوم بعد الرفض ممکن یقدم من خلال اقرب فرع مشروعي او تساهیل ."
1647,00779134e91456ce8c98f691f8896811,0,halan,CF,Request,Technical Issue,Yes,ok,Reschedule installment (Halan),عميل يريد تغيير الفترة الزمنية للتقسيط (Halan),yes,"Vertical: CF | Type: Request | Issue: Technical Issue | Escalation: Yes

Question EN: Reschedule installment (Halan)
Question AR: عميل يريد تغيير الفترة الزمنية للتقسيط (Halan)

Script:
عميل يريد تغيير الفترة الزمنية للتقسيط:
CF <- Request <- Reschedule installment
Escalation :Yes
لازم نوضح للعميل ان في حالة الشراء في العروض .. مش متاح تغيير الفترة الزمنية للاقساط
تم تقديم طلب حضرتك و سيتم فى حالة لم يأتى ميعاد استحقاق اول قسط: فأكد علي العميل انه مدفعش اي اقساط، التواصل مع حضرتك في خلال 5 أيام عمل
(سيتم التسجيل في التكت: الفترة الزمنية السابقة - الفترة الزمنية الجديدة) في تيكت
فى حالة بعد ميعاد استحقاق اول قسط: غير متاح تغيير الفترة الزمنية للتقسيط بعد دفع القسط الأول .
ملحوظة مهمة :
لو عميل credit scoring لازم نسأله سبب تغيير مدة القسط اية ونكتبها في التيكت ."
1648,9de251a0c3e15be484915c076103224f,0,halan,CF,Request,Technical Issue,Yes,ok,Change mobile number (Halan),عميل يريد تحديث بياناته الخاصة بحساب الحد الائتماني (رقم الموبايل فقط),yes,"Vertical: CF | Type: Request | Issue: Technical Issue | Escalation: Yes

Question EN: Change mobile number (Halan)
Question AR: عميل يريد تحديث بياناته الخاصة بحساب الحد الائتماني (رقم الموبايل فقط)

Script:
* عميل يريد تحديث بياناته الخاصة بحساب الحد الائتمانى (رقم الموبايل فقط):
CF <- request <- Change mobile number.
Instant Approval
تم تفعيل الحد الائتمانى
لم يتم تفعيل الحد الائتماني
بنقدم طلب لحضرتك وسيتم التواصل مع حضرتك في خلال 5 أيام عمل لاستكمال الاجراءات.
بنقدم طلب لحضرتك و سيتم تغيير الرقم قبل التفعيل.
Escalation: No
لازم توضح في الطلب الرقم القديم والجديد
و نأكد على العميل انه هيستقبل مكالمة لامضاء عقد جديد بالرقم الجديد
Escalation: Yes
Escalation: Yes
في حالة العميل مضي العقد ولسة الرقم متغيرش : هنوضحله اننا هنقدم شكوي وهيتم الرد خلال 24 ساعة عمل.
CF-> Comp -> Non tech -> Delay of change number after signing the contract
Escalation : Yes
ملحوظة :
لو العميل قدم برقم واترفض ومحتاج يغير الرقم عشان يقدم برقم اخر .. هناخد منه البيانات و هتقدم الطلب بصورة طبيعية.
فرع مشروعي أو تساهيل
استأذنك ممكن تشرفنا في الفرع اللي حضرتك قدمت فیه الاوراق لتحدیث البيانات و امضاء عقد جديد.
لازم توضح في الطلب الرقم القديم والجديد
ونأكد على العميل انه هيستقبل مكالمة لامضاء عقد جديد بالرقم الجديد"
1649,c29dc70c517d571c91cf4f2944cd7bb5,0,halan,CF,Inquiry,Technical Issue,Yes,ok,Early Settlement through the app,في حالة السداد المبكرعن طريق التطبيق :,yes,"Vertical: CF | Type: Inquiry | Issue: Technical Issue | Escalation: Yes

Question EN: Early Settlement through the app
Question AR: في حالة السداد المبكرعن طريق التطبيق :
Notes: في حالة السداد المبكرعن طريق التطبيق :
•	لازم ميكونش في قسط مدفوع بشكل جزئي .. لازم العميل يدفع الاقساط كاملة مش جزئية .
•	لو العميل عليه اي غرامات تأخير لازم تدفع الاول و بعدها هيقدر يسدد بدري عن طريق الابلكيشن.
Body: في حالة السداد المبكرعن طريق التطبيق :
•	لازم ميكونش في قسط مدفوع بشكل جزئي .. لازم العميل يدفع الاقساط كاملة مش جزئية .
•	لو العميل عليه اي غرامات تأخير لازم تدفع الاول و بعدها هيقدر يسدد بدري عن طريق الابلكيشن.

Script:
Early Seettlement
Card Purchases
الأقساط المحدودة
الأقساط المستحقة
قط مايس 2000
4 1200
قسط مارس 2020 مساديل بدفع في فى وقت
قسط أبريل 2020 مملديل في 29/04/2020
Cand Purchases
غط مايو 2000
1200 جي
عملديق في 2020/DVow
20.500 EGP
On jisi monthe - 4 rutalineres tyle Pro PM 21 44 2004
قسط يونيو 2000
إدفع الأقساط
التسوية المبكرة
45 days, and active dues
ے Early Settlement
Cand Purchases
Active .
Amerns
15see tee
8:00 PMA. 30-Foot 2006
Par
Select loans
-+ك
-----
Choose payment method
14-
شعبد وسيلة الدفع
Review payment details
قسط يمسى 2001
اغبى التشفي
with با الك ريب عبد تشر فت بالاكترت
Success/Failure page
تهث عملية الدفع بنجاح
تعامل العملية
ببيع مسددور
قصيدة البليسيه
Active dues only
Early Settlement
Assive Installments
-٥٠
يكتتب هذا عنوان
يطلب هذا عنوان
و
عبد الستاريات العلاج 35,000 جنيه من 300.000 3 يكتب هنالص
Active Instalinents
500 0.36-04 1004
90 .21 490 3044
HO PM 21 04 2004"
1650,b521299cb25354ddb63e4c3edf66c380,0,halan,CF,Request,Non-Technical Issue,No,ok,Early Full Settlement – Clearance letter (Halan),عميل يريد تقديم طلب سداد معجل و استخراج مخالصة,yes,"Vertical: CF | Type: Request | Issue: Non-Technical Issue | Escalation: No

Question EN: Early Full Settlement – Clearance letter (Halan)
Question AR: عميل يريد تقديم طلب سداد معجل و استخراج مخالصة

Script:
عميل يريد تقديم طلب سداد معجل و استخراج مخالصة:
CR → Request → early full settlement → clearance letter (طالب سداد معجل مع مخالصة)

لازم نوضح للعميل لو متاح ليه عرض سداد المعجل بيتم دفع اجمالي الأقساط بالفوايد.

بنوجه العميل لاستخدام السداد المعجل من خلال التطبيق. البنك هيرد يوم ويتواصل معانا بعد السداد لطلب المخالصة.

لو العميل Blocked:
هنقدم الطلب من عندنا وفي الحالة دي:
- بيتم حساب اول 4 اقساط و يتم الغاء باقي الفوائد المحسوبة على المبلغ حتى نهاية المدة وإضافة عمولة سداد مبكر 6% على كامل المبلغ المتبقي.
- بيتم تقديم طلب و بيتم الرد بالمديونية خلال 3 ايام عمل او العميل نفسه بيراجع واكثر فيتم حساب المديونيه خلال 5 ايام عمل.
- الفرع يُشرف عليها من CRM.
- مش هنشرح (رسوم الشهادات ولا طريقه الاستلام) الا لو العميل سأل.

جدول الرسوم:
| الرسوم بالجنيه | الاجراء |
| 250 | شهادة مخالصة بدون صحه توقيع |
| 300 | شهادة مخالصة بصحه توقيع |
| 250 | شهادة مديونيه بدون صحه توقيع |
| 300 | شهادة مديونيه بصحه توقيع |

- لازم نسأل العميل محتاج مخالصة بأية؟ (او محتاج مخالصة بنك او مخالصة فيزا) ولازم نتأكد من ده.
- سيتم التواصل بالعميل بعد اصدار الشهادة لترتيب ميعاد و مكان توصيل الشهادة له. سيتم اصدار الشهادة خلال 5 ايام عمل من استلام ايصال الدفع الكلي والمخالصة.

ملاحظات هامة:
- في حالة طلب العميل استخراج مخالصة يتم الغاء الحد الائتماني. لو العميل محتاج الحد الائتماني بيقدم على استخراج شهادة مديونية (مهم).
- العميل بعد السداد بيتم ارسال صورة من الايصال على رقم الواتس اب 20216503+ من نفس الرقم المسجل عندنا.
- في حالة اغلق العميل الحد الائتماني يمكن التقديم مرة اخرى بعد 3 شهور (credit scoring).
- العميل بيشتكي من تأخر استلام المخالصة بعد ارسال ايصال الدفع (في حالة تعدي الـ 5 ايام عمل): هراجع شيت المخالصات وهنشوف حالة المخالصة اية (مع فريق التوصيل – تم توصيل المخالصة – ...).
- في حالة لو مش لاقين رقم البطاقة على الشيت: هيبعت البيانات تليجرام و نوضح للعميل اننا هنرجعتله برد خلال اليوم.

في حالة السداد المبكر عن طريق التطبيق:
- لازم ميكونش في قسط مدفوع بشكل جزئي ... لازم العميل يدفع الأقساط كاملة مش جزئية.
- لو العميل عليه اي غرامات تأخير لازم تدفع الأول و بعدها هيقدر يسدد بدري عن طريق الأبلكيشن.

- Escalation: No
- CRM: CR → Request → early full settlement → clearance letter"
1651,ace2e92b73ef51f7b918c213ed680ecc,0,halan,CF,Request,Technical Issue,Yes,ok,Early Full Settlement (Halan),(Halan) عميل يريد تقديم طلب سداد معجل,yes,"Vertical: CF | Type: Request | Issue: Technical Issue | Escalation: Yes

Question EN: Early Full Settlement (Halan)
Question AR: (Halan) عميل يريد تقديم طلب سداد معجل

Script:
* عميل يريد تقديم طلب سداد معجل ؟
(عايز سداد معجل فقط) CF <- Request <- Early Full Settlement
Escalation: Yes
Credit Scoring
فرع مشروعي أو تساهيل
لازم نوضح للعميل لو مشتري ف عرض .. عند السداد المعجل بيتم دفع اجمالي الاقساط بالفوايد لو العميل موبايله اندرويد: هنوجه العميل للسدد المبكر ومعرفة قيمة المديونية عن طريق الابلكيشن. لو موبايله ios:
ييتم حساب أول 4 بالفوايد ويتم إلغاء باقى الفوائد المحسوبة على المنتج حتى نهاية المدة وإضافة عمولة سداد مبكر 5% على أصل
المبلغ المتبقى بيتم تقديم طلب وسيتم الرد بالمديونية خلال 3 أيام عمل , لو العميل عنده 30 معاملة او اكثر هيتم حساب المديونية خلال 5 أيام عمل (نقدر نشوفها من crm).
لازم نسأل العميل محتاج مخالصة ولا لا .. ولو محتاج مخالصة محتاج مخالصة بصحة توقيع (بنكيه) ام لا.
فى حالة طلب العميل استخراج مخالصة بيتم الغاء الحد الائتمانى ، لو العميل محتاج الحد الائتمانى بيقدم على استخراج شهادة مديونية (مهم) العميل بعد أن يسدد المبلغ بيتم ارسال صورة من الايصال على رقم الواتس اب 20216303+ .. من نفس الرقم المسجل عندنا.
استأذنك ممكن تشرفنا في الفرع اللي حضرتك قدمت فيه الاوراق للحصول علي المخالصة \الاوراق.
CF -> Request -> Finishing All CF Installment Paper
Escalated ; No
في حالة السداد المبكر عن طريق التطبيق :
• لازم ميكونش في قسط مدفوع بشكل جزئي .. لازم العميل يدفع الاقساط كاملة مش جزئية .
• لو العميل عليه اي غرامات تأخير لازم تدفع الاول وبعدها هيقدر يسدد بدري عن طريق الابلكيشن."
1655,76012a135e065b13b47140f0fc934b90,0,halan,CF,Complain,Technical Issue,Yes,ok,Early Settlement not appear in App,عميل يشكوا من عدم ظهور اختيار السداد المبكر,yes,"Vertical: CF | Type: Complain | Issue: Technical Issue | Escalation: Yes

Question EN: Early Settlement not appear in App
Question AR: عميل يشكوا من عدم ظهور اختيار السداد المبكر

Script:
عميل يشكوا من عدم ظهور اختيار السداد المبكر :
CF -> Complain -> tech -> Early Settlement not appear in App Escalation: No
في الوقت الحالي السداد المبكر عن طريق التطبيق متاح فقط لعملاء الاندرويد
بمجرد تحديث التطبيق سيظهر اختيار السداد المبكر ."
1678,7768e62da7a1572bb1f05ce3e345adc8,0,halan,CF,Inquiry,Technical Issue,No,ok,Credit builder,Credit buildeفترات السداد الخاصة بعملاء ال,yes,"Vertical: CF | Type: Inquiry | Issue: Technical Issue | Escalation: No

Question EN: Credit builder
Question AR: Credit buildeفترات السداد الخاصة بعملاء ال

Script:
فترات السداد الخاصة بعملاء ال Credit builde:
CF->Iquiry -> inquiry about credit bulider
بالنسبة للعملاء الحالیین، أي عملية جديدة ستكون متاحة بفترة سداد 3 شهور فقط.
، في حالة زيادة الحد الائتماني من 1000إلى 2000 ثم إلی 4000 أو 6000 ، ستکون جمیع العملیات بفترة سداد 3 شهور فقط.
عند وصول الحد الائتماني للعمیل إلی 10,000، ستکون جمیع فترات السداد متاحة.
لازم العميل يقوم بعمليات شراء بالكارت ومع الانتظام والالتزام في السداد او سداد المعاملات قبل ميعاد اول قسط .
عملاء Credit builder مسموح لهم فقط معاملات بالكارت
لا يمكنهم استخدام أي قنوات أخرى مثل التجار، دفع الفواتير، کاش إت، طلبية، أو خلال تطبيق حالا."
1679,b936c327c0a2514fac96c0680233bd7e,0,halan,CF,Complain,Non-Technical Issue,Yes,ok,Not removing installments after early settlement service (CF),عميل يشكوا من عدم سداد المبكر بعد خصم المبلغ المطلوب سداده (CF),yes,"Vertical: CF | Type: Complain | Issue: Non-Technical Issue | Escalation: Yes

Question EN: Not removing installments after early settlement service (CF)
Question AR: عميل يشكوا من عدم سداد المبكر بعد خصم المبلغ المطلوب سداده (CF)

Script:
عمیل یشکوا من عدم سداد المبكر بعد خصم المبلغ المطلوب سداده:
CF -> Complain -> financial -> not removing installments after early settlement service (CF) Escalation: Yes
لازم نتأكد من الCRM ان المعاملات مش مسددة
بنعتذر للعميل و نوضحله اننا هنقدم طلب لتسديد المديوينة علي العميل ولازم ناخد منه البيانات التالية
.1 اسم العميل و رقم الموبايل و رقم البطاقة.
ارقام المعاملات اللي تم سدادها.
.2
وقت و تاریخ التسديد. .3 سکرین الخصم. .4 طريقة الدفع. .5
و سیتم الرد خلال 5 ایام عمل"
1682,3e67419c25c75cedb5fd41e4455df7be,0,halan,CF,Inquiry,Technical Issue,Yes,ok,how to pay credit limit installments (Halan),عميل يستفسر عن كيفية سداد القسط - ما هى وسائل دفع؟ (حالا),yes,"Vertical: CF | Type: Inquiry | Issue: Technical Issue | Escalation: Yes

Question EN: how to pay credit limit installments (Halan)
Question AR: عميل يستفسر عن كيفية سداد القسط - ما هى وسائل دفع؟ (حالا)

Script:
* عميل يستفسر عن كيفية سداد القسط - ما هى وسائل دفع؟
CF -> Inquiry -> how to pay credit limit installments
حضرتك تقدر تدفع القسط الشهري من خلال:
Instant Approval
كريديت كارد كريديت كارد (يجب دفع المبلغ المطلوب كما هو لا يمكن دفع جزء منه أو أكثر من المبلغ المطلوب)
فوري عن طريق الكود 71822 متبوع برقم الموبايل أو البطاقة عن طريق محفظة حالاً.
عن طريق اي محفظة الكترونية (حالا كاش او اي محفظة تانية)
عن طريق كارت حالا (يجب على العميل فقل زر ""التقسيط بكارت حالا"" من التطبيق).
عن طريق اي ماكينة ""بساطة / مكسب/أمان/opay ماكينات super pay"" بإستخدام برقم الموبايل أو البطاقة
عن طريق InstaPay
اختار وسيلة الدفع X
×
دفع الأقساط
استخدم رصيد حالا
3.0 جنيه
رقم المحفظة الإلكترونية
بطاقة الإئتمان أو الخصم المباشر
رقم المحفظة الإلكترونية
طرق الدفع
بطاقة الإئتمان أو الخصم المباشر
رقم المحفظة الإلكترونية 01125775266
المحفظة الإلكترونية
محفظة حالا كاش او اي محفظة تانية برقم موبايل
C
محفظة حائد كاش او اي محفظة ثانية برقم موباي
& اختر من جهات الإتصال لديك
فرع مشروعي أو تساهيل
كريديت كارد (يجب دفع المبلغ المطلوب كما هو لا يمكن دفع جزء ۔ مته أو أكثر من المبلغ المطلوب)
- فوري عن طريق الكود 71822 متبوع برقم الموبايل أو البطاقة عن طريق محفظة حالاً. ۔
عن طريق اي محفظة الكترونية (حالا كاش او اي محفظة تانية) ۔ عن طريق كارت حالا (يجب على العميل فقل زر ""التقسيط بكارت ۔ حالا"" من التطبيق).
عن طريق اي ماكينة ""بساطة / مكسب/أمان/opay/ ماكينات super pay"" بإستخدام برقم الموبايل أو البطاقة
عن طريق InstaPay
سيتم الدفع من رصيد المحفظة أوا
طرق الدفع
كارت حالاً
بدون مصاريف
المحفظة الالكترونية
مواعيد فرع مشروعي اتساهيل كل يوم من الساعة 9 صباحا ل 5 مساء ما عدا يوم الجمعه واسبت اجازه
ملحوظة: القسط بيظهر على ماكينة قورى اول يوم في الشهر.
مثال: العميل هيدفع القسط 10/1, لو العميل ذهب لماكينة قورى يوم 9/30 القسط هيكون مش ظاهر على ماكينة قورى قبالتالي لا يستطيع دفع القسط"
1683,1aef9fd06fe75352973bab12645748d6,0,halan,CF,Inquiry,Non-Technical Issue,No,ok,Inquiry about auto loan service,Auto Loan ما هي خدمة,yes,"Vertical: CF | Type: Inquiry | Issue: Non-Technical Issue | Escalation: No

Question EN: Inquiry about auto loan service
Question AR: Auto Loan ما هي خدمة

Script:
ما هي خدمة Auto Loan؟
خدمة الأوتو لون هي خدمة تمويل لشراء السيارات الجديدة أو المستعملة مقدمة من حالا تتيح للعميل تقسيط قيمة السيارة على فترة تصل إلى 7 سنوات
الخدمة تتيح:
تمويل يصل إلى 10 مليون جنيه
مقدم 20% للجديد و30% للمستعمل كحد ادني
وبأنظمة سهلة ومرنة في حالة دفع مقدم 50% او اكثر.
ملحوظة :
خدمة تمويل السيارات من حالا مستقلة عن خدمة تمويل السيارات من مشروعي
هذه الخدمة متاحة للعملاء في بعض المحافظات (الاسكندرية - القاهرة - الجيزة - سوهاج - غربية - منيا )
Inquiry -> Inquiry about auto loan service Escalation: No"
1684,8b78043948c355549aed8806498750d7,0,halan,CF,Inquiry,Technical Issue,No,ok,Inquiry about Auto Loan registration steps,Auto Loanخطوات التقديم علي ال,yes,"Vertical: CF | Type: Inquiry | Issue: Technical Issue | Escalation: No

Question EN: Inquiry about Auto Loan registration steps
Question AR: Auto Loanخطوات التقديم علي ال

Script:
خطوات التقديم بشكل بسيط وملخص:
تقديم طلب من خلالي للقسم المختص للتواصل بك في خلال يوم عمل لتنسيق موعد التنسيق مع مسئول المبيعات لتقديم الطلب واكمال لاجراءات · الرد علي الطلب في خلال يومين عمل
في حالة القبول يتم تحديد تفاصيل السيارة الذي يريدها العميل (سعر - نوع - لون - موديل - جديد ام مستعمل) ثم يتم اكمال الاجراءات بناءا علي السيارة جديدة ام مستعمل كالاتي :
A
في حالة الجديد :
تقوم الشركة بتقديم عرض بيع من المعرض
يقم العميل بدفع الرسوم الادارية للمعرض واستلام ايصال دفع - يتوجه لحالا بايصال الدفع ويقوم بامضاء العقود وشيكات التحصيل او الضمان - تقوم حالا بتحويل المبلغ للمعرض وتستلم الأوراق الخاصة بالسيارة منه ۔
ثم تقوم الشركة بترخيص وعمل حظر البيع للسيارة في 10 أيام عمل ۔ وتسليم الرخص للعميل
في حالة المستعمل: >
- يتم تقييم سعر السيارة بناء علي حالة السيارة والفحص الفني من قسم التقييم
- استلام اوراق السيارة من البائع و امضاء العقد وشيكات التحصيل من خلال العميل في شركة حالا يتم الترخيص وعمل حظر البيع
ثم الصرف وتسليم الشيك للبائع
وتسليم الرخص للعميل
۔
Inquiry -> Inquiry about registration steps-Escalation: No"
1685,3402afd3a9085f72bd322629f059ba7e,0,halan,CF,Inquiry,Technical Issue,No,ok,Auto Loan Daetails,Auto Loan تفاصيل التمويل,yes,"Vertical: CF | Type: Inquiry | Issue: Technical Issue | Escalation: No

Question EN: Auto Loan Daetails
Question AR: Auto Loan تفاصيل التمويل

Script:
الحد الأدنى والأقصى للتمويل؟
يبدأ من 100 الف للتمويل ويصل إلى10 مليون جنيه بناءا على حالة العربية والاستعلام.
• ملحوظة : في حالة سؤال العيمل عن وجود فرق مبلغ عن المبلغ المتوافق عليه وقيمة السيارة يتم الرجوع فيها الى مسئول المبيعات في حالة في امكانية لدفع الفرق او لا
Inquiry -> Loan Limits Inquiry-Escalation: No
نسبة المقدم المطلوبة؟
٠٠
%20 للسيارات الجديدة
%30للسيارات المستعملة
الجديد : قيمة الرسوم يتم دفعها للمعرض أو للشركة المستعمل : دفعها للبائع او لحالا في حساب الشركة
Inquiry -> Inquiry about Down payment details Escalation: No
مدة التقسيط المتاحة؟
• من سنة حتى 7 سنوات للجديد والمستعمل في السيارات الغير صيني ماعدا السيارات الصيني تكون مدة التقسيط حتى 5 سنوات فقط ويتم تنسيقها ايضا مع مندوب المبيعات.
Inquiry -> Inquiry about installments details Escalation: No
استفسار عن موعد سداد القسط:
• موعد دفع الأقساط يوم 5 في الشهر ( مثل حالا كريديت )
Inquiry -> Inquiry about installments details Escalation: No
نسبة الفائدة؟
نسبة الفايدة متغيرة متناقصة بتختلف بناءا على مدة التقسيط ووجود تأمين ام لا ويمكن معرفتها من خلال مندوب المبيعات الذي سيتواصل بك
ملحوظة : يمكن أن تختلف نسبة الفوائد في حالة ان العميل لديه حالا كريديت مفعل.
Inquiry -> Inquiry about interest rate Escalation: No"
1686,1aa4418afa2752d3b7b8e8217eb5a1dd,0,halan,CF,Inquiry,Technical Issue,No,ok,Inquiry about administration fees (Auto Loan),(Auto Loan ) استفسار بخصوص المصاريف الإدارية,yes,"Vertical: CF | Type: Inquiry | Issue: Technical Issue | Escalation: No

Question EN: Inquiry about administration fees (Auto Loan)
Question AR: (Auto Loan ) استفسار بخصوص المصاريف الإدارية

Script:
استفسار بخصوص المصاريف الإدارية؟
يوجد رسوم ادارية :
%1 على السيارات الجديدة %2 على السيارات المستعملة
ملحوظة :
= الجديد : قيمة الرسوم يتم دفعها للمعرض او لحساب حالا المستعمل : دفعها للبائع او لحالا في حساب الشركة -
Inquiry -> Inquiry about administration fees-Escalation: No"
1687,4bc750cc6d345604928d318e1cd4d1d6,0,halan,CF,Inquiry,Non-Technical Issue,No,ok,Inquiry about rejection reason (Auto Loan),استفسار عن سبب رفض طلب التمويل؟ (Auto Loan),yes,"Vertical: CF | Type: Inquiry | Issue: Non-Technical Issue | Escalation: No

Question EN: Inquiry about rejection reason (Auto Loan)
Question AR: استفسار عن سبب رفض طلب التمويل؟ (Auto Loan)

Script:
استفسار عن سبب رفض طلب التمويل؟
• يتم توضيح السبب ليك من خلال مندوب المبيعات
Inquiry -> Inquiry about rejection reason-Escalation: No"
1688,abf7a8754bdd563b800db715374554d6,0,halan,CF,Inquiry,Technical Issue,No,ok,Required Documents Inquiry (Auto Loan),(Auto Loan) الشروط و الاوراق المطلوبة من العميل للموافقة علي التمويل ؟,yes,"Vertical: CF | Type: Inquiry | Issue: Technical Issue | Escalation: No

Question EN: Required Documents Inquiry (Auto Loan)
Question AR: (Auto Loan) الشروط و الاوراق المطلوبة من العميل للموافقة علي التمويل ؟

Script:
الشروط و الاوراق المطلوبة من العميل للموافقة علي التمويل ؟
السن من 21 حتي 65 •
الأوراق المطلوبة بشكل مبدئي تختلف بناءا علي موظف ام صاحب عمل او اعمال حرة
للموظفين:
كشف حساب بنكي حديث مدته لا تقل عن 3اشهر (في حالة دفع مقدم اكثر من 50% لا يتطلب كشف حساب) مفردات مرتب (الحد الادني 15 الف ) .
• إيصال كهرباء أو غاز باسم محل الإقامة او يتم عمل استعلام ميداني
لأصحاب الأعمال الحرة:
ان يكون مر لا يقل عن سنتين في مجاله
السجل التجاري والضريبي
إيصال كهرباء أو غاز باسم محل الإقامة او يتم عمل استعلام ميداني
دخل شهري لا يقل عن 25 الف
كشف بنكي بناءا علي الانظمة المختارة في المقدم والتقسيط يمكن طلبه ·
ملحوظة : هذه المستندات تعتبر أوراق مبدئية يمكن تغييرها، وقد يُطلب تقديم مستندات إضافية بعد التواصل مع المندوب في القسم المختص حسب الاستعلام الائتماني.
Inquiry -> Required Documents Inquiry -Escalation: No"
1689,ff37ffafd1f05026a19a10dd2d9fbe57,0,halan,CF,Inquiry,Technical Issue,No,ok,Inquiry about Feedback SLA (Auto Loan),KYC يتم الرد في خلال قد ايه بعد تسليم الاوراق وامضاء ال (Auto Loan),yes,"Vertical: CF | Type: Inquiry | Issue: Technical Issue | Escalation: No

Question EN: Inquiry about Feedback SLA (Auto Loan)
Question AR: KYC يتم الرد في خلال قد ايه بعد تسليم الاوراق وامضاء ال (Auto Loan)

Script:
يتم الرد في خلال قد ايه بعد تسليم الاوراق وامضاء الKYC
• يتم الرد من جانب قسم الائتمان بالموافقة أو الرفض في خلال يومين عمل
Inquiry -> Inquiry about Feedback SLA-Escalation: No"
1690,ab38c49ca40c5438b92bea8589345fb8,0,halan,CF,Inquiry,Technical Issue,No,ok,Early Settlement Inquiry (Auto Loan),السداد المعجل ورسومه؟ (Auto Loan),yes,"Vertical: CF | Type: Inquiry | Issue: Technical Issue | Escalation: No

Question EN: Early Settlement Inquiry (Auto Loan)
Question AR: السداد المعجل ورسومه؟ (Auto Loan)

Script:
السداد المعجل ورسومه؟
يمكن السداد المعجل بعد دفع 6 أقساط (مجمعين او علي حدي) ، ويتم تطبيق رسوم 5.% علي اصل المبلغ المتبقي بدون فائدة.
Inquiry -> Early Settlement Inquiry -Escalation: No"
1691,c321985c2a995842a21da4b8252890f7,0,halan,CF,Inquiry,Technical Issue,No,ok,Inquiry about Insurance programs (Auto Loan),استفسار عميل بخصوص وجود تأمين وهل التأمين إجباري؟ (Auto Loan),yes,"Vertical: CF | Type: Inquiry | Issue: Technical Issue | Escalation: No

Question EN: Inquiry about Insurance programs (Auto Loan)
Question AR: استفسار عميل بخصوص وجود تأمين وهل التأمين إجباري؟ (Auto Loan)

Script:
استفسار عميل بخصوص وجود تأمين وهل التأمين إجباري؟
• في السيارات الجديدة: يوجد انظمة بها تأمين اجباري وانظمة اخري لا يوجد بها علي حسب اختيار العميل وتختلف معها الفائدة
• في السيارات المستعملة: لا يوجد تأمين
Inquiry ->Inquiry about Insurance programs -Escalation: No"
1692,5fd10e77eebc58dc95bc8fe8902f0cb2,0,halan,CF,Inquiry,Technical Issue,No,ok,Inquiry about used car conditions (Auto Loan),شروط السيارة المستعملة؟ (Auto Loan),yes,"Vertical: CF | Type: Inquiry | Issue: Technical Issue | Escalation: No

Question EN: Inquiry about used car conditions (Auto Loan)
Question AR: شروط السيارة المستعملة؟ (Auto Loan)

Script:
شروط السيارة المستعملة؟
الموديل بحد أقصى 7 سنوات للغير صيني و حتي 5 سنوات للمسيارات الصيني. تقرير فحص فني رسمي للسيارة حديث (من مركز معتمد متعاقد مع حالا) في حالة المستعمل
في حالة المستعمل عدد الكيلومترات ( 50,000 كم للبراند الصيني - وحتي 80,000 كم لاي براند غير صيني )
- اي اوراق او مستندات اخري للسيارة مطلوبة من البايع لامضاء العقد (يتم معرفتها من خلال المندوب)
Inquiry ->Inquiry about used car conditions-Escalation: No"
1693,a22558f31df254a5ae87c9b32081fedb,0,halan,CF,Inquiry,Technical Issue,No,ok,Inquiry about inspection report details (Auto Loan),شروط تقرير الفحص في حالة المستعمل؟ (Auto Loan),yes,"Vertical: CF | Type: Inquiry | Issue: Technical Issue | Escalation: No

Question EN: Inquiry about inspection report details (Auto Loan)
Question AR: شروط تقرير الفحص في حالة المستعمل؟ (Auto Loan)

Script:
شروط تقرير الفحص في حالة المستعمل؟
تقرير فحص من وكيل معتمد الشركة متعاقده معه والمندوب بيقوم بتوضيحه يشمل التقرير تاريخ الفحص ، عدد الكيلومترات ، رقم الهيكل ، رقم المحرك •
• فحص السيارة يتحمل تكلفته العميل او البائع بناءا علي الاتفاق بينهم
Inquiry ->Inquiry about inspection report details-Escalation: No"
1694,936c58b33e69594587eda95103f6b7ec,0,halan,CF,Inquiry,Technical Issue,No,ok,Inquiry about required documents for a used car (Auto Loan),الاوراق المطلوبة من البائع في للسيارة المستعملة؟ (Auto Loan),yes,"Vertical: CF | Type: Inquiry | Issue: Technical Issue | Escalation: No

Question EN: Inquiry about required documents for a used car (Auto Loan)
Question AR: الاوراق المطلوبة من البائع في للسيارة المستعملة؟ (Auto Loan)

Script:
الأوراق المطلوبة من البائع في للسيارة المستعملة؟
اصل الرخصة سارية
أصل شهادة المخالفات سارية •
اصل تسلسل الملكية (ان وجد) .
عقد مسجل من البايع للعميل
Inquiry -> Inquiry about required documents for a used car - Escalation: No"
1695,42a2c9dbc7e750eebdef4bdae45a6375,0,halan,CF,Inquiry,Technical Issue,No,ok,"Inquiry about inspection report details , Inquiry about restriction on sale (Auto Loan)","هل يمكن ان يتم رفض تقرير الفحص؟ , استفسار عن وجود حظر بيع؟ (Auto Loan)",yes,"Vertical: CF | Type: Inquiry | Issue: Technical Issue | Escalation: No

Question EN: Inquiry about inspection report details , Inquiry about restriction on sale (Auto Loan)
Question AR: هل يمكن ان يتم رفض تقرير الفحص؟ , استفسار عن وجود حظر بيع؟ (Auto Loan)

Script:
هل يمكن ان يتم رفض تقرير الفحص؟
نعم ، يمكن أن يتم رفضه لأسباب مختلفة ويتم توضيحها لك من جانب مندوب المبيعات، وفي حالة وجود اجراءات اخري لاعادة النظر في الطلب.
Inquiry ->Inquiry about inspection report details-Escalation: No
استفسار عن وجود حظر بيع؟
بيوجد حظر بيع علي السيارة حتي يتم انتهاء مدة الاقساط
Inquiry ->Inquiry about restriction on sale-Escalation: No"
1696,7fa96d2aeecf52d392cec7e3aacdf87e,0,halan,CF,Inquiry,Non-Technical Issue,No,ok,Who determines the car price? (Auto Loan),مين بيحدد سعر السيارة ؟ (Auto Loan),yes,"Vertical: CF | Type: Inquiry | Issue: Non-Technical Issue | Escalation: No

Question EN: Who determines the car price? (Auto Loan)
Question AR: مين بيحدد سعر السيارة ؟ (Auto Loan)

Script:
مين بيحدد سعر السيارة؟ (Auto Loan)

الجديد:
الشركة تأتي بعرض سعر وبتصل لافضل سعر من المعارض المتعاقدة معها.

المستعمل:
بالاتفاق مع البائع والعميل مباشرة بالسعر المناسب، علماً بأن السعر المحدد يتوقف على الفحص الفني وعلى موافقة إدارة التقييم للسعر.

- Escalation: No"
1697,b72d8e70c0b251878d357b3341f9840e,0,halan,CF,Inquiry,Technical Issue,No,ok,Inquiry about vehicle details (Auto Loan),التعاقد والصرف (Auto Loan),yes,"Vertical: CF | Type: Inquiry | Issue: Technical Issue | Escalation: No

Question EN: Inquiry about vehicle details (Auto Loan)
Question AR: التعاقد والصرف (Auto Loan)

Script:
باسم من يتم تسجيل السيارة؟
ترخيص السيارة يكون بإسم العميل / أقارب الدرجة الأولي فقط ( الاب ، الام، الأبناء ) ، في حالة كتابة السيارة بإسم الزوج / الزوجة ، يتطلب موافقة مسبقة من إدارة الائتمان ( يتواصل مع المندوب للاستفسار من خلاله)
Inquiry ->Inquiry about vehicle details-Escalation: No
يتم تحويل مبلغ التمويل لمين؟
حالا تقوم بتحويل تحويل مبلغ التمويل مباشرة إلى البائع من خلال تسليم شيك بنكي في المستعمل ، وفي الجديد يتم تسليم شيك بنكي / تحويل بنكي للمعرض.
Inquiry ->Inquiry about Disbursement details-Escalation: No
مكان ومعاد توقيع العقد؟
• يتم توقيع العقد في مقر الشركة في مول العرب وهذا بتنسيق موعد الامضاء ويوضحه لك مسئول المبيعات.
Inquiry ->Inquiry about contract process-Escalation: No
من المسئول عن ترخيص السيارة؟
• يتم الترخيص من خلال الشركة في خلال 10 أيام عمل من بعد استلام اوراق السيارة من المعرض وامضاء الأوراق والعقد ثم تسليم الرخص للعميل.
Inquiry -> Inquiry about who is responsible for the vehicle registration-Escalation: No"
1698,63e2a042aac156ac8d092e1a93049254,0,halan,CF,Inquiry,Technical Issue,No,ok,Inquiry about installments details (Auto Loan),طريقة سداد الأقساط؟ (Auto Loan),yes,"Vertical: CF | Type: Inquiry | Issue: Technical Issue | Escalation: No

Question EN: Inquiry about installments details (Auto Loan)
Question AR: طريقة سداد الأقساط؟ (Auto Loan)

Script:
طريقة سداد الأقساط؟
من خلال الطريقة المناسبة مع العميل من الطرق الآتية:
1. شيكات تحصيل: يتم دفع القسط من خلال امضاء شيكات تحصيل بمبالغ القسط كل شيك به قسط شهري بحيثت يتم صرفها في موعد دفع القسط
2. شيكات ضمان : في هذه الحالة يقوم العميل بالتوقيع على نموذج الخصم المباشر ACH المذكور به رقم حسابه واسم البنك و الفرع وموقع عليه من العميل توقيعه البنكي حتى نقوم بسحب القسط من خلاله بالاضافة الى توقيعه على شيكات ضمان على ان يكون الشيك الواحد بقيمة 6 اقساط و بعد سداد الأقساط يتم استرداده مرة اخري
مثال : العميل متعاقد علي 60 شهر ، يقوم بالتوقيع على 10 شيكات.
Inquiry -> Inquiry about installments details-Escalation: No"
1699,3f4e73c01fee5d018ffadd8b826a3da1,0,halan,CF,Inquiry,Technical Issue,No,ok,Inquiry about disbursement time (Auto Loan),استفسار عن متي يتم الصرف للبايع؟ (Auto Loan),yes,"Vertical: CF | Type: Inquiry | Issue: Technical Issue | Escalation: No

Question EN: Inquiry about disbursement time (Auto Loan)
Question AR: استفسار عن متي يتم الصرف للبايع؟ (Auto Loan)

Script:
استفسار عن متي يتم الصرف للبايع؟
يتم الصرف بعد التأكد من دفع المقدم والرسوم الادارية في حالة دفعها لحالا :
في حالة الجديد: بعد توقيع العقد واستلام عرض السعر من المعرض في حالة المستعمل : بعد اصدار رخصة السيارة وانهاء الترخيص وحظر البيع
Inquiry -> Inquiry about disbursement time-Escalation: No"
1700,18780293ca6d5336bd0824a5836b28f8,0,halan,CF,Inquiry,Technical Issue,No,ok,Inquiry about Down payment details (Auto Loan),طرق دفع المقدم؟ (Auto Loan),yes,"Vertical: CF | Type: Inquiry | Issue: Technical Issue | Escalation: No

Question EN: Inquiry about Down payment details (Auto Loan)
Question AR: طرق دفع المقدم؟ (Auto Loan)

Script:
طرق دفع المقدم؟
يمكن دفع المقدم:
• تحويل بنكي إنستا باي
ملحوظة :
الجديد : قيمة الرسوم يتم دفعها للمعرض او لحساب حالا المستعمل : دفعها للبائع او لحالا في حساب الشركة -
Inquiry -> Inquiry about Down payment details-Escalation: No"
1701,6274466b94555939b7a6a79e700544a2,0,halan,CF,Inquiry,Technical Issue,No,ok,Inquiry about installments details (Auto Loan),هل يتم معرفة قيمة القسط قبل التوقيع؟ (Auto Loan),yes,"Vertical: CF | Type: Inquiry | Issue: Technical Issue | Escalation: No

Question EN: Inquiry about installments details (Auto Loan)
Question AR: هل يتم معرفة قيمة القسط قبل التوقيع؟ (Auto Loan)

Script:
هل يتم معرفة قيمة القسط قبل التوقيع؟
• نعم، يتم توضيح قيمة القسط والفائدة للعميل قبل التوقيع بناءا علي مدة التقسيط
Inquiry -> Inquiry about installments details-Escalation: No"
1702,d547db67dcca50608ae7c897e372d19f,0,halan,CF,Inquiry,Technical Issue,No,ok,Inquiry about administration fees (Auto Loan),طريقة سداد الرسوم الادارية؟ (Auto Loan),yes,"Vertical: CF | Type: Inquiry | Issue: Technical Issue | Escalation: No

Question EN: Inquiry about administration fees (Auto Loan)
Question AR: طريقة سداد الرسوم الادارية؟ (Auto Loan)

Script:
طريقة سداد الرسوم الادارية؟
الجديد : قيمة الرسوم يتم دفعها للمعرض او لحساب حالا
= المستعمل : دفعها للبائع او لحالا في حساب الشركة =
Inquiry -> Inquiry about administration fees-Escalation: No"
1703,121695e06a135d18a5be0f9f37cf4cd8,0,halan,CF,Inquiry,Technical Issue,No,ok,Inquiry about cancellation details (Auto Loan),هل يمكن الالغاء بعد الموافقة وهل يوجد رسوم لها؟ (Auto Loan),yes,"Vertical: CF | Type: Inquiry | Issue: Technical Issue | Escalation: No

Question EN: Inquiry about cancellation details (Auto Loan)
Question AR: هل يمكن الالغاء بعد الموافقة وهل يوجد رسوم لها؟ (Auto Loan)

Script:
هل يمكن الالغاء بعد الموافقة وهل يوجد رسوم لها؟
الموافقة صالحة لمدة شهر من تاريخ صدورها بعد تقديم الأوراق ويمكن عدم استكمال الطلب والغاءه. في حال انتهاء الشهر دون استكمال الإجراءات، يتم الرجوع للمندوب لإعادة الاستعلام الائتماني لا يوجد رسوم للالغاء. ·
Inquiry -> Inquiry about cancellation details-Escalation: No"
1704,d20d20218f985344b82200a14982839e,0,halan,CF,Request,Technical Issue,Yes,ok,Auto Loan request (Auto Loan),تقديم طلب للخدمة؟ (Auto Loan),yes,"Vertical: CF | Type: Request | Issue: Technical Issue | Escalation: Yes

Question EN: Auto Loan request (Auto Loan)
Question AR: تقديم طلب للخدمة؟ (Auto Loan)

Script:
تقديم طلب للخدمة؟
بيتم تقديم طلب من خلالي ليتم التواصل بيك من جانب القسم المختص في خلال 24 ساعة عمل توضحلي · بعض البيانات (الاسم بالكامل - الرقم المسجل - الرقم القومي )
Request -> Auto Loan request-Escalation: NO"
1705,c120e762e63552f4a8260e45999e930e,0,halan,CF,Request,Technical Issue,Yes,ok,Auto Loan Cancel request (Auto Loan),تقديم طلب الغاء؟ (Auto Loan),yes,"Vertical: CF | Type: Request | Issue: Technical Issue | Escalation: Yes

Question EN: Auto Loan Cancel request (Auto Loan)
Question AR: تقديم طلب الغاء؟ (Auto Loan)

Script:
تقديم طلب الغاء؟
ممكن اعرف السبب ؟ في حالة لم يتم امضاء عقود او اوراق يمكن عدم استكمال الطلب بدوت الذهاب للتوقيع والتوضيح للمندوب مدة الامضاء بعد الموافقة تظل شهر قبل انتهاء صلاحيتها
Request -> Auto Loan Cancel request-Escalation: No
في حالة تم امضاء عقد او اي اوراق
بيتم تقديم طلب من خلالي ليتم الرد يوجود امكانية للالغاء او لا في اقرب وقت استأذنك توضحلي بعض البيانات (الاسم بالكامل - الرقم المسجل - الرقم القومي )
Request -> Auto Loan Cancel request-Escalation: Yes"
1706,a9b2b7c0cb0151f4838fce549bf93305,0,halan,CF,Request,Technical Issue,Yes,ok,Early Settlement request (Auto Loan),عمل طلب سداد معجل ؟ (Auto Loan),yes,"Vertical: CF | Type: Request | Issue: Technical Issue | Escalation: Yes

Question EN: Early Settlement request (Auto Loan)
Question AR: عمل طلب سداد معجل ؟ (Auto Loan)

Script:
عمل طلب سداد معجل ؟
هل تم دفع 6 اقساط بفائدتهم والباقي يتم ازالة الفائدة واحتساب 5% رسوم سداد معجل علي اصل المبلغ بيتم تقديم طلب من خلالي ليتم الرد بالمديونية في اقرب وقت استأذنك توضحلي بعض البيانات (الاسم بالكامل - الرقم المسجل - الرقم القومي )
Request -> Early Settlement request-Escalation: Yes"
1713,e9c1b948a0145b40a8d3525c61eb306f,0,halan,CF,Inquiry,Technical Issue,Yes,ok,Transfer Calls,Transfer Calls,yes,"Vertical: CF | Type: Inquiry | Issue: Technical Issue | Escalation: Yes

Question EN: Transfer Calls
Question AR: Transfer Calls

Script:
Queue Name
Card
الشكاوي يضغط 1 ثم 3
لتقديم وتفعيل حالا كرديت يضغط 2 ثم 1
التقديم على المشروعات الصغيرة 2 ثم 2
الشكاوي و الدعم يضغط 2 ثم 3
لاعاده تعيين الرقم السري يضغط 3 ثم 1
الشكاوي و الدعم يضغط 3 ثم 2
استثمار يضغط 4 ثم 1
Elite
جمعية يضغط 4 ثم 2
دهب يضغط 4 ثم 3
Gomla
يضغط 5
Salary lending
لتقديم يضغط 6 ثم 1 الشكاوى و الدعم يضغط 6 ثم 2
Cash
Selection
لاعاده تعيين الرقم السري يضغط 1 ثم 1 الاستفسارات يضغط 1 ثم 2
Halan"
1722,c9e28d1264bb503b8fa6dcc3a5849b29,0,halan,Pay,Inquiry,Non-Technical Issue,No,ok,How to create account on Halan Cash wallet,عميل بيستفسر عن كيفية انشاء حساب - محفظة حالا كاش,yes,"Vertical: Pay | Type: Inquiry | Issue: Non-Technical Issue | Escalation: No

Question EN: How to create account on Halan Cash wallet
Question AR: عميل بيستفسر عن كيفية انشاء حساب - محفظة حالا كاش

Script:
حالا كاش هي محفظة إلكترونية بالتعاون مع البنك الأهلي الكويتي مصر ABK تحت رقابة البنك المركزي ( في حالة سؤال العميل عن البنك التابع ليها )
ومن شروط إنشاء حساب
• رقم الهاتف مش مسجل به أي محفظة اخرى.
• رقم الهاتف يكون مسجل باسم حضرتك.
• رقم البطاقة غير مسجل به أكثر من ثلاثة محافظ.
ولو حضرتك متوافق للشروط
تقدر تتوجه لاقرب فرع تساهيل لانشاء المحفظة
املأ الاستمارة وأرسل صورة بطاقة الرقم القومي
سوف تتلقى رسالة برابط التطبيق ووصفه
ادخل رمز التفعيل ورقمك السري المفضل في التطبيق و المحفظة هتكون اتفعلت
ونوضح أقرب فرع للعميل ومواعيد عمله الرسمية
ومواعيد فروع تساهيل من 9 صباحاً لل 5 مساءاً وجمعة وسبت اجازة
ملحوظة : تفعيل المحافظ متوقف حالياً
- Escalation: No
- CRM: Pay → Inquiry → How to create account on Halan Cash wallet"
1723,ccca6820f8d45c5eb071206cbfd4e0a2,0,halan,Pay,Inquiry,Non-Technical Issue,No,ok,Inquiry about Halan Cash services,عميل بيستفسر عن خدمات حالا كاش,yes,"Vertical: Pay | Type: Inquiry | Issue: Non-Technical Issue | Escalation: No

Question EN: Inquiry about Halan Cash services
Question AR: عميل بيستفسر عن خدمات حالا كاش

Script:
حضرتك تقدر تعمل سحب وايداع من خلال ماكينات الصرف الآلي او من خلال بعض فروع تساهيل.
تحويلات نقدية فورية من وإلى أي محفظة ذكية.
حضرتك تقدر تدفع الكتروني للتجار في المحلات.
- Escalation: No
- CRM: Pay → Inquiry → Inquiry about Halan Cash services"
1724,3f70f4765bc8515799a6d821d87d0954,0,halan,Pay,Inquiry,Non-Technical Issue,No,ok,Inquiry about Halan Cash service fees,عميل بيستفسر عن مصاريف خدمة حالا كاش,yes,"Vertical: Pay | Type: Inquiry | Issue: Non-Technical Issue | Escalation: No

Question EN: Inquiry about Halan Cash service fees
Question AR: عميل بيستفسر عن مصاريف خدمة حالا كاش

Script:
لتحويل اموال (p2p) من محفظة حالا كاش لمحفظة حالا كاش هتكون مصاريف الخدمة 1 جنية في العملية.
لتحويل اموال (p2p) من محفظة حالا كاش لمحفظة اخرى هتكون مصاريف الخدمة 0.5% بحد أقصي 10 جنيه في العملية وبيتم تحديدها بناءا على المبلغ اللي هيتم تحويله.
للسحب من خلال ماكينة الصراف الآلي ATM / فروع تساهيل هتكون مصاريف / رسوم الخدمة 1% بدون حد أقصى.
- Escalation: No
- CRM: Pay → Inquiry → Inquiry about Halan Cash service fees"
1725,c38d5cb4d4a85cdb8e2bae2573f79a76,0,halan,Pay,Inquiry,Non-Technical Issue,No,ok,Inquiry about Daily & monthly limit for a deposit or withdrew amounts,عميل بيستفسر عن الحد المسموح للإيداع أو للسحب,yes,"Vertical: Pay | Type: Inquiry | Issue: Non-Technical Issue | Escalation: No

Question EN: Inquiry about Daily & monthly limit for a deposit or withdrew amounts
Question AR: عميل بيستفسر عن الحد المسموح للإيداع أو للسحب

Script:
هيتم المعرفة اذا كان العميل عنده محفظة ام لا
اذا كان عنده محفظة هيتم اتباع هذه الخطوات
• اولا بيتم مراجعة البيانات بالكامل من خلال بورتال كاش الاسم بالكامل والرقم القومي ويكون متواصل من نفس الرقم
ثم هيتم معرفة النظام الخاص بالعميل ليمت كامل ام محدود من خلال بورتال كاش
وبعدها يتم توضيح الليمت الخاص بالعميل ) حضرتك الليمت الخاص بك هو ........

| Limit Details | Limited Profile | Full Profile |
|---|---|---|
| مجموع الخارج من المحفظة يوميا Daily Total Debit | 30,000 | 60,000 |
| مجموع الخارج من المحفظة شهريا Monthly Total Debit | 50,000 | 200,000 |
| مجموع الداخل الى المحفظة يوميا Daily Total Credit | 30,000 | 60,000 |
| مجموع الداخل الى المحفظة شهريا Monthly Total Credit | 50,000 | 200,000 |
| Daily ATM Cash Out | 30,000 | 30,000 |
| Monthly ATM Cash Out | 50,000 | 200,000 |
| Wallet Balance | 50,000 | 200,000 |

وحضرتك بيتم تجديد الحد المسموح للمعاملات يوم واحد من كل شهر
• وفي حالة العميل علي الليمت المحدود : لابد ان نوضح له انه بيتم تحويل المحفظة على الليميت الكامل بعد 3 شهور من تاريخ الانشاء
• وفي حالة العميل علي الليمت الكامل : لابد ان نوضح له ان الحد الأقصى شهريا للحساب الكامل لمجموع الخارج من المحفظة (Debit) (سحب) - تحويل إلى - مدفوعات - أقساط) هو 200 ألف وكذلك الحد الأقصى لمجموع الداخل الى المحفظة (Credit) (إيداع واستلام المبالغ ( شهريا للحساب الكامل 200 ألف.
اذا كان لا يملك محفظة ولسه هيعملها
• هيتم شرح الليمت المحدود للعميل والتوضيح ان بعد 3 شهور هيتم تحويل العميل لليمت الكامل
- Escalation: No
- CRM: Pay → Inquiry → Inquiry about Daily & monthly limit for a deposit or withdrew amounts"
1726,ee8e926e8d44598aa82317adf28616f5,0,halan,Pay,Inquiry,Non-Technical Issue,No,ok,Inquiry about the remaining limit,عميل بيستفسر عن المتبقي من الليميت,yes,"Vertical: Pay | Type: Inquiry | Issue: Non-Technical Issue | Escalation: No

Question EN: Inquiry about the remaining limit
Question AR: عميل بيستفسر عن المتبقي من الليميت

Script:
هيتم مراجعة البيانات الاسم بالكامل والرقم القومي ويكون متواصل من نفس الرقم
هيتم التوضيح للعميل المتبقي من الليمت من خلال بورتال كاش
- Escalation: No
- CRM: Pay → Inquiry → Inquiry about the remaining limit"
1727,2f6eedbf7f7f555ba7b44e64e4e8a12f,0,halan,Pay,Inquiry,Non-Technical Issue,No,ok,How to know the available amount in wallet,عميل بيستفسر عن كيفية معرفة المبلغ المتاح في المحفظة,yes,"Vertical: Pay | Type: Inquiry | Issue: Non-Technical Issue | Escalation: No

Question EN: How to know the available amount in wallet
Question AR: عميل بيستفسر عن كيفية معرفة المبلغ المتاح في المحفظة

Script:
سيتم مراجعة البيانات الاسم بالكامل والرقم القومي ويكون متواصل من نفس الرقم
هيتم التوضيح للعميل الرصيد المتاح علي المحفظة
وفيما بعد حضرتك تقدر تعرف رصيدك من خلال الدخول علي تطبيق حالا تختار خدماتي ثم حالا كاش ثم هتكتب الباسورد الخاص بالمحفظة وهيكون ظاهر لحضرتك الرصيد في الصفحة الريئسية
- Escalation: No
- CRM: Pay → Inquiry → How to know the available amount in wallet"
1728,38fc02f70f53579aa9c7e2a49026ee38,0,halan,Pay,Inquiry,Non-Technical Issue,No,ok,Inquiry about previous transaction,عميل بيستفسر عن عملية سابقة,yes,"Vertical: Pay | Type: Inquiry | Issue: Non-Technical Issue | Escalation: No

Question EN: Inquiry about previous transaction
Question AR: عميل بيستفسر عن عملية سابقة

Script:
• هيتم مراجعة البيانات بالكامل الاسم بالكامل والرقم القومي ويكون متواصل من نفس الرقم
• و سيتم توضيح كافة التفاصيل الخاصة بسؤال العميل عن المعاملة
وفي المره القادمة حضرتك بتدخل على تطبيق حالا وهتختار خدماتي ثم حالا كاش ثم هنكتب كلمه السر الخاصة بالمحفظة -> اضغط على مدفوعاتي السابقة من الصفحة الرئيسية -- اختار السجل التاريخي.
ملحوظة في حالة توضيح العميل انه كان يقوم باستقبال أموال من فوري الى حالا كاش، سيتم التوضيح انه لا يمكن استقبال مبالغ على حالا كاش من فوري، ولكن يمكن ان تكون المبالغ وصلت الى محفظة أبلكيشن حالا وليس محفظة حالا كاش. وسيتم تحويل العميل الى حالا للتأكد من وجود المبلغ على محفظة أبلكيشن حالا).
- Escalation: No
- CRM: Pay → Inquiry → Inquiry about previous transaction"
1729,a14b8eff58db5ee3b6216650a2d673fc,0,halan,Pay,Inquiry,Non-Technical Issue,No,ok,Inquiry about wallet status,عميل بيستفسر عن حالة المحفظة,yes,"Vertical: Pay | Type: Inquiry | Issue: Non-Technical Issue | Escalation: No

Question EN: Inquiry about wallet status
Question AR: عميل بيستفسر عن حالة المحفظة

Script:
اولا بيتم مراجعة البيانات الاسم بالكامل والرقم القومي ويكون متواصل من نفس الرقم من خلال بورتال كاش
ثم بيتم توضيح حالة المحفظة
حضرتك حالة المحفظة هي ........
- Escalation: No
- CRM: Pay → Inquiry → Inquiry about wallet status"
1730,acaacd822b6f5d2f8291702a41642c73,0,halan,Pay,Inquiry,Non-Technical Issue,No,ok,How to transfer amount,عميل بيستفسر كيفية تحويل مبلغ,yes,"Vertical: Pay | Type: Inquiry | Issue: Non-Technical Issue | Escalation: No

Question EN: How to transfer amount
Question AR: عميل بيستفسر كيفية تحويل مبلغ

Script:
من خلال الدخول على التطبيق على ايقونة تحويل أموال.
نكتب رقم الشخص المراد التحويل اليه
ممكن نختار اختر من جهات الاتصال لديك ودي عشان نختار من الأسماء اللي مسجلة عندنا
نختار سماح عشان نقدر بعدها نختار اسم الشخص والرقم
نلاقي بعد اختيارنا للرقم انه ظهر عندنا فنضغط على استمرار
نكتب المبلغ المراد ارساله وممكن نكتب رسالة توصل للشخص ودي بتكون اختيارية
بعدها نضغط على الاستمرار في التحويل
نكتب الرقم السري الخاص بالمحفظة ونضغط على تأكيد التحويل)
ملحوظة لابد اخبار العميل بها في حالة اتمام التحويل، لا يمكن اعادة المبلغ او الغاء العملية.
- Escalation: No
- CRM: Pay → Inquiry → How to transfer amount"
1731,c6fb3a6d7c69562f921ecda026226fd7,0,halan,Pay,Inquiry,Non-Technical Issue,No,ok,How to pay the bills or installment,عميل بيستفسر عن كيفية شحن فاتورة / تحويل رصيد او دفع القسط من خلال التطبيق,yes,"Vertical: Pay | Type: Inquiry | Issue: Non-Technical Issue | Escalation: No

Question EN: How to pay the bills or installment
Question AR: عميل بيستفسر عن كيفية شحن فاتورة / تحويل رصيد او دفع القسط من خلال التطبيق

Script:
• حضرتك هتدخل على تطبيق ""حالا"" ومن الصفحة الرئيسية هنختار ""ادفع فواتيرك""
بعدها هتختار الخدمة المراد شحنها او دفعها.
بعدها هتختار طريقة الدفع.
ملحوظة: غير متاح شحن رصيد فودافون باستخدام محفظة أبلكيشن حالا ولكن يمكن شحن رصيد فودافون بإستخدام كارت حالا او أي محفظة الكترونية.
- Escalation: No
- CRM: Pay → Inquiry → How to pay the bills or installment"
1732,6150143eeb715fbf9db15a61a8dd5e1b,0,halan,Pay,Inquiry,Non-Technical Issue,No,ok,Inquiry about Bill Payment,عميل بيستفسر عن شحن أو دفع الفواتير على تطبيق حالا,yes,"Vertical: Pay | Type: Inquiry | Issue: Non-Technical Issue | Escalation: No

Question EN: Inquiry about Bill Payment
Question AR: عميل بيستفسر عن شحن أو دفع الفواتير على تطبيق حالا

Script:
دلوقتي من خلال تطبيق حالا حضرتك تقدر تشحن رصيد لكل الشبكات وتدفع فواتير وأقساط زي
دفع اقساط زي Valu و بريميم كارد و بي تيك""
- تدفع فواتير الكهرباء - المياه - غاز
- دفع مصاريف بعض المدارس والجامعات
- حجز سفر زي جوباص ومصر للطيران و سويفل
- خدمات طبية (فيزيتا)
. ممكن كمان تتبرع لجمعيات خيرية كتير
طرق دفع الفواتير:
- Credit Card
- Apple Pay
- محفظة الكترونية
- محفظة حالا (غير متاح شحن رصيد فودافون باستخدام محفظة أبلكيشن حالا ولكن متاح من خلال كارت حالا او اي محفظة الكترونية )
- كارت حالا
- كريديت حالا الخاص بحضرتك وأقل فاتورة تكون بقيمة 500 جنيه وعلى فترات تقسيط شهر - شهرين - 6 شهور فقط
ملحوظة: لا يمكن شحن رصيد لشركات الاتصالات من خلال الكريديت.

تفاصيل دفع الفاتورة على CRM:
Bill Payment Details
Date & Time: وقت المعاملة
Bill Transaction ID
User ID
Beneficiary Number: رقم عميلة الشحن
Bill Type: PRE
Category: Mobile
Service Name: Etisalat (الخدمة اللي تم دفع الفاتورة او شحن الرصيد لها)
UPG Transaction ID
User Phone Number: رقم العميل اللي دفع منه الفاتورة
Bill Gateway: BEE
Group Name: Telecom
Payment Methods: طريقة الدفع

معنى طرق الدفع على CRM:
HALAN CARD -> كارت حالا
HALAN_CONSUMER_FINANCE_PRICING -> حالا كريديت (بالتقسيط)
R2P -> محفظة الكترونية
CLOSED LOOP WALLET -> محفظة حالا (محفظة التطبيق)
APPLE PAY -> APPLE PAY
PAYFORT CREDIT CARD -> كريديت كارد
PAYFORT_WITH_TOKENIZATION_V1 -> كريديت كارد

معني حالات الفواتير على CRM:
1. في الحالة دي الفاتورة الدفعت بنجاح:
Payment State: SUCCESS
Provider State: SUCCESS

2. في الحالة دي متخصمش اي مبلغ من العميل .. العميل اكتفي بالاستعلام عن المبلغ المطلوب و لم يتم عملية الشحن او دفع الفاتورة يعني مش هقدم شكوى للعميل:
Payment State: INITIATED
Provider State: INITIATED

4. في الحالة دي لم يتم الخصم ولم تكتمل عملية الدفع العميل مكملش الدفع .. يعني مش هقدم شكوي للعميل:
Payment State: FAILED / PENDING
Provider State: INITIATED / INITIATED"
1733,6230e4d2d7e95743b6525febada28226,0,halan,Pay,Inquiry,Non-Technical Issue,No,ok,How to pay for merchants through wallet,عميل بيستفسر عن كيفية دفع ثمن مشترياته للتاجر من خلال المحفظة,yes,"Vertical: Pay | Type: Inquiry | Issue: Non-Technical Issue | Escalation: No

Question EN: How to pay for merchants through wallet
Question AR: عميل بيستفسر عن كيفية دفع ثمن مشترياته للتاجر من خلال المحفظة

Script:
حضرتك هتفتح تطبيق حالا هتختار حساباتي ثم حالا كاش
أدخل رقمك السري"" بالأرقام الإنجليزية للدخول على المحفظة.
اختر ""دفع لتاجر""
صور QR للتاجر واضغط ""التالي""
أدخل "" المبلغ المطلوب دفعه واضغط ادفع
اضغط على ""الاستمرار في الدفع""
أدخل رقمك السري"" بالأرقام الانجليزية مرة ثانية لتأكيد العملية
[IMAGE: Screenshots from Halan app showing the process of scanning a QR code and reviewing transaction details for a merchant payment labeled 'Ikea - Mall of Arabia' for an amount of 1,000 EGP plus fees, totaling 1,120 EGP with an 'Continue Payment' button.]
- Escalation: No
- CRM: Pay → Inquiry → How to pay for merchants through wallet"
1734,6b420c1b661b5ca5822ac4f3c9dad1f7,0,halan,Pay,Inquiry,Non-Technical Issue,No,ok,How to deposit or withdrew amounts,عميل بيستفسر عن كيفية عمل ايداع أو سحب,yes,"Vertical: Pay | Type: Inquiry | Issue: Non-Technical Issue | Escalation: No

Question EN: How to deposit or withdrew amounts
Question AR: عميل بيستفسر عن كيفية عمل ايداع أو سحب

Script:
حضرتك تقدر تسحب او تعمل ايداع من خلال اي ماكينة ATM او من خلال بعض فروع تساهيل
تحب اوضح لحضرتك ازاي تسحب او تعمل ايداع من ATM ؟
السحب من خلال (ATM)
• هنحتار خدمات بدون بطاقة من ATM
• هنختار سحب وندخل على قائمة سحب
• هنكتب المبلغ المراد سحبه ونضغط استمرار
• ثم هنكتب الرقم السري المتغير OTP وده بنطلبه من خلال التطبيق فقط عن طريق ( الدخول على سحب أو ايداع - هيتم كتابة المبلغ -- هيتم كتابة كلمة السر سيتم إرسال إشعار بالرقم السري ثم هنكتبه علي ATM
الإيداع من خلال ماكينة الصراف الالي
• هنحتار خدمات بدون بطاقة من ATM
• هنختار ايداع وندخل على قائمة ابداع
• هنكتب المبلغ المراد سحبه ونضغط استمرار
• ثم هنكتب الرقم السري المتغير OTP وده بنطلبه من خلال التطبيق فقط عن طريق ( الدخول على سحب أو ايداع - هيتم كتابة المبلغ - هيتم كتابة كلمة السر سيتم إرسال إشعار بالرقم السري ثم هنكتبه علي ATM
خطوات الإيداع في ماكينة الصراف الآلي:
1. على شاشة الصراف الالي اكثار الخدمات بدون کارت
2. العام المحفظة الإلكترونية
3. اختار إيداع
4. انقل رقم الموبيل
5. أدخل كلمة السر أكون رصيدي
6. ادخل القيمة المراد إيداعها وقم بالتاكيد
7. سيصلك يسلكة تأكيد بالعام العملية
[IMAGE: Illustration of an ATM with numbered steps on the side describing deposit instructions without a card.]
- Escalation: No
- CRM: Pay → Inquiry → How to deposit or withdrew amounts"
1735,ff2f10b36e2852dea4fe56c88f552bd1,0,halan,Pay,Inquiry,Non-Technical Issue,No,ok,Inquiry about Halan Cash branches,عميل بيستفسر عن فروع شركة حالا كاش,yes,"Vertical: Pay | Type: Inquiry | Issue: Non-Technical Issue | Escalation: No

Question EN: Inquiry about Halan Cash branches
Question AR: عميل بيستفسر عن فروع شركة حالا كاش

Script:
هنوضح أقرب فرع تساهيل للعميل ومواعيد عمله الرسمية
والمواعيد من الساعة 9 صباحاً الي 5 مساءاً جمعة وسبت اجازة
- Escalation: No
- CRM: Pay → Inquiry → Inquiry about Halan Cash branches"
1736,97997a37d0d05ac98b47e31459a5d10b,0,halan,CF,Inquiry,Non-Technical Issue,No,ok,customer asking about loan service (Tasaheel company),استفسار بخصوص طلب قرض ( تمويل مشروعات ),yes,"Vertical: CF | Type: Inquiry | Issue: Non-Technical Issue | Escalation: No

Question EN: customer asking about loan service (Tasaheel company)
Question AR: استفسار بخصوص طلب قرض ( تمويل مشروعات )

Script:
شركة حالا دلوقتى بتقدم لحضرتك خدمة تمويل متناهية الصغر من خلال شركة تساهيل هدفها اتاحة تمويل لأصحاب المشاريع والنشاطات الصغيرة
المبلغ التمويلي يصل الى 15 مليون وبيتم تحديده بناء على الاستعلام الائتماني من الشركة وتقدر تسدد على فترة من 6 شهور ل 48 شهر
حضرتك بتقدم على قرض من خلال تطبيق حالا وبيتم التواصل مع حضرتك خلال 24 ساعة عمل من تقديم الطلب للتأكيد على الطلب وممكن حضرتك تتواصل بخدمة عملاء تساهيل 16134
- Escalation: No
- CRM: CF → Inquiry → customer asking about loan service (Tasaheel company)"
1737,5da407593aaf5153adb33c1d05858daf,0,halan,CF,Inquiry,Non-Technical Issue,No,ok,Inquiry about personal loan,استفسار بخصوص قرض شخصی,yes,"Vertical: CF | Type: Inquiry | Issue: Non-Technical Issue | Escalation: No

Question EN: Inquiry about personal loan
Question AR: استفسار بخصوص قرض شخصی

Script:
انا بعتذر لحضرتك غير متاح قرض شخصي، لكن ممكن حضرتك تقدم على حد ائتماني ودا بيتيح لحضرتك إنك تشتري كل اللي نفسك فيه، وانا من خلالي ممكن احول حضرتك لأحد زملائي في خدمة عملاء حالا علشان يقدر يساعد حضرتك بشكل أفضل.
- Escalation: No
- CRM: CF → Inquiry → Inquiry about personal loan"
1738,2e9a8c86cca55556bee33695e45740f0,0,halan,General,Inquiry,Non-Technical Issue,No,ok,Inquiry about salary time,موظف بيستفسر عن موعد القبض,yes,"Vertical: General | Type: Inquiry | Issue: Non-Technical Issue | Escalation: No

Question EN: Inquiry about salary time
Question AR: موظف بيستفسر عن موعد القبض

Script:
يرجي الرجوع والتواصل مع ادارة الموارد البشرية
- Escalation: No
- CRM: General → Inquiry → Inquiry about salary time"
1739,4ea793cee2775d8ab7599c1c67e1d201,0,halan,Pay,Inquiry,Non-Technical Issue,No,ok,Inquiry about compliance validation call,عميل يستفسر عن مكالمة استعلام امنى (Outbound Call),yes,"Vertical: Pay | Type: Inquiry | Issue: Non-Technical Issue | Escalation: No

Question EN: Inquiry about compliance validation call
Question AR: عميل يستفسر عن مكالمة استعلام امنى (Outbound Call)

Script:
دي مكالمة استعلام أمنى بيحتاجها البنك وبيكون فيها 3 اسئلة فقط:
وظيفة العميل
طبيعة العلاقة بين العميل وبين المحول له
سبب التحويل

وفي حالة ان العميل اتسأل اسئلة مختلفة او اسئلة أكثر من الثلاثة أسئلة السابقين. سنقوم بتقديم شكوى ( Fraud Case ) ونقوم بإتباع اجراءاتها .
- Escalation: No
- CRM: Pay → Inquiry → Inquiry about compliance validation call"
1740,18feed700dae5daab38640b288ec3fbb,0,halan,General,Inquiry,Non-Technical Issue,No,ok,Directed to HR Hotline,موظف حالي أو سابق داخل MNT-Halan عنده مشكلة فى الأوراق أو المستحقات,yes,"Vertical: General | Type: Inquiry | Issue: Non-Technical Issue | Escalation: No

Question EN: Directed to HR Hotline
Question AR: موظف حالي أو سابق داخل MNT-Halan عنده مشكلة فى الأوراق أو المستحقات

Script:
دلوقتي حضرتك تقدر تتواصل مع خدمة عملاء الموارد البشرية عن طريق الأرقام التالية: (0248812619) - (0223661712)
• علما بأن مواعيد العمل الخاصة بهم من الساعة 10 ص حتى 7 م جمعة وسبت اجازة.
- Escalation: No
- CRM: Irrelevant Call → Directed to HR Hotline"
1741,e20f643f7de25e48aab16527dde8599f,0,halan,Pay,Complain,Technical Issue,Yes,ok,Cst can't open the app,عميل لا يستطيع فتح التطبيق,yes,"Vertical: Pay | Type: Complain | Issue: Technical Issue | Escalation: Yes

Question EN: Cst can't open the app
Question AR: عميل لا يستطيع فتح التطبيق

Script:
سيتم مراجعة البيانات الاسم بالكامل والرقم القومي ويكون متواصل من نفس الرقم
هيتم التأكد ان الرقم مسجل به محفظة حالا كاش
هيتم التأكد من حالة المحفظة وان لا يوجد بها أي مشكلة
لو مسجل به محفظة حالا كاش والمحفظة حالتها نشطة لا يوجد بها مشكلة
استأذنك التأكد من ان
خدمة خيارات المطور مغلقة وذلك عن طريق الدخول على اعدادات الموبايل ( Developer Mode )
الدخول من تطبيق ""حالا"" وليس تطبيق حالا"" ""كاش"" ويكون تسجيل الدخول من التطبيق بنفس رقم المحفظة ثم الدخول على المحفظة.
التأكد من ان الانترنت يعمل بشكل طبيعي.
حضرتك ممكن تفتح التطبيق على هاتف اخر

**السيناريو الأول (لو تم حل المشكلة):**
- Escalation: No
- CRM: Pay → Complaint → Technical Issue

**السيناريو الثاني (لو المشكلة مازالت موجودة):**
تم ارسال شكوى حضرتك للقسم المختص وسيتم حلها خلال 3 أيام عمل .
مع وضع هذه البيانات في الشكوي الاسم بالكامل والرقم القومي وكتابة تفاصيل الشكوي
- Escalation: Yes
- CRM: Pay → Complaint → Technical Issue"
1742,5b58c20c27a75f4686931d7e411c2d77,0,halan,Pay,Complain,Technical Issue,Yes,ok,Didn't receive the wallet activation code,عميل لم يستلم كود التفعيل الخاص بالمحفظة (OTP),yes,"Vertical: Pay | Type: Complain | Issue: Technical Issue | Escalation: Yes

Question EN: Didn't receive the wallet activation code
Question AR: عميل لم يستلم كود التفعيل الخاص بالمحفظة (OTP)

Script:
هوضح لحضرتك خطوات تنشطية تقدر تعملها والكود هيوصلك
• استأذنك ممكن نطلب ال OTP مرة واحدة فقط وننتظر وصوله مع وجود حضرتك في مكان فيه شبكة .
ولو لسه المشكلة متواجدة: استأذنك ممكن تضع الخط في هاتف اخر عشان لو المشكلة في الهاتف (سعة تخزين الرسائل).
لو المشكلة مازالت متواجدة
• هيتم مراجعة البيانات الاسم بالكامل والرقم القومي اولا قبل تقديم الشكوي
بعتذر لحضرتك وانا من خلالي هقدم شكوى وسيتم حلها خلال 3 أيام عمل.
مع وضع هذه البيانات في الشكوي الاسم بالكامل والرقم القومي وكتابة تفاصيل الشكوي
- Escalation: Yes
- CRM: Pay → Complaint → Technical Issue → Didn't receive the wallet activation code"
1743,b4f3ff9632f751679ced56446937cee7,0,halan,Pay,Complain,Technical Issue,Yes,ok,Didn't receive ATM OTP code,عميل لم يستقبل الرقم السرى المؤقت الخاص بماكينة الصراف الالى,yes,"Vertical: Pay | Type: Complain | Issue: Technical Issue | Escalation: Yes

Question EN: Didn't receive ATM OTP code
Question AR: عميل لم يستقبل الرقم السرى المؤقت الخاص بماكينة الصراف الالى

Script:
هل حضرتك استخدمت التطبيق ام ماكينة الصراف الآلى لاستقبال الرقم السري المؤقت ؟
في حالة ان العميل استخدم الصراف الآلي:
حضرتك ستستقبل كود التفعيل من خلال التطبيق فقط ( الدخول على سحب أو ايداع - هيتم كتابة المبلغ -- هيتم كتابة كلمة السر) سيتم إرسال إشعار بالرقم السري. وده اللي حضرتك هتكتبوا في ماكينة ATM
في حالة ان العميل استخدام التطبيق:
هوضح لحضرتك خطوات تنشطية تقدر تعملها والكود هيوصلك
• استأذنك ممكن نطلب ال OTP مرة واحدة فقط وننتظر وصوله مع وجود حضرتك في مكان فيه شبكة .
• مسح التطبيق وتنزيله مرة أخرى - الرقم السري المؤقت يظهر على التطبيق ولا يأتي في رسالة على الموبايل
لو المشكلة مازالت متواجدة :
• هيتم مراجعة البيانات الاسم بالكامل والرقم القومي ويكون متواصل من نفس الرقم اولا قبل تقديم الشكوي
• سيتم تسجيل شكوى بخصوص المشكلة وسيقوم القسم المختص بالرد عليها خلال 3 أيام عمل.
مع وضع هذه البيانات في الشكوي الاسم بالكامل والرقم القومي وكتابة تفاصيل الشكوي
- Escalation: Yes
- CRM: Pay → Complaint → Technical Issue → Didn't receive ATM OTP code"
1744,83532c45b86350989a342c047ac82a49,0,halan,Pay,Complain,Technical Issue,Yes,ok,customers profile still limited and didn't transfer to full profile,شكوى عميل ان لم يتم تحويل حسابة الى حساب كامل,yes,"Vertical: Pay | Type: Complain | Issue: Technical Issue | Escalation: Yes

Question EN: customers profile still limited and didn't transfer to full profile
Question AR: شكوى عميل ان لم يتم تحويل حسابة الى حساب كامل

Script:
سيتم مراجعة البيانات الاسم بالكامل والرقم القومي ويكون متواصل من نفس الرقم
سيتم التأكد من خلال السيستم من خلال تاريخ انشاء المحفظة في بورتال كاش ان بالفعل مر 3 شهور على انشاء محفظة العميل .

**السيناريو الأول (لو مر 3 شهور على الإنشاء):**
انا بعتذر لحضرتك سيتم ارسال الشكوى للقسم المختص وسيتم حلها خلال 3 أيام عمل
مع وضع هذه البيانات في الشكوي الاسم بالكامل والرقم القومي وكتابة تفاصيل الشكوي
- Escalation: Yes
- CRM: Pay → Complaint → Technical Issue

**السيناريو الثاني (لو لم يمر 3 شهور على الإنشاء):**
انا بعتذر لحضرتك حتى الآن لم يمر 3 شهور لتحويل حسابك من حساب محدود الى حساب كامل .
- Escalation: No
- CRM: Pay → Complaint → Technical Issue"
1745,f69cfa25d25c5341aebd63d7ae16cf54,0,halan,Pay,Complain,Technical Issue,Yes,ok,Complaint Customer can't pay a bill,عميل لا يستطيع شحن او دفع فاتورة على تطبيق حالا,yes,"Vertical: Pay | Type: Complain | Issue: Technical Issue | Escalation: Yes

Question EN: Complaint Customer can't pay a bill
Question AR: عميل لا يستطيع شحن او دفع فاتورة على تطبيق حالا

Script:
• هيتم مراجعة البيانات الاسم بالكامل والرقم القومي ويكون متواصل من نفس الرقم
هسأل حضرتك بعض الخطوات عشان نقدر نتأكد ان حضرتك بتعمل الخطوات بشكل صحيح
سيتم التأكيد على العميل من وجود رصيد كافي في طريقة الدفع المختارة من خلاله. لكن لو من خلال حالا كاش او محفظة حالا هنشوف من خلالنا علي السيستم بعد مراجعة البيانات
نتأكد من الانترنت يعمل بكفاءة.
نتأكد ان العميل بيختار الخدمة المرادة بصورة صحيحة (مثال: العميل يريد شحن رصيده ورقم موبايله 012 فيجب أن تكون جهة الشحن أورانج).
نتأكد ان العميل لديه بالفعل فاتورة مستحقة.
ملحوظات هامة لازم نتأكد منها فى المكالمة وقبل تقديم أي شكوي:
غير متاح شحن رصيد فودافون باستخدام محفظة أبلكيشن حالا ولكن يمكن شحن رصيد فودافون باستخدام كارت حالا او أي محفظة الكترونية.
في حالة ان العميل بيستخدم حالا كريديت، لابد أن تكون القيمة أكثر من 500 جنيه.
لا يمكن دفع أقساط عن طريق Credit on Card
لا يمكن شحن رصيد لشركات الاتصالات من خلال الكريديت.
بعد التأكد من كل الخطوات سيتم تقديم شكوى للعميل والرد يكون خلال 48 ساعة عمل بها:
بيانات العميل كاملة. الاسم بالكامل والرقم الرقم القومي
طريقة الدفع.
الفاتورة اللي بيتم دفعها.
- Escalation: Yes
- CRM: Pay → Complaint → Technical Issue → Customer can't pay a bill"
1746,7e5f35802a0b5dea9d7671b1e0c58778,0,halan,Pay,Complain,Technical Issue,No,ok,Cst can't create account,عميل لا يستطيع انشاء حساب,yes,"Vertical: Pay | Type: Complain | Issue: Technical Issue | Escalation: No

Question EN: Cst can't create account
Question AR: عميل لا يستطيع انشاء حساب

Script:
شروط إنشاء حساب :
رقم الهاتف مش مسجل به أي محفظة اخرى .
رقم الهاتف يكون مسجل باسم حضرتك.
رقم البطاقة غير مسجل به أكثر من ثلاثة محافظ.
- Escalation: No
- CRM: Pay → Complaint → Technical Issue → Cst can't create account"
1747,5ce97c5027905403a386b42abcb04a57,0,halan,Pay,Complain,Technical Issue,No,ok,Aman service is inactive,شكوى عميل من ماكينة امان غير نشطة فعالة,yes,"Vertical: Pay | Type: Complain | Issue: Technical Issue | Escalation: No

Question EN: Aman service is inactive
Question AR: شكوى عميل من ماكينة امان غير نشطة فعالة

Script:
بنعتذر لحضرتك لكن السحب من ماكينات أمان غير متوفر حاليا، وحضرتك تقدر تسحب من ماكينات الصراف الالي ATM او بعض فروع تساهيل.
- Escalation: No
- CRM: Pay → Complaint → Technical Issue → Aman service is inactive"
1748,5cf788ecde14514488f6a2e081b9fd4e,0,halan,Pay,Complain,Non-Technical Issue,No,ok,can't open the wallet due to suspension,عميل لا يستطيع فتح المحفظة (ايقاف) (Suspended),yes,"Vertical: Pay | Type: Complain | Issue: Non-Technical Issue | Escalation: No

Question EN: can't open the wallet due to suspension
Question AR: عميل لا يستطيع فتح المحفظة (ايقاف) (Suspended)

Script:
سيتم مراجعة البيانات الاسم بالكامل والرقم القومي ويكون متواصل من نفس الرقم
سيتم التأكد من خلال السيستم ان حالة المحفظة ""إيقاف"".
انا بعتذر لحضرتك محتاجين اننا نفتح محفظة جديدة من خلال فروع تساهيل ولكن حاليا تسجيل المحافظ متوقف.
ومن خلالنا هيتم التواصل بحضرتك فور اتاحة الخدمة وتوضيح أقرب فرع.
- Escalation: No
- CRM: Pay → Complaint → Non-Technical Issue → can't open the wallet due to suspension"
1749,a3a05b1493ed5d799428c8a42df979b9,0,halan,Pay,Complain,Non-Technical Issue,No,ok,can't open the wallet due to Dormant,عميل لا يستطيع فتح المحفظة (غير نشط) (Dormant),yes,"Vertical: Pay | Type: Complain | Issue: Non-Technical Issue | Escalation: No

Question EN: can't open the wallet due to Dormant
Question AR: عميل لا يستطيع فتح المحفظة (غير نشط) (Dormant)

Script:
سيتم مراجعة البيانات الاسم بالكامل والرقم القومي ويكون متواصل من نفس الرقم
سيتم التأكد من خلال السيستم ان حالة المحفظة ""غير نشطة"".
انا بعتذر لحضرتك محتاجين اننا نعمل استمارة تحديث بيانات جديدة من خلال فروع تساهيل ولكن حاليا الخدمة متوقفة.
ومن خلالنا هيتم التواصل بحضرتك فور اتاحة الخدمة وتوضيح أقرب فرع.
- Escalation: No
- CRM: Pay → Complaint → Non-Technical Issue → can't open the wallet due to Dormant"
1750,c46956dc16f958a19879817b93b2909d,0,halan,Pay,Complain,Non-Technical Issue,No,ok,can't open the wallet due to Unregistered,عميل لا يستطيع فتح المحفظة (غير مسجلة) (Unregistered),yes,"Vertical: Pay | Type: Complain | Issue: Non-Technical Issue | Escalation: No

Question EN: can't open the wallet due to Unregistered
Question AR: عميل لا يستطيع فتح المحفظة (غير مسجلة) (Unregistered)

Script:
سيتم مراجعة البيانات الاسم بالكامل والرقم القومي ويكون متواصل من نفس الرقم
سيتم التأكد من خلال السيستم أن حالة المحفظة ""غير مسجلة"".
انا بعتذر لحضرتك هتحتاج تزور الفرع عشان تقدر تفتح محفظة جديدة، وهما يقدروا يوضحوا لحضرتك اكثر سبب ده
ونوضح أقرب فرع للعميل ومواعيد عمله الرسمية
ومواعيد فروع تساهيل من الساعة 9 صباحاً لل 5 مساءاً وجمعة وسبت اجازة
- Escalation: No
- CRM: Pay → Complaint → Non-Technical Issue → can't open the wallet due to Unregistered"
1751,dabe9143954f518193d20d73c898f794,0,halan,Pay,Complain,Non-Technical Issue,No,ok,Complaint different data,عميل لديه مشكلة في المحفظة بسبب اختلاف البيانات,yes,"Vertical: Pay | Type: Complain | Issue: Non-Technical Issue | Escalation: No

Question EN: Complaint different data
Question AR: عميل لديه مشكلة في المحفظة بسبب اختلاف البيانات

Script:
عميل يشتكي من وجود مشكلة او عدم تفعيل المحفظة بسبب وجود اختلاف في البيانات بين البورتال والبطاقة وال KYC رقم قومي مختلف - رقم الموبايل)
انا بعتذر لحضرتك محتاجين اننا نعمل استمارة تحديث بيانات جديدة من خلال فروع تساهيل ولكن حاليا الخدمة متوقفة.
ومن خلالنا هيتم التواصل بحضرتك فور اتاحة الخدمة وتوضيح أقرب فرع.
- Escalation: No
- CRM: Pay → Complaint → Non-Technical Issue → Complaint different data"
1752,dd1a8bad07815d92ac32d8b7929bb0ca,0,halan,Pay,Complain,Financial Issue,Yes,ok,Can't Transfer amounts,عميل لا يستطيع تحويل اموال,yes,"Vertical: Pay | Type: Complain | Issue: Financial Issue | Escalation: Yes

Question EN: Can't Transfer amounts
Question AR: عميل لا يستطيع تحويل اموال

Script:
• سيتم مراجعة البيانات الاسم بالكامل والرقم القومي ويكون متواصل من نفس الرقم
• سيتم التأكد من نوع حساب العميل من خلال السيستم هل Limited profile or full profile ؟ لمعرفة الحد المسموح به للتحويلات.
• سيتم رؤية المتبقي من ليمت العميل من خلال بورتال كاش ومقارنته بمبلغ العملية ومعرفة المعاملة اللي بيعملها بمبلغ كام
علي سبيل المثال : العميل بيعمل معاملة بقيمة 1000 جنيه ووجدنا ان المتبقي من الليمت الخاص بالعميل 500 جنيه بالتالي العملية هتفشل لان العميل بيحول مبلغ أكبر من المتبقي من الليمت الخاص به
• وسيتم التأكد من وجود رصيد كافي مع مصاريف الخدمة
علي سبيل المثال :- لو العميل عنده علي المحفظة رصيد 500 جنيه فقط ويريد تحويل مبلغ 500 جنيه سوف تفشل العملية لان يوجد مصاريف خدمة فلابد ان نوضح للعميل ان يقلل المبلغ احتساباً لمصاريف الخدمة
• في حالة وجود رصيد كافي مع مصاريف الخدمة ولا يوجد مشكلة بالليمت الخاص به ولم يتعدي الحد الاقصي للتحويلات هنوضح للعميل ان يجرب أن يحول لمحفظة اخري
ملحوظة: سيتم فشل العملية في حالة أن الرقم الذي يحاول التحويل له غير مسجل عليه محفظة لذلك لابد ان نوضح للعميل ان يجرب التحويل المحفظة اخري
ولو بعد كل هذه الخطوات المشكلة مازالت متواجده
أنا بعتذر لحضرتك وسيتم تقديم شكوى وسيتم التواصل بحضرتك خلال 24 ساعة لمعرفة السبب.
مع اضافة تفاصيل الشكوي والمعاملة في التيكت واسم العميل بالكامل والرقم القومي
- Escalation: Yes
- CRM: Pay → Complaint → Financial Issue → Can't Transfer amounts"
1753,4c6dd42776fe5399ae60adf98df8ca37,0,halan,Pay,Complain,Financial Issue,Yes,ok,Can't receive amounts,عميل لا يستطيع استقبال اموال,yes,"Vertical: Pay | Type: Complain | Issue: Financial Issue | Escalation: Yes

Question EN: Can't receive amounts
Question AR: عميل لا يستطيع استقبال اموال

Script:
• هيتم مراجعة البيانات الاسم بالكامل والرقم القومى ويكون متواصل من نفس الرقم
• سيتم التأكد من نوع حساب العميل من خلال السيستم هل Limited profile or full profile ؟ لمعرفة الحد المسموح به لاستلام الأموال
• سيتم المعرفة من العميل المبلغ اللي يريد استلامه من المحفظة الاخري كام ومقارنته بالمتبقي من الليمت في بورتال كاش
علي سبيل المثال : لو المتبقي من لليمت الاستقبال في بورتال كاش ۷۰۰۰ جنيه والعميل وضح ان المعاملة اللي هيستقبلها بقيمة ۸۰۰۰ جنيه هيتم التوضيح ان العملية هتفشل لانه بيستقبل مبلغ أكبر من المتبقي من الليمت الخاص به
• ولو لا يوجد مشكلة في الليمت الخاص بالعميل ولم يتجاوزه سيتم التوضيح ان يجرب استقبال أموال من محفظة اخري
لو تم التأكد ان لا يوجد مشكلة في حساب العميل ويمكنه استقبال اموال بشكل طبيعي انا بعتذر جدا لحضرتك وانا من خلالي هقدم شكوى وسيتم حلها خلال 3 أيام عمل.
مع اضافة تفاصيل الشكوي والاسم بالكامل والرقم القومي والعملية ان وجدت
- Escalation: Yes
- CRM: Pay → Complaint → Financial Issue → Can't receive amounts"
1754,270f33cd0b585a7d9ba98c92f374debe,0,halan,Pay,Complain,Financial Issue,Yes,ok,withdrawal or deposit transaction is failed,فشل عملية الايداع او السحب ولا يمكن عملها,yes,"Vertical: Pay | Type: Complain | Issue: Financial Issue | Escalation: Yes

Question EN: withdrawal or deposit transaction is failed
Question AR: فشل عملية الايداع او السحب ولا يمكن عملها

Script:
• هيتم مراجعة البيانات الاسم بالكامل والرقم القومي ويكون متواصل من نفس الرقم

**في حالة فشل السحب:**
• سيتم التأكد من المبلغ المتاح في محفظة العميل وانه بيسحب مبلغ كافي مع مصاريف الخدمة
علي سبيل المثال : لو العميل في محفظته ۱۰۰۰۰ جنيه وبيحاول يسحب ۱۰۰۰۰ هيتم التوضيح انه يقلل المبلغ احتساباً لمصاريف الخدمة
• نتأكد ان العميل متجاوزش الليميت الخاص بالمحفظة في السحب من خلال معرفة المتبقي من الليمت من البورتال والمبلغ اللي بيحاول يسحبه
علي سبيل المثال : عميل المتبقي من الليمت الخاص به ۵۰۰ده وهو بيحاول يسحب ٦۰۰۰ سوف تفشل العملية
• في حالة عدم وجود مشكلة في محفظة العميل : استأذنك ممكن تغير ماكينة الصراف الآلى ونجرب مرة اخرى
- Escalation: No
- CRM: Pay → Complaint → Financial Issue
• في حالة وجود مشكله فى محفظة العميل بعد كل هذه الخطوات :
انا بعتذر جدا لحضرتك سيتم ارسال الشكوى للقسم المختص وسيتم حلها خلال 3 أيام عمل.
مع اضافة تفاصيل الشكوي والاسم بالكامل والرقم القومي والعملية ان وجدت
- Escalation: Yes
- CRM: Pay → Complaint → Financial Issue

**في حالة فشل الايداع:**
• سيتم التأكد من المبلغ المتاح في محفظة العميل وان العملية مسمعتش
• نتأكد ان العميل متجاوزش الليميت الخاص بالمحفظة من خلال معرفة المتبقي من الليمت من البورتال والمبلغ اللي بيحاول يعمله ايداع
علي سبيل المثال : عميل المتبقي من الليمت الخاص به في الاستقبال ۵۰۰۰ وهو بيحاول يعمل ايداع بقيمة ٦٠٠٠ سوف تفشل العملية
• في حالة عدم وجود مشكلة في محفظة العميل : استأذنك ممكن تغير ماكينة الصراف الآلى ونجرب مرة اخرى
- Escalation: No
- CRM: Pay → Complaint → Financial Issue
• في حالة وجود مشكله في محفظة العميل بعد كل هذه الخطوات :
انا بعتذر جدا لحضرتك سيتم ارسال الشكوى للقسم المختص وسيتم حلها خلال 3 أيام عمل.
مع اضافة تفاصيل الشكوي والاسم بالكامل والرقم القومي والعملية ان وجدت
- Escalation: Yes
- CRM: Pay → Complaint → Financial Issue"
1755,ffdc931fff5452f1a7750afebe10c6f4,0,halan,CF,Complain,Financial Issue,Yes,ok,Can't pay (Tasaheel - Mashroey - Halan CF - Gameeya) installment,عميل لا يستطيع دفع قسط ( تساهيل - مشروعي - حالا CF - جمعية),yes,"Vertical: CF | Type: Complain | Issue: Financial Issue | Escalation: Yes

Question EN: Can't pay (Tasaheel - Mashroey - Halan CF - Gameeya) installment
Question AR: عميل لا يستطيع دفع قسط ( تساهيل - مشروعي - حالا CF - جمعية)

Script:
• سيتم مراجعة البيانات الاسم بالكامل والرقم القومى ويكون متواصل من نفس الرقم
• هيتم مراجعة رصيد المحفظة ان يكون أكبر من قيمة القسط
علي سبيل المثال : لو العميل في محفظته 500 جنيه وبيحاول يدفع قسط ب 550 هيتم التوضيح ان الرصيد اصغر من قيمة السط وان يعمل ايداع بقيمة القسط بالكامل وان يحتسب مصاريف الخدمة حتى يتم اتمام العملية
• هيتم التاكد ان العميل لم يصل للحد الاقصي من خلال معرفة المتبقي من الليمت من خلال بورتال كاش
علي سبيل المثال : عميل المتبقي من الليمت الخاص به في مجموع الخارج من المحفظة 900 جنيه وهو بيحاول يدفع القسط بقيمة 1000 فبالتالي سوف تفشل العملية لان متبقيلو 900 جنيه فقط
• في حالة التأكد من وجود مبلغ في محفظة العميل أكبر من قيمة القسط وأن العميل لم يصل للحد الأقصى:
انا بعتذر لحضرتك تم ارسال شكوى للقسم المختص وسيتم حلها خلال 3 أيام عمل.
مع اضافة تفاصيل الشكوي والاسم بالكامل والرقم القومي والعملية ان وجدت
- Escalation: Yes
- CRM: CF → Complaint → Financial Issue → Can't pay installment"
1756,d77640d7260756ce99740969b1174c91,0,halan,CF,Complain,Financial Issue,Yes,ok,The amount deducted from cst wallet and didn't transfer to (Tasaheel-mashroey - Halan CF- Gameeya) account,شكوى عميل انه قام بدفع قسط ( تساهيل - مشروعي - حالا Credit - جمعية) وتم خصم الأموال ولم يتم تحويلها او يريد معرفة بيانات عن لقسط المدفوع او يريد استرداد القسط المدفوع,yes,"Vertical: CF | Type: Complain | Issue: Financial Issue | Escalation: Yes

Question EN: The amount deducted from cst wallet and didn't transfer to (Tasaheel-mashroey - Halan CF- Gameeya) account
Question AR: شكوى عميل انه قام بدفع قسط ( تساهيل - مشروعي - حالا Credit - جمعية) وتم خصم الأموال ولم يتم تحويلها او يريد معرفة بيانات عن لقسط المدفوع او يريد استرداد القسط المدفوع

Script:
سيتم مراجعة البيانات الاسم بالكامل والرقم القومي ويكون متواصل من نفس الرقم
سيتم مراجعة العملية والتأكد ان المعاملة تم خصمها
انا بعتذر جدا لحضرتك سيتم ارسال شكوى حضرتك للقسم المختص ويتم حلها خلال 3 أيام عمل.
اسئلة لابد ان نسألها للعميل لاضافتها في الشكوي :-
مع اضافة هل العميل يريد تسميع القسط أم استرداده.
واضافة كود او رقم بطاقة القسط المراد دفعه.
مع ضرورة اضافة العملية وقيمة ال Hold Amount في التيكيت، وإذا لم يتوفر أيا منهم فيجب توجيه ذلك.

**عميل يريد معرفة كود العميل أو رقم البطاقة الذى تم دفع القسط لصالحه:**
سيتم مراجعة البيانات الاسم بالكامل والرقم القومي
أنا هقدم لحضرتك طلب وسيتم التواصل بحضرتك خلال 24 ساعة عمل لتوضيح الرد. لابد من اضافة العملية في التيكت).
- Escalation: Yes
- CRM: CF → Complaint → Financial Issue"
1757,40978f03c56f535d85b376590ae99257,0,halan,Pay,Complain,Financial Issue,Yes,ok,the amount deducted from the sender wallet and didn't transfer to receiver wallet,شكوى عميل انه قام بتحويل اموال وتم خصم المبلغ ولم يتم تحويلها الى الجهة الأخرى P2P,yes,"Vertical: Pay | Type: Complain | Issue: Financial Issue | Escalation: Yes

Question EN: the amount deducted from the sender wallet and didn't transfer to receiver wallet
Question AR: شكوى عميل انه قام بتحويل اموال وتم خصم المبلغ ولم يتم تحويلها الى الجهة الأخرى P2P

Script:
سيتم مراجعة البيانات الاسم بالكامل والرقم القومي ويكون متواصل من نفس الرقم
هنسأل العميل عن مبلغ وتاريخ العملية اللي بيشكو منها

**السيناريو الأول (لو العملية ناجحة):**
فأكيد المعاملة هتكون راحت للمحفظة المستقبلة ومش هنقدم شكوى
ولو العميل مصمم على اثبات : هقوله ان المحفظة المستقبلة ممكن تعمل كاش حساب ولو مصمم اكثر ممكن اوضح للعميل كود المعاملة)
- Escalation: No
- CRM: Pay → Complaint → Financial Issue

**السيناريو الثاني (لو تم خصم المبلغ والعملية فاشلة او جارى تنفيذ العملية او مش موجودة):**
أنا بعتذر جدا لحضرتك سيتم ارسال شكوى حضرتك للقسم المختص وسيتم حلها خلال 3 أيام عمل
مع ضرورة اضافة العملية وقيمة ال Hold Amount في التيكيت، وإذا لم يتوفر أيا منهم فيجب توضيح ذلك.
- Escalation: Yes
- CRM: Pay → Complaint → Financial Issue"
1758,d93bf8fc25fe56279e57e43a94e0b7c7,0,halan,Saving,Complain,Financial Issue,Yes,ok,the amount deducted from the sender wallet and didn't transfer to receiver wallet (Saving),شكوى عميل انه قام بتحويل اموال وتم خصم المبلغ ولم يتم تحويلها الى الجهة الأخرى (Saving او حالا تحويش),yes,"Vertical: Saving | Type: Complain | Issue: Financial Issue | Escalation: Yes

Question EN: the amount deducted from the sender wallet and didn't transfer to receiver wallet (Saving)
Question AR: شكوى عميل انه قام بتحويل اموال وتم خصم المبلغ ولم يتم تحويلها الى الجهة الأخرى (Saving او حالا تحويش)

Script:
سيتم مراجعة البيانات الاسم بالكامل والرقم القومي ويكون متواصل من نفس الرقم
التأكد من وجود ونجاح العملية وان تم خصمها من المحفظة
أنا بعتذر جدا لحضرتك سيتم ارسال شكوى حضرتك للقسم المختص ويتم حلها في خلال 3 أيام عمل
بس محتاج اعرف من حضرتك رقم حالا تحويش اللي حضرتك حولت له وهنوضحه في التيكيت)
مع ضرورة اضافة العملية وقيمة ال Hold Amount في التيكيت، وإذا لم يتوفر أيا منهم فيجب توضيح ذلك.
واضافة الاسم بالكامل والرقم القومي
- Escalation: Yes
- CRM: Saving → Complaint → Financial Issue"
1759,2ee41edce1d7578d92d5fe377fd99b8e,0,halan,Pay,Complain,Financial Issue,Yes,ok,Withdrawal was unsuccessful and the amount deducted from wallet (successful on system),شكوى عميل انه قام بسحب مبلغ من ATM والمبلغ لم يخرج او سحب من فوري Fawry او عملية P2M,yes,"Vertical: Pay | Type: Complain | Issue: Financial Issue | Escalation: Yes

Question EN: Withdrawal was unsuccessful and the amount deducted from wallet (successful on system)
Question AR: شكوى عميل انه قام بسحب مبلغ من ATM والمبلغ لم يخرج او سحب من فوري Fawry او عملية P2M

Script:
هيتم مراجعة البيانات الاسم بالكامل والرقم القومي ويكون متواصل من نفس الرقم
التأكد من خصم المبلغ سواء من ATM او فوري أو أي ابلكيشن اخر
ATM: انا بعتذر لحضرتك وأنا من خلالي ههقدم لحضرتك شكوى وسيتم حل المشكلة خلال 15 يوم عمل .
P2M: انا بعتذر لحضرتك وأنا من خلالي ههقدم لحضرتك شكوى وسيتم حل المشكلة خلال 30 يوم عمل .
ملحوظة يجب توضيحها مع العلم أنه يجب توافر 5 جنيه قيمة الطلب وفى حالة قبول الشكوى سيتم رد قيمة الطلب مرة اخرى.
لا يتم تقديم الشكوى بدون وجود 5 جنيه رصيد في المحفظة)
وسيكون شكل العملية على البورتال باسم (Manual Payment).
مع ضرورة اضافة العملية وقيمة ال Hold Amount في التيكيت، وإذا لم يتوفر أيا منهم فيجب توضيج ذلك واضافة الاسم بالكامل والرقم القومي
وتوضيح بيانات المعاملة كاملة (قيمة وتاريخ ووقت ورقم ال ATM واسم البنك .
- Escalation: Yes
- CRM: Pay → Complaint → Financial Issue"
1760,51c624ab15d15e17a1c7dc8addf69855,0,halan,Pay,Complain,Financial Issue,Yes,ok,Deposit was unsuccessful and the amount not reflected,شكوى عميل انه قام بإيداع مبلغ من ATM والمبلغ لم يسمع,yes,"Vertical: Pay | Type: Complain | Issue: Financial Issue | Escalation: Yes

Question EN: Deposit was unsuccessful and the amount not reflected
Question AR: شكوى عميل انه قام بإيداع مبلغ من ATM والمبلغ لم يسمع

Script:
هيتم مراجعة البيانات الاسم بالكامل والرقم القومي ويكون متواصل من نفس الرقم
بعد التأكد من عدم وجود مبلغ الايداع
انا بعتذر لحضرتك وأنا من خلالي هقدم لحضرتك شكوى وسيتم حل المشكلة خلال 15 يوم عمل
ملحوظة يجب توضيحها مع العلم أنه يجب توافر 5 جنيه قيمة الطلب وفى حالة قبول الشكوى سيتم رد قيمة الطلب مرة اخرى.
لا يتم تقديم الشكوى بدون وجود 5 جنيه رصيد في المحفظة
وسيكون شكل العملية على البورتال باسم (Manual Payment).
مع ضرورة اضافة العملية وقيمة ال Hold Amount في التيكيت، وإذا لم يتوفر أيا منهم فيجب توضيج ذلك. واضافة الاسم بالكامل والرقم القومي
وتوضيح بيانات المعاملة كاملة (قيمة وتاريخ ووقت ورقم ال ATM واسم البنك .
ملحوظة: عند شكوى العميل انه قام بالإيداع من فوري الى محفظة حالا كاش، سيتم التوضيح للعميل أنه لا يمكن عمل ايداع المحفظة حالا كاش عن طريق فوري، ولابد من مراجعة محفظة تطبيق حالا وليس حالا كاش
- Escalation: Yes
- CRM: Pay → Complaint → Financial Issue"
1761,9ea7b192a9f159de9fadd7065b073aed,0,halan,Pay,Complain,Financial Issue,Yes,ok,Complaint Bill Payment not Reflected,عميل يشتكي من خصم عملية شحن رصيد او دفع فاتورة فاشلة من تطبيق حالا بالمحفظة,yes,"Vertical: Pay | Type: Complain | Issue: Financial Issue | Escalation: Yes

Question EN: Complaint Bill Payment not Reflected
Question AR: عميل يشتكي من خصم عملية شحن رصيد او دفع فاتورة فاشلة من تطبيق حالا بالمحفظة

Script:
هيتم مراجعة البيانات الاسم بالكامل والرقم القومي ويكون متواصل من نفس الرقم
بعد التأكد من شكوى العميل وخصم العمليات من البورتال) وفشلهم من (CRM)
لابد من اضافة جميع العمليات في التيكيت
لابد من اضافة جهة الشحن أو دفع الفاتورة في التيكيت.
وفي حالة الدفع عن طريق حالا كاش)، سيكون شكل العملية على البورتال (Halan Bill) وسيتم كتابة الرقم المستفيد في التيكيت التيكيت.
ستكون CRM إذا وجدنا المعاملة اللي عاملاها بممحفظة حالا كاش على Same Payment Method وسيتم حلها خلال يومين عمل. ولا نعرض عليه استرجاع المبلغ على محفظة التطبيق.
ستكون CRM إذا لم يجد المعاملة اللي عاملاها بممحفظة حالا كاش على Deduction without Valid Reason وسيتم حلها خلال 3 أيام عمل. ولا نعرض عليه استرجاع المبلغ على محفظة التطبيق.

نعرض علي العميل اننا ممكن نرجع المبلغ المخصوم على محفظة حالا خلال ساعتين عمل
لو العميل وافق هنختار ف الفورم Customer Request to Refund on: Halan Wallet
لو العميل رفض ومحتاج استرجاع المبلغ على نفس طريقة الدفع هنختار Same Payment ونوضح المدة حسب طريقة الدفع ما عداااااا لو العميل دافع برصيد التقسيط او كارت حالا او حالا کاش مش هنعرض عليه علشان لازم المبلغ يرجع على نفس الطريقة.

مدة الرد على الشكوى حسب وسيلة الدفع (SLA):
• كارت حالا -> يومين عمل
• كارت حالا (Debit + Credit on Card) -> 3 أيام عمل
• محفظة الكترونية -> يومين عمل
• محفظة حالا -> ساعتين عمل
• حالا كريديت (بالتقسيط) (CF) -> يومين عمل
• Apple Pay / كريديت كارد -> ساعتين عمل للرد على الشكوي + 14 يوم عمل لاسترجاع المبلغ

وفي حالة أن العميل قام بالدفع عن طريق وسيلتين مع بعض (مثال: محفظة حالا + كريديت كارد هنو ضحله المدة الأكبر. مع ضرورة اضافة العملية في التيكيت.
- Escalation: Yes
- CRM: Pay → Complaint → Financial Issue → Bill Payment not Reflected"
1762,d73a9a5a175d5a5ead07e9639c40f986,0,halan,Pay,Complain,Financial Issue,Yes,ok,Deduction without valid reason,شكوى عميل بان تم خصم اموال من المحفظة بدون سبب,yes,"Vertical: Pay | Type: Complain | Issue: Financial Issue | Escalation: Yes

Question EN: Deduction without valid reason
Question AR: شكوى عميل بان تم خصم اموال من المحفظة بدون سبب

Script:
سيتم مراجعة البيانات الاسم بالكامل والرقم القومي ويكون متواصل من نفس الرقم
هيتم مراجعة المعاملات والرصيد في حالة وجود خصم بدون سبب

**السيناريو الأول (في حالة وجود خصم بدون سبب):**
انا بعتذر لحضرتك سيتم ارسال الشكوى لمراجعة حساب حضرتك مرة اخرى وفى حالة وجود خصم بدون سبب سيتم حل المشكلة في خلال 3 أيام عمل
مع ضرورة اضافة العملية وقيمة ال Hold Amount في التيكيت، وإذا لم يتوفر أيا منهم فيجب توضيج ذلك . واضافة الاسم بالكامل والرقم القومي
- Escalation: Yes
- CRM: Pay → Complaint → Financial Issue

**السيناريو الثاني (في حالة عدم وجود خصم / وجود سبب للخصم):**
سيتم التوضيح للعميل انه لا يوجد خصم أو ما سبب الخصم
- Escalation: No
- CRM: Pay → Complaint → Financial Issue

**السيناريو الثالث (وفي حالة ان العميل يشحن رصيد او يدفع قسط او فاتورة من Bill Payment عن طريق حالا كاش والمعاملة مش موجودة على CRM):**
شكل العملية على البورتال (Halan Bill)
وفي حالة تم التأكد من خصم المبلغ : هيتم تقديم شكوي خلال 3 أيام عمل ولا نعرض عليه استرجاع المبلغ على محفظة التطبيق. وهنحتاج نضيف في التيكت هذه البيانات:
• وسيتم كتابة الرقم المستفيد في التيكيت.
• مع ضرورة اضافة العملية وقيمة ال Hold Amount في التيكيت، وإذا لم يتوفر أيا منهم فيجب توضيج ذلك. .
• واضافة الاسم بالكامل والرقم القومي
لكن لو المعاملة ظاهرة على CRM التيكت كون Complaint Bill Payment not Reflected
- Escalation: Yes
- CRM: Pay → Complaint → Financial Issue"
1763,008e80cde4975128982518471195d1b2,0,halan,Pay,Request,Technical Issue,Yes,ok,Customer wants to reset the Pin code,عميل يريد اعادة ضبط لكلمة السر او ظهور تم حظر الرقم والمحفظة مفعلة,yes,"Vertical: Pay | Type: Request | Issue: Technical Issue | Escalation: Yes

Question EN: Customer wants to reset the Pin code
Question AR: عميل يريد اعادة ضبط لكلمة السر او ظهور تم حظر الرقم والمحفظة مفعلة

Script:
سيتم مراجعة البيانات الاسم بالكامل والرقم القومى ويكون متواصل من نفس الرقم

**السيناريو الأول (إعادة ضبط ناجحة):**
بعتذر لحضرتك وأنا من خلالي هعمل اعادة ضبط لكلمة السر هستأذن حضرتك بعد انتهاء المكالمة ندخل على تطبيق حالا، هيطلب من حضرتك اعادة ضبط كلمة سر جديدة، الرقم السري لازم يكون مكون من 6 أرقام باللغة الانجليزية ويكونوا غير متتاليين أو متشابهين مع العلم لا يسمح باستخدام اخر رقمين سريين تم استخدامهم من قبل.
- Escalation: No
- CRM: Pay → Request → Customer wants to reset the Pin code

**السيناريو الثاني (فشل العملية من خلال السيستم):**
انا بعتذر لحضرتك لكن عملية الضبط فشلت من خلال السيستم وتم ارسال شكوى للقسم المختص وسيتم حلها في أقرب وقت. نوضح تفاصيل الشكوي والاسم بالكامل والرقم القرمي
- Escalation: Yes
- CRM: Pay → Request → Customer wants to reset the Pin code

**السيناريو الثالث (في حالة حدوث Global issue):**
بنعتذر لحضرتك لوجود بعض التحديثات على النظام القسم المختص يعمل على حل وانهاء التحديثات في أقرب وقت .
- Escalation: No
- CRM: Pay → Request → Customer wants to reset the Pin code

ملحوظة في حالة افصاح العميل عن كلمة السر الخاصة به او كلمة السر التي يريد تعيينها لابد من مقاطعة العميل بطريقة احترافية اثناء الافصاح وابلاغه ضرورة عدم مشاركة كلمة السر مع أي شخص حتى ولو كان خدمة العملاء. ثم نقوم بإعادة ضبط كلمة السر الخاصة بالمحفظة وابلاغه بذلك."
1764,d5a1c0f289d05e558731b72c758718cd,0,halan,Pay,Request,Non-Technical Issue,No,ok,Cst want to change his mobile number,عميل يريد تغيير رقم الهاتف المسجل بة المحفظة,yes,"Vertical: Pay | Type: Request | Issue: Non-Technical Issue | Escalation: No

Question EN: Cst want to change his mobile number
Question AR: عميل يريد تغيير رقم الهاتف المسجل بة المحفظة

Script:
بعتذر لحضرتك غير متاح تغيير الرقم لكن حضرتك تقدر تعمل محفظة جديدة برقم جديد
ولو متاح اي مبلغ في المحفظة الحالية تقدر تسحبه ثم بعدها التوجه لاقرب فرع تساهيل لانشاء محفظة برقم جديد
- Escalation: No
- CRM: Pay → Request → Cst want to change his mobile number"
1765,41cf7af4dbed52c4863b1acd7cc0b836,0,halan,Pay,Request,Non-Technical Issue,Yes,ok,Recycling,شكوى عميل انه لم يتم تحويل الاموال المتواجدة على المحفظة القديمة الى المحفظة الجديدة بعد تفعيلها,yes,"Vertical: Pay | Type: Request | Issue: Non-Technical Issue | Escalation: Yes

Question EN: Recycling
Question AR: شكوى عميل انه لم يتم تحويل الاموال المتواجدة على المحفظة القديمة الى المحفظة الجديدة بعد تفعيلها

Script:
سيتم مراجعة البيانات الاسم بالكامل والرقم القومي ويكون متواصل من نفس الرقم
سيتم التأكد من أن بيانات العميل في الرقمين متماثلتين بعد التأكد من البورتال والكشف عن الرقمين
هيتم تقديم طلب لحضرتك للقسم المختص وهيتم تحويل الاموال في خلال 3 ايام عمل.
وسيتم توضيح الرقم الجديد والقديم في التيكيت و نوضح تفاصيل الشكوي والاسم بالكامل والرقم القومي
وسيكون شكل عملية اضافة الأموال على المحفظة الجديدة باسم Consumer Cash Out of us.
- Escalation: Yes
- CRM: Pay → Request → Recycling"
1766,505ee58785735a6c94044e1cacd0fd42,0,halan,Pay,Request,Non-Technical Issue,No,ok,Cst wants to deactivate his wallet,عميل يريد ايقاف المحفظة,yes,"Vertical: Pay | Type: Request | Issue: Non-Technical Issue | Escalation: No

Question EN: Cst wants to deactivate his wallet
Question AR: عميل يريد ايقاف المحفظة

Script:
استأذنك ممكن اعرف اية السبب ؟ أحاول اساعد العميل وافهم مشكلته واشرح مميزات المحفظة
في حالة العميل مصمم على طلبه حضرتك تقدر تدخل على موقع ميزة وتقوم بإلغاء المحفظة.
وحضرتك ممكن تفعلها مرة اخرى عن طريق الذهاب الى فروع تساهيل
- Escalation: No
- CRM: Pay → Request → Cst wants to deactivate his wallet"
1767,8d0f523a7bda59da9cb00d8f455ded37,0,halan,General,Request,Non-Technical Issue,Yes,ok,"want to contact with marketing administration,legal IT",عميل يريد التواصل مع قسم التسويق الإداري ...... الخ,yes,"Vertical: General | Type: Request | Issue: Non-Technical Issue | Escalation: Yes

Question EN: want to contact with marketing administration,legal IT
Question AR: عميل يريد التواصل مع قسم التسويق الإداري ...... الخ

Script:
اسم الشركة ؟
حضرتك ممكن توضحلي القسم الذي تريد التواصل معه؟
ما الهدف من التواصل بالتفصيل ؟
تم تسجيل طلبك و ارساله للقسم المختص و لو فى امكانية هيتم التواصل معك
بيتم عمل التكت بكل التفاصيل اسم العميل - رقم تليفونه اسم الشركة - القسم الذي يريد التواصل معه - الهدف من التواصل
Send to call center TL
- Escalation: Yes
- CRM: Request → want to contact with marketing administration,legal IT"
1768,d0e639034e9f5c7dad55209443ca36bc,0,halan,Pay,Request,Non-Technical Issue,No,ok,CST wants to extract an account statement,عميل يريد استخراج كشف حساب,yes,"Vertical: Pay | Type: Request | Issue: Non-Technical Issue | Escalation: No

Question EN: CST wants to extract an account statement
Question AR: عميل يريد استخراج كشف حساب

Script:
حضرتك تقدر تتوجه لفرع تساهيل لتقديم طلب استخراج كشف حساب.
ونوضح أقرب فرع للعميل ومواعيد عمله الرسمية
ومواعيد فروع تساهيل من الساعة 9 صباحاً الي ٥ مساءاً جمعة وسبت اجازة
- Escalation: No
- CRM: Pay → Request → CST wants to extract an account statement"
1769,9c39a83cec4b52548b4fde897363f585,0,halan,Pay,Inquiry,Non-Technical Issue,No,ok,General Knowledge — Portal Cash Transaction Meanings,معلومات عامة — كيفية قراءة ترانزاکشن بورتال کاش,yes,"Vertical: Pay | Type: Inquiry | Issue: Non-Technical Issue | Escalation: No

Question EN: General Knowledge — Portal Cash Transaction Meanings
Question AR: معلومات عامة — كيفية قراءة ترانزاکشن بورتال کاش

Script:
حالاً كاش: هي محفظة إلكترونية بالتعاون مع البنك الأهلي الكويتي مصر ABK تحت رقابة البنك المركزي

كيفية قراءة ترانزاکشن بورتال کاش:
| الاسم علي البورتال | الشرح التوضيحي |
|---|---|
| RECIEVE_P2P_OFF_US 002010502 CREDIT | عملية استقبال من محفظة اخري |
| RECIEVE_P2P_ON_US 002010502 CREDIT | عملية استقبال من محفظة حالا كاش |
| SEND_P2P_OFF_US 002010502 DEBIT | عملية تحويل من محفظة حالا كاش الي محفظة اخري |
| SEND_P2P_ON_US 002010502 DEBIT | عملية تحويل من محفظة حالا كاش الي حالا كاش |
| SEND_P2M_OFF_US 12345670 DEBIT Halan Bill | دفع فاتورة من تطبيق حالا |
| SEND_P2M_OFF_US 12345670 DEBIT Tasaheel ...... | دفع قسط تساهيل |
| SEND_P2M_OFF_US 12345670 DEBIT Halan cf | دفع قسط حالا |
| SEND_P2M_OFF_US 12345670 DEBIT Mashroay | دفع قسط مشروعي |
| SEND_P2M_OFF_US 12345670 DEBIT My fawry / or any app name | تحويل اموال من المحفظة الي فوري او اي ابلكيشن اخر حسب اسم الابلكيشن |
| ATM_CASH_OUT DEBIT | سحب مبلغ من ATM |
| ATM_CASH_IN CREDIT | ايداع مبلغ من ATM |
| Manual Payment | شكل عملية سحب ٥ جنيه الخاصة بشكاوي السحب او الايداع من اي atm او من خلال فوري او اي ابلكيشن اخر |
| (Consumer Cash Out of us) | شكل عملية اضافة الأموال على المحفظة الجديدة بعد تقديم recycling طلب |
| Credit | مجموع الداخل المحفظة |
| Debit | مجموع الخارج من المحفظة |
- Escalation: No
- CRM: Pay → Inquiry → General Knowledge"
1770,39f03ec5ed8d5cd78278457761730e68,0,halan,General,Inquiry,Non-Technical Issue,No,ok,IVR Tree and Routing,شجرة الرد الآلي وتوجيه المكالمات,yes,"Vertical: General | Type: Inquiry | Issue: Non-Technical Issue | Escalation: No

Question EN: IVR Tree and Routing
Question AR: شجرة الرد الآلي وتوجيه المكالمات

Script:
Queue Name | IVR Tree Selection
Card | لإعادة تعيين الرقم السري يضغط 1 ثم 1
 | الاستفسارات يضغط 1 ثم 2
 | الشكاوي يضغط 1 ثم 3
 | للتقديم وتفعيل حالا كريديت يضغط 2 ثم 1
Halan Inbound |
 | التقديم على المشروعات الصغيره 2 ثم 2
 | الشكاوي والدعم يضغط 2 ثم 3
Cash | لإعادة تعيين الرقم السري يضغط 3 ثم 1
الشكاوي والدعم يضغط 3 ثم 2
Elite | استثمار يضغط 4 ثم 1
 | جمعية يضغط 4 ثم 2
 | دهب يضغط 4 ثم 3
Gomla | يضغط 5
Salary lending | للتقديم يضغط 6 ثم 1
الراتب المبكر | الشكاوي والدعم يضغط 6 ثم 2
- Escalation: No
- CRM: General → Inquiry → IVR Tree"
1771,60b34be919075e89b37cfb89734c6ab9,0,halan,Halan,Inquiry,Non-Technical Issue,No,ok,Customer Verification Rules,قواعد مراجعة بيانات عميل كارت حالا,yes,"Vertical: Halan | Type: Inquiry | Issue: Non-Technical Issue | Escalation: No

Question EN: Customer Verification Rules
Question AR: قواعد مراجعة بيانات عميل كارت حالا

Script:
يجب مراجعة البيانات مع عميل كارت حالا في الحالات الآتية وطبعا لازم يكون العميل بنفسه اللي بيتواصل معانا:
1. في حالة توضيح أي معلومات خاصة بالكارت نفسه.
2. في حالة تقديم شكوى للعميل.
3. في حالة متابعة الشكاوى.
4. في حالة اتخاذ أي أكشن او اجراء للعميل.
5. في حالة تقديم طلب للعميل.

البيانات التي يتم مراجعتها مع العملاء في الحالات السابقة: (الأساسية)
- نفس رقم الهاتف المفعل بيه الكارت.
- الرقم القومي.
- الاسم ثلاثي.

أما الآتي فيجب على العميل الاجابة على 2 من أصل 4 اسئلة: (الاضافية)
- اخر أربع ارقام من الكارت.
- اخر عملية ناجحة، حتى لو تحويل ليميت قيمتها كام او تاريخها امتی.
- رصيد الكارت الحالي.
- العنوان المذكور على البطاقة الشخصية
 وفي حالة ان العميل وضح بيانات غلط اثناء أي نقطة اضافية، سيتم سؤاله عن اخرى. وإذا لم ينجح، سيتم التوضيح في النهاية ان البيانات غير متطابقة مع مراعاة عدم توضيح معلومات عن الجزء الخطأ.
لكن لو استفسار العميل عن أي استفسار عام لا يتم مراجعة البيانات ويتم توضيح الاستفسار بشكل كامل. مثال ايه هوا کارت حالا / رسوم استلام الكارت / طريقة تفعيل الكارت.....

ترتيب استكمال طلب الحصول على الكارت:
1- فروع Circle K
2- المولات
3- باقى نقاط التفعيل
4- فروع تساهيل اللى موجودة في الشيت (فروع متشطبة)
5- باقي فروع تساهيل
- Escalation: No
- CRM: Halan → Inquiry → Verification Rules"
1772,e4466a7249025ee8b7972f558dc3a1d5,0,halan,Halan,Inquiry,Non-Technical Issue,No,ok,Inquiry about Halan Card,عميل بيستفسر عن ما هو كارت حالا او الفرق بين كارت حالا وباقي الكروت البنكية,yes,"Vertical: Halan | Type: Inquiry | Issue: Non-Technical Issue | Escalation: No

Question EN: Inquiry about Halan Card
Question AR: عميل بيستفسر عن ما هو كارت حالا او الفرق بين كارت حالا وباقي الكروت البنكية

Script:
کارت حالا هو كارت مدفوعات بتقدر تستخدمه في أكثر من استخدام
تقدر تعمل ايداع او سحب منه فلوس خاصة بحضرتك عن طريق ماكينات الصراف الآلي او ماكينات فوري
او تقدر تستخدمه ككارت مشتريات عن طريق ان حضرتك تقدم على حالا كريديت ( رصيد مشتريات ) او لو لديك رصيد مشتريات
وحالا كريديت : هو رصيد تقسيط بينزل لحضرتك على تطبيق حالا تقدر تشتري منه من على التطبيق أو من خلال التجار المتعاقدة مع حالا
ولو حضرتك حبيت تشتري من اي مكان داخل مصر مش شرط متعاقد مع حالا تقدر تحول حالا كريديت من التطبيق للكارت وتستخدمه عند اي تاجر مش شرط يكون متعاقد مع حالا من خلال ماكينة POS او الدفع في كل المواقع المصرية اونلاين .
ومش بيكون في رسوم سنوية علي الكارت
تحب اوضح لحضرتك ازاي تقدر تقدم علي كارت حالا ؟
لو العميل وافق هيتم توضيح خطوات التقديم علي الكارت بالكامل
ولو العميل هيعمل الكارت لابد من سؤال العميل هيتوجه لفرع ايه للاختيار في التيكت الفرع اللي هيتوجه ليه
- Escalation: No
- CRM: Halan Card → Inquiry → Inquiry about Halan Card"
1773,84ab6e15e61552a7bc8fd780ecd01b28,0,halan,Halan,Inquiry,Non-Technical Issue,No,ok,Inquiry about Halan Card Activation Process,عميل بيستفسر عن خطوات تفعيل كارت حالا,yes,"Vertical: Halan | Type: Inquiry | Issue: Non-Technical Issue | Escalation: No

Question EN: Inquiry about Halan Card Activation Process
Question AR: عميل بيستفسر عن خطوات تفعيل كارت حالا

Script:
حضرتك بتقدم على الكارت من خلال الأبلكيشن
بتدخل على كارت حالا وتضغط على طلب كارت هيطلب من حضرتك الاسم رباعي والرقم القومي، وبعدها هيظهر لحضرتك أقرب فروع ليك لاستكمال طلب الحصول على الكارت...
يجب ان تكون بطاقة حضرتك سارية وغير تالفة.
حضرتك بتستلم الكارت في ظرف مغلق وبتستخدم تطبيق حالا لإستخدام الكارت والتعامل عليه.
تحب اوضح لحضرتك عنوان اقرب فرع ؟
لو العميل وافق هيتم التوضيح للعميل عنوان اقرب فرع هنمشي بالتريبت ده واحنا بنوجه العميل للفروع :-
1- فروع Circle K
2- المولات
3- باقي نقاط التفعيل
4- فروع تساهيل اللي موجودة في الشيت (فروع متشطبة)
5- باقي فروع تساهيل

وحابب اوضح لحضرتك انك بعد متستلم الكارت من الفرع هتفتح تطبيق حالا وتختار كارت حالا عشان تعين من خلاله كلمات سر الكارت
هتعين اولا كلمة سر 6 ارقام وديه بتكون كلمة السر الكارت على التطبيق تكون غير متتالية وغير متشابهة
وبعدها هتعين كلمة سر مكونة من 4 ارقام وديه بتكون كلمة سر الكارت عند السحب او الشراء من ATM او POS وتكون غير متتالية او متشابهة

في حالة سؤال العميل عن ميعاد استلام الكارت:
- لو العميل هيتوجه لموافقة فورية هيتم التوضيح انه في نفس اليوم.
- لو العميل هيتوجه لفرع تساهيل هيتم التوضيح ان الفرع هو اللي هيوضح لحضرتك

في حالة سؤال العميل عن السن:
أقل سن للعميل يكون 15 سنة علشان يعمل كارت. لكن لو العميل هيفعل حد ائتماني ف اقل سن بيكون 21 سنة.
- Escalation: No
- CRM: Halan Card → Inquiry → Inquiry about Halan Card Activation Process"
1774,aad5bbea11895b80bdadaa68b2e71fce,0,halan,Halan,Inquiry,Non-Technical Issue,No,ok,Inquiry about Halan Card limits,عميل بيستفسر عن ما هي حدود معاملات الكارت,yes,"Vertical: Halan | Type: Inquiry | Issue: Non-Technical Issue | Escalation: No

Question EN: Inquiry about Halan Card limits
Question AR: عميل بيستفسر عن ما هي حدود معاملات الكارت

Script:
هيتم المعرفة اذا كان العميل عنده كارت حالا اما لا
في حالة عنده كارت حالا هيتم اتباع هذه الخطوات:
- هيتم مراجعة الاسم ثلاثي والرقم القومي ويكون متواصل من نفس الرقم اما الاتي فيجب علي العميل الاجابة علي 2 من اصل 4 اسئلة ( اخر اربع ارقام من الكارت / العنوان في البطاقه الشخصية / اخر عملية ناجحة علي الكارت / رصيد الكارت الحالي )
- هيتم رؤية نظام الليمت الخاص بالعميل من البورتال هل هو Semi-KYC ام Non-KYC وبعدها هيتم التوضيح للعميل الليمت الخاص به:

| Limits | Non-KYC | Semi-KYC |
| :--- | :--- | :--- |
| الحد اليومي للشراء Daily Purchase Limit | 50,000 | 60,000 |
| الحد الشهري للشراء Monthly Purchase Limit | 160,000 | 200,000 |
| الحد اليومي للشراء اونلاين Daily Online Purchase Limit | 50,000 | 50,000 |
| الحد الشهري للشراء اونلاين Monthly Online Purchase Limit | 160,000 | 160,000 |
| الحد اليومي للسحب كاش Daily Cash Withdrawal Limit | 30,000 | 30,000 |
| الحد الشهري للسحب كاش Monthly Cash Withdrawal Limit | 160,000 | 200,000 |
| الحد اليومي للإيداع كاش Daily Cash Deposit Limit | 30,000 | 30,000 |
| الحد الشهري للإيداع كاش Monthly Cash Deposit Limit | 160,000 | 200,000 |
| الحد اليومي للاستخدام على POS Daily POS Usage Counter | مرة 20 | مرة 30 |
| الحد الشهري للاستخدام على POS Monthly POS Usage Counter | 100 مرة | 150 مرة |

ولابد من التوضيح بعد توضيح الجدول للعميل ان نوضح في حالة الايداع من خلال InstaPay يكون الليميت راجع الى الحد اليومي بالنسبة ل InstaPay
وفي حالة العميل لا يملك كارت حالا وبيسأل قبل ميعمل الكارت عن ليمت الكارت: هيتم التوضيح للعميل اقل ليمت وهو Non KYC
- Escalation: No
- CRM: Halan Card → Inquiry → Inquiry about Halan Card limits"
1775,739981a5a83f5607a24c157694c0aaf2,0,halan,Halan,Inquiry,Non-Technical Issue,No,ok,where can I purchase through Halan Card,عميل يستفسر ازاي استخدم كارت حالا في الشراء,yes,"Vertical: Halan | Type: Inquiry | Issue: Non-Technical Issue | Escalation: No

Question EN: where can I purchase through Halan Card
Question AR: عميل يستفسر ازاي استخدم كارت حالا في الشراء

Script:
حضرتك تقدر تستخدم كارت حالا عند اماكن الشراء داخل مصر ( اي تاجر لديه POS ) .
او حضرتك تقدر تشتري اونلاين من كل المواقع المصرية.
او تقدر تشتري بيه من على أبلكيشن حالا من خلال حالا جملة أو الأجهزة الكهربائية او شحن رصيد او يدفع فواتير (بدون مصاريف) او يدفع أقساط لا يمكن دفعها عن طريق (Credit on Card)

في حالة سؤال العميل عن كيفية الشراء بالكارت على تطبيق حالا هيتم التوضيح هذه الخطوات:
1. بنختار المنتج ونضيقه في عربة التسوق.
2. نضغط شراء ونختار وسيلة الدفع ""كارت حالا"" لابد من وجود مبلغ العملية على الكارت
3. بعدها تأكيد الشراء وبندخل باسورد الكارت ""6 أرقام""

ملحوظة : عند الشراء بكارت حالا علي تطبيق حالا بيطلب كتابة باسورد 6 ارقام الخاصة بالكارت علي التطبيق
وعند الشراء بكارت حالا من خلال اي موقع اونلاين داخل مصر الشراء بيتم عن طريق ارسال OTP للعميل لاتمام عملية الشراء اونلاين
- Escalation: No
- CRM: Halan Card → Inquiry → where can I purchase through Halan Card"
1776,55c7bccdd6c85b968afb5aac2923e8d3,0,halan,Halan,Inquiry,Non-Technical Issue,No,ok,Inquiry about how to link Halan Card with Halan account,عميل يستفسر ازاي اربط كارت حالا على حسابي في تطبيق حالا,yes,"Vertical: Halan | Type: Inquiry | Issue: Non-Technical Issue | Escalation: No

Question EN: Inquiry about how to link Halan Card with Halan account
Question AR: عميل يستفسر ازاي اربط كارت حالا على حسابي في تطبيق حالا

Script:
کارت حالا هيتم ربطه تلقائيا بحساب حضرتك في تطبيق حالا طالما حضرتك بتستخدم نفس رقم الموبايل في الحسابين.
- Escalation: No
- CRM: Halan Card → Inquiry → Inquiry about how to link Halan Card with Halan account"
1777,c1cb363e8fb25c288fb111f556c4416b,0,halan,Halan,Inquiry,Non-Technical Issue,No,ok,Inquiry about Halan card App/ATM Passwords,عميل يستعلم عن الفرق بين كلمة السر الخاصة بالكارت وكلمة السر الخاصة بالكارت على التطبيق,yes,"Vertical: Halan | Type: Inquiry | Issue: Non-Technical Issue | Escalation: No

Question EN: Inquiry about Halan card App/ATM Passwords
Question AR: عميل يستعلم عن الفرق بين كلمة السر الخاصة بالكارت وكلمة السر الخاصة بالكارت على التطبيق

Script:
كلمة السر الخاصة بالكارت على التطبيق دي بتكون كلمة سر الحماية معاملات حضرتك وبتكون مكونة من 6 ارقام.
كلمة السر الخاصة بالكارت بتكون مكونة من 4 ارقام حضرتك بتستخدمها وقت عمليات الشراء او السحب والايداع وبتقوم ب انشاءها او تغييرها من التطبيق داخل ""كارت حالا"".
- Escalation: No
- CRM: Halan Card → Inquiry → Inquiry about Halan card App/ATM Passwords"
1778,1dc7dfb62b835465aac23f7fa80492c2,0,halan,Halan,Inquiry,Non-Technical Issue,No,ok,Inquiry about card status,عميل يستفسر عن حالة الكارت,yes,"Vertical: Halan | Type: Inquiry | Issue: Non-Technical Issue | Escalation: No

Question EN: Inquiry about card status
Question AR: عميل يستفسر عن حالة الكارت

Script:
هيتم مراجعة الاسم ثلاثي والرقم القومي ويكون متواصل من نفس الرقم اما الاتي فيجب على العميل الاجابة علي 2 من اصل 4 اسئلة ( اخر اربع ارقام من الكارت / العنوان في البطاقه الشخصية / اخر عملية ناجحة علي الكارت / رصيد الكارت الحالي)
يتم التوضيح للعميل حالة الكارت الخاصة به وإذا كان مفعل ام لا.
- Escalation: No
- CRM: Halan Card → Inquiry → Inquiry about card status"
1779,afa2487d859456cf8eebbc3bd6bc3aad,0,halan,Pay,Inquiry,Non-Technical Issue,No,ok,Inquiry about Receiving/Adding money from Instapay,عميل يستفسر عن كيفية الايداع او استقبال الاموال على الكارت عن طريق انستا باي,yes,"Vertical: Pay | Type: Inquiry | Issue: Non-Technical Issue | Escalation: No

Question EN: Inquiry about Receiving/Adding money from Instapay
Question AR: عميل يستفسر عن كيفية الايداع او استقبال الاموال على الكارت عن طريق انستا باي

Script:
[IMAGE: Screenshot of Instapay app interface showing options: Send Money To Mobile Number, Payment Address, Bank Account, Card. The Card section is active, requiring Card Number and Card Holder Name.]

افتح تطبيق انستاباي واختار الكارت.
اكتب رقم الكارت واسم العميل والمبلغ.
ملحوظة: احنا مش بنحول من الكارت لجهة اخرى عن طريق انستاباي, لأننا مش بنربط الكارت ب انستاباي
- Escalation: No
- CRM: Pay → Inquiry → Inquiry about Receiving/Adding money from Instapay"
1780,28c1f6d50d4f5078a1add44d2eda8dc0,0,halan,Pay,Inquiry,Non-Technical Issue,No,ok,How to deposit amounts on Halan Card,عميل بيستفسر عن طرق الايداع على كارت حالا,yes,"Vertical: Pay | Type: Inquiry | Issue: Non-Technical Issue | Escalation: No

Question EN: How to deposit amounts on Halan Card
Question AR: عميل بيستفسر عن طرق الايداع على كارت حالا

Script:
[IMAGE: Screenshots of Top-up Methods inside Halan App, displaying options like Bank ATM, Fawry deposit code 46688, and Instapay transfer.]

حضرتك تقدر تعمل ايداع من خلال:
- ATM البنك العربي الافريقي وبتكون بدون رسوم
- او من خلال انستاباي وقد يتم تطبيق مصاريف الخدمة
- او من خلال كود فوري 46688 وقد يتم تطبيق مصاريف الخدمة
وبيكون ظاهر لحضرتك علي تطبيق حالا طرق الايداع من خلال الدخول علي كارت حالا من التطبيق والضغط علي اضافة top up هيظهر ليك طرق الايداع علي الكارت

ملحوظة: لابد من اغلاق ايقونة تفعيل الكريديت علي الكارت قبل اتمام اي عملية سحب كاش او ايداع علي الكارت حتي تتم العملية بنجاح والايقونة متواجدة في الصفحة الريئسية في تطبيق حالا

في حالة سؤال العميل عن كيفية الايداع من انستابای او فوری هیتم توضيح هذه الخطوات:
- إيداع عن طريق (Instapay): هنفتح تطبيق انستا باي من موبايلك و هنختار ""ارسال فلوس""، هنختار الطريقة ""كارت"" وهندخل رقم كارت حالا الخاص بحضرتك والاسم بالكامل والمبلغ اللي حضرتك عايز تودعه والتحويل هيتم في لحظتها. قد يتم تطبيق مصاريف خدمة
- إيداع عن طريق (Fawry): هنتوجه لأقرب مكان يتوفر لديه خدمة فوري، اطلب منه تعمل ايداع في حساب كارت حالا الخاص بيك وكود الإيداع هو 46688، خلي الكارت معاك علشان الموظف هيسألك عنه لإتمام عملية الإيداع عن طريق ماكينة فوري (قد يتم تطبيق مصاريف خدمة)

في حالة سؤال العميل عن امكانية الايداع من الفرع : هيتم التوضيح انه غير متاح
- Escalation: No
- CRM: Pay → Inquiry → How to deposit amounts on Halan Card"
1781,aac263fd51ab5711910b61bdf9f1dd2c,0,halan,Pay,Inquiry,Non-Technical Issue,No,ok,How to withdraw amounts from Halan Card,عميل بيستفسر عن طرق السحب من كارت حالا,yes,"Vertical: Pay | Type: Inquiry | Issue: Non-Technical Issue | Escalation: No

Question EN: How to withdraw amounts from Halan Card
Question AR: عميل بيستفسر عن طرق السحب من كارت حالا

Script:
[IMAGE: Screenshots of Cashout Methods in the Halan app showing ATM cashout options and Fawry cashout with code 46699.]

حضرتك تقدر تعمل سحب من خلال:
- اي ماكينة ATM بتكون 5 جنيه رسوم او من خلال ماكينة البنك العربي الافريقي بدون رسوم
- او من خلال كود فوري 46699 وقد يتم تطبيق مصاريف الخدمة
وبيكون ظاهر لحضرتك علي تطبيق حالا طرق السحب من خلال الدخول علي كارت حالا من التطبيق والضغط علي سحب (Withdraw) هيظهر ليك طرق السحب من علي الكارت

ملحوظة: لابد من اغلاق ايقونة تفعيل الكريديت علي الكارت قبل اتمام اي عملية سحب كاش او ايداع علي الكارت حتى تتم العملية بنجاح والايقونة متواجدة في الصفحة الريئسية في تطبيق حالا

في حالة سؤال العميل عن كيفية السحب من فورى هيتم توضيح هذه الخطوات:
- سحب من خلال (Fawry): هنتوجه لأقرب مكان يتوفر لديه خدمة فوري، اطلب منه تعمل سحب من حساب كارت حالا الخاص بيك وكود السحب هو 46699، خلي الكارت معاك علشان الموظف هيسألك عنه لإتمام عملية السحب عن طريق ماكينة فوري (قد يتم تطبيق مصاريف خدمة)

في حالة سؤال العميل عن امكانية السحب من الفرع : هيتم التوضيح انه غير متاح
- Escalation: No
- CRM: Pay → Inquiry → How to withdraw amounts from Halan Card"
1782,7c2a5565c0df593aaafe9261c96efdec,0,halan,Pay,Inquiry,Non-Technical Issue,No,ok,Inquiry about Withdrawing Fees,عميل يستعلم عن مصاريف السحب او الايداع او الاستعلام عن الرصيد على الكارت,yes,"Vertical: Pay | Type: Inquiry | Issue: Non-Technical Issue | Escalation: No

Question EN: Inquiry about Withdrawing Fees
Question AR: عميل يستعلم عن مصاريف السحب او الايداع او الاستعلام عن الرصيد على الكارت

Script:
مصاريف السحب من ماكينات الصراف الآلي 5 جنيه على كل سحبه يعملها من الماكينة ( ماعدا ماكينات البنك العربي الأفريقي بدون رسوم).
او من فوري بكود 46699 قد يتم تطبيق مصاريف خدمة

اما عمليات الايداع فهي تتم على ماكينات البنك العربي الافريقي بدون رسوم وايضا تظهر الماكينات التي يمكنك الإيداع من خلالها على التطبيق.
او من فوري بكود 46688 قد يتم تطبيق مصاريف خدمة
او من تطبيق Instapay قد يتم تطبيق مصاريف خدمة

اما مصاريف الاستعلام على الرصيد من ATM فهي 1 جنيه من اي ماكينة ATM.
- Escalation: No
- CRM: Pay → Inquiry → Inquiry about Withdrawing Fees"
1783,a8a2d776c9825f548b4cea529e77e549,0,halan,Halan,Inquiry,Non-Technical Issue,No,ok,Inquiry about Halan card Activation Fees,عميل يستعلم عن مصاريف اصدار الكارت لأول مرة,yes,"Vertical: Halan | Type: Inquiry | Issue: Non-Technical Issue | Escalation: No

Question EN: Inquiry about Halan card Activation Fees
Question AR: عميل يستعلم عن مصاريف اصدار الكارت لأول مرة

Script:
الفرع بيوضحها لحضرتك
- Escalation: No
- CRM: Halan Card → Inquiry → Inquiry about Halan card Activation Fees"
1784,c1fd45be036b5d3a849a28012946c180,0,halan,CF,Inquiry,Non-Technical Issue,No,ok,Inquiry about transfer the limit from Halan APP... To Halan card,عميل بيستفسر عن تحويل حالا كريديت بتاعه من ابلكيشن حالا الى كارت حالا,yes,"Vertical: CF | Type: Inquiry | Issue: Non-Technical Issue | Escalation: No

Question EN: Inquiry about transfer the limit from Halan APP... To Halan card
Question AR: عميل بيستفسر عن تحويل حالا كريديت بتاعه من ابلكيشن حالا الى كارت حالا

Script:
[IMAGE: Screens from Halan app displaying 'Halan Credit' section with total limit, available credit e.g., 27,100 EGP out of 32,000 EGP, and a toggle option labeled 'Activate Credit on Card' / 'قسط بكارتك حالا'.]

حضرتك تقدر تحول حالا كريديت من أبلكيشن حالا الى كارت حالا بحد أقصى 50,000 في المعاملة عن طريق:

الطريقة الأولى:
1. الدخول على القائمة الرئيسية في أبلكيشن حالا
2. حضرتك بضغط على اختيار (تفعيل الكريديت على الكارت) من حالا كريديت
3. بعدها حضرتك بتكتب اخر 4 ارقام من الكارت وبيتم بعدها تحويل حالا كريديت من الابلكيشن للكارت

طريقة اخرى:
1. من الصفحة الرئيسية هنضغط على (حالا كريديت)
2. هنلاقي أيقونة تفعيل الكريديت على الكارت
3. هنضغط على الأيقونة ونكتب أخر 4 أرقام في الكارت وبيتم بعدها تحويل حالا كريديت من الابلكيشن للكارت
4. ومكن نختار مدة التقسيط قبل ما نحول الكريديت عن طريق اننا نضغط على علامة السهم بجانب ايقونة تفعيل الكريديت على الكارت
5. ونختار مدة التقسيط ونكتب اخر 4 أرقام في الكارت وبيتم بعدها تحويل حالا كريديت من الابلكيشن للكارت

طريقة اخرى:
- من داخل كارت حالا هنضغط على تفعيل الكريديت على الكارت

ملحوظة لابد من اخبارها للعميل بعد توضيح خطوات تحويل الليمت:
العميل بيحول حالا كريديت بتاعه من التطبيق الى الكارت ومش بيقدر يسحبهم كاش، وبيكون موجود على الكارت لمدة ساعتين وبعدها بيرجع تاني على التطبيق.

ملحوظة : في حالة ان العميل Credit Builder سيكون متاح فترة تقسيط واحدة وهي 3 أشهر فقط

وفي حالة استفسار العميل عن سحب الكريديت كاش :-
نوضح أنه لا يمكن سحبه كاش، ولكن يوجد خدمة ""كاش إت"" وهي خدمة على أبلكيشن حالا، حضرتك بترفع فاتورة الشراء على التطبيق وبينزل لحضرتك مبلغ الفاتورة دي على الكارت تقدر تسحبه او تشتري بيه.
- Escalation: No
- CRM: CF → Inquiry → Inquiry about transfer the limit from Halan APP... To Halan card"
1785,9193f3994c1358d8889547f81d8d5657,0,halan,CF,Inquiry,Non-Technical Issue,No,ok,Inquiry about transfer the limit from Halan Card to Halan App,عميل بيستفسر عن تحويل استخدام حالا كريديت بتاعه من كارت حالا الى أبلكيشن حالا,yes,"Vertical: CF | Type: Inquiry | Issue: Non-Technical Issue | Escalation: No

Question EN: Inquiry about transfer the limit from Halan Card to Halan App
Question AR: عميل بيستفسر عن تحويل استخدام حالا كريديت بتاعه من كارت حالا الى أبلكيشن حالا

Script:
[IMAGE: Halan app screen showing the 'Credit on Card' toggle switch being closed or turned off to return the balance to the main app layout.]

- الدخول على القائمة الرئيسية في أبلكيشن حالا
- غلق اختيار تفعيل الكريديت على الكارت

ملحوظة لابد من اخبارها للعميل ان الكريديت بيكون موجود على الكارت لمدة ساعتين بعد تحويله وبعدها بيرجع تاني على التطبيق.
- Escalation: No
- CRM: CF → Inquiry → Inquiry about transfer the limit from Halan Card to Halan App"
1786,0f3414488a465a5baec451e70a24b079,0,halan,CF,Inquiry,Non-Technical Issue,No,ok,Inquiry about change installment duration,عميل بيستفسر عن تعديل مدة القسط على كارت حالا قبل الشراء,yes,"Vertical: CF | Type: Inquiry | Issue: Non-Technical Issue | Escalation: No

Question EN: Inquiry about change installment duration
Question AR: عميل بيستفسر عن تعديل مدة القسط على كارت حالا قبل الشراء

Script:
[IMAGE: App screen displaying the installment plan option 'خطة الدفع' located under 'كريديت على الكارت' where the customer can tap and choose different tenors.]

في حالة الاستفسار قبل تحويل الكريديت:
- من الصفحة الرئيسية هنضغط على (حالا كريديت)
- هنضغط على علامة السهم بجانب أيقونة (تفعيل الكريديت على الكارت)
- ونختار مدة التقسيط وبعدها نكتب اخر 4 ارقام من الكارت، بعدها بيتم تحويل الكريديت بالمدة المراد اختيارها

في حالة الاستفسار بعد تحويل الكريديت:
- من الصفحة الرئيسية هنضغط على (خطة الدفع) من (كريديت على الكارت)
- ونختار مدة التقسيط الجديدة وبعدها نكتب اخر 4 ارقام من الكارت، بعدها بتكون مدة التقسيط الجديدة جاهزة للإستخدام

ملحوظة في حالة ان العميل قام بمعاملة شراء على مدة تقسيط معينة، ثم قام بتغيير مدة التقسيط اثناء وجود الكريديت على الكارت وقام بمعاملة اخرى سيتم فتح قرضين لكل معاملة بمدة تقسيط بمختلفة.
- Escalation: No
- CRM: CF → Inquiry → Inquiry about change installment duration"
1787,c9805d526ce354918a90de460644bfcb,0,halan,Halan,Inquiry,Non-Technical Issue,No,ok,Inquiry about changing mobile number,عميل بيستفسر عن طريقة تغيير رقم الموبايل المسجل به کارت حالا,yes,"Vertical: Halan | Type: Inquiry | Issue: Non-Technical Issue | Escalation: No

Question EN: Inquiry about changing mobile number
Question AR: عميل بيستفسر عن طريقة تغيير رقم الموبايل المسجل به کارت حالا

Script:
بيتم اخذ الرقم القومي ومعرفة العميل مكود في فرع ايه من CRM مع عدم توضيح اي بيانات تخص العميل علي الكارت الا في حالة مراجعة كل بيانات بورتال كارت ( ولو هنوضح للعميل أي معلومة تخصه لابد ان نراجع بيانات الكارت بالكامل )

لو العميل متكود موافقة فورية ( CRM / Credit Scoring ):
حضرتك بتتوجه لفرع موجود فيه مندوب حالا، وبتشرفنا بالاتصال من داخل الفرع لتقديم الطلب من خلالنا والفرع هيقدم لحضرتك استمارة تحديث بيانات جديدة (KYC) وهتستقبل كود تفعيل على الرقم الجديد. وحضرتك تقدر تتأكد بعدها من تغيير الرقم لما تدخل على أبلكيشن حالا بالرقم الجديد بعد تأكيد موظف الفرع على التغيير (ولابد من توجيه العميل الي فروع موافقة فورية فقط)

لو العميل متكود فروع من CRM (Branch):
حضرتك بتتوجه لفرع تساهيل والفرع هيقدم لحضرتك استمارة تحديث بيانات جديدة (KYC) وهتستقبل كود تفعيل على الرقم الجديد. وحضرتك تقدر تتأكد بعدها من تغيير الرقم لما تدخل على أبلكيشن حالا بالرقم الجديد بعد تأكيد موظف الفرع على التغيير (ولابد من توجيه العميل الي فرع تساهيل فقط)

ملحوظة: احنا بنقدم الطلب لعملاء الموافقة الفورية فقط ولازم يكونوا داخل الفرع انما عملاء مشروعي وتساهيل بيتم توجيههم للفرع الخاص بهم.
- Escalation: No
- CRM: Halan Card → Inquiry → Inquiry about changing mobile number"
1788,9da456b5467b5b798813ca1ee0b40722,0,halan,CF,Inquiry,Non-Technical Issue,No,ok,Inquiry about available tenors and interest rate for Halan card,عميل بيستفسر عن مدة التقسيط والفائدة على كارت حالا من خلال تطبيق حالا,yes,"Vertical: CF | Type: Inquiry | Issue: Non-Technical Issue | Escalation: No

Question EN: Inquiry about available tenors and interest rate for Halan card
Question AR: عميل بيستفسر عن مدة التقسيط والفائدة على كارت حالا من خلال تطبيق حالا

Script:
هنسأل على الرقم القومي لمعرفة اذا كان العميل موافقة فورية أم فروع وبناءا عليه سيتم تحديد قيمة الفائدة:

في حالة العميل Instant Approval ومش موجود في اي جروب على CRM :
- نسبة الفائدة 38.38% سنويا لو اشترينا بالكريديت فقط ( يعني اشترينا بالكريديت مباشرة على التطبيق أو التجار المتعاقدة مع حالا بالكريديت بشكل مباشر بدون استخدام الكارت )
- نسبة الفائدة لو اشترينا بالكريديت على الكارت Credit on Card:
| فترة التقسيط Tenor | الفائدة الشهرية الثابتة Monthly Flat |
| :--- | :--- |
| 6 | 3.14% شهريا |
| 9 | 2.85% شهرياً |
| 12 | 2.48% شهرياً |
| 18 | 2.51% شهريا |
| 24 | 2.50% شهرياً |
| 30 | 3.05% شهرياً |
| 36 | 3.27% شهريا |

في حالة العميل فروع على CRM :
- نسبة الفائدة 38.38% سنويا لو اشترينا بالكريديت فقط
- نسبة الفائدة لو اشترينا بالكريديت علي الكارت Credit on Card:
| فترة التقسيط Tenor | الفائدة الشهرية الثابتة Monthly Flat |
| :--- | :--- |
| 6 | 2.62% شهرياً |
| 9 | 2.54% شهرياً |
| 12 | 2.53% شهريا |
| 18 | 2.56% شهرياً |
| 24 | 2.62% شهريا |
| 30 | 2.69% شهرياً |
| 36 | 2.76% شهرياً |

في حالة عميل جديد ولسه مفعلش كريديت وبيسأل عن النسبة :-
نسبة الفائدة 38.38% سنويا

Card Installment Comparison Calculator - IB > Instant Approval
في حالة سؤال العميل عن قيمة القسط او الفايدة قبل الشراء واراد ان نحسبها له:
هنراجع الرقم القومي وهنشوف تكويد العميل على CRM سواء العميل فروع او Instant Approval غير متواجد بأي جروب، هنفتح هذا الشيت ونختار تكويد العميل سواء branch ام Credit Scoring ولابد عند توضيح قيمة القسط للعميل ان نقول له تقريبياً.

مدة التقسيط من 6 شهور الى 36 شهر وحضرتك بتدفع القسط من يوم 1 الى يوم 5 من كل شهر.
في حالة قرض الكاش 10K المدة هي 24 او 18 او 12 شهر ونسبة الفائدة 31.75% وحضرتك بتدفع القسط من يوم 1 الى يوم 5 من كل شهر وبنلتزم بسيايات الفرع ولا يوجد مصاريف شراء.
- في حالة الاستفسار عن التمويل المضمون / الآمن (Secured Loan) هيتم تحويلك لخدمة العملاء الخاصة بالتمويل المضمون لمساعدة حضرتك.
- ملحوظة: إذا كان العميل Credit Builder سيكون مدة التقسيط المتاحة هي 3 شهور فقط."
1789,04829cf152a054bb9216873d45a18b2b,0,halan,CF,Inquiry,Non-Technical Issue,No,ok,Inquiry about how to pay installments,عميل يستفسر عن كيفية دفع اقساط عملية قد قام بها من خلال كارت حالا على تطبيق حالا,yes,"Vertical: CF | Type: Inquiry | Issue: Non-Technical Issue | Escalation: No

Question EN: Inquiry about how to pay installments
Question AR: عميل يستفسر عن كيفية دفع اقساط عملية قد قام بها من خلال كارت حالا على تطبيق حالا

Script:
[IMAGE: App screen 'Choose Payment Method' with an alert box stating 'CF on Card toggle is activated. Please confirm switching off the toggle to complete transaction' with options 'toggle off' or 'Dismiss'.]

حضرتك تقدر تدفع الاقساط عن طريق:
- كارت (Debit/Credit card) (يجب دفع المبلغ المطلوب كما هو ولا يمكن دفع جزء منه أو أكثر من المبلغ المطلوب)
- فوري عن طريق كود 71822 متبوع برقم الموبايل او البطاقة مع العلم ان في هذه الطريقة القسط بيظهر يوم 1 في الشهر
- محفظة حالا
- محفظة الكترونية
- كارت حالا: يجب غلق أيقونة تفعيل الكريديت على الكارت
- Instapay بندخل علي Bill payment (دفع الفواتير ) - ثم financial services (خدمات تمويلية) - ثم هنختار حالا و هندخل رقم الموبابل المسجل على التطبيق اللي عليه الليمت) مع العلم انه هيكون في رسوم للخدمة بيتم تحديدها من خلال Instapay
- ماكينات بساطة - مكسب - أمان - Opay - Super Pay عن طريق رقم الموبايل أو البطاقة
وحضرتك بتدفع القسط من يوم 1 إلى يوم 5 من كل شهر

علماً بأن أي عملية شراء من يوم 1 في الشهر الي يوم 15 من نفس الشهر، يكون دفع القسط من يوم 1 إلى يوم 5 من الشهر التالي.
علي سبيل المثال تاريخ الشراء 1 مارس، بالتالي يكون دفع القسط من يوم 1 إلى يوم 5 أبريل.
وأي عملية شراء من يوم 16 في الشهر الي يوم 31 من نفس الشهر، يكون دفع القسط من يوم 1 إلى يوم 5 من الشهر بعد التالي
علي سبيل المثال: تاريخ الشراء 16 مارس، بالتالي يكون دفع القسط من يوم 1 إلى يوم 5 مايو."
1790,01d387c578755c5593c41e59d1f1802e,0,halan,CF,Inquiry,Non-Technical Issue,No,ok,Inquiry about installments,عميل بيستفسر عن الأقساط,yes,"Vertical: CF | Type: Inquiry | Issue: Non-Technical Issue | Escalation: No

Question EN: Inquiry about installments
Question AR: عميل بيستفسر عن الأقساط

Script:
عميل يريد معرفة الأقساط المتبقية أو قيمة القسط او معلومات عن أقساطه الفعلية.
هيتم مراجعة الاسم ثلاثي والرقم القومي ويكون متواصل من نفس الرقم ثم هيتم توضيح للعميل أي معلومة تخص اقساطه من CRM

وفي المره القادمة حضرتك تقدر تعرف الأقساط على الأبلكيشن من خلال الصفحة الرئيسية هنلاقي الأقساط وممكن نضغط على ""حالا كريديت"" هنلاقي ""الأقساط"" وداخلها جدول الأقساط الخاص بحضرتك.

- ملحوظة لابد من اخبارها للعميل في حالة العميل متكود فروع علي CRM - سيتم توضيح المواعيد مع مراعاة الالتزام بسياسات الفرع
- ملحوظة: لو العميل بيشتكي من عدم ظهور جدول الأقساط على الأبلكيشن، هنستأذنه يقفل اختيار تفعيل الكريديت على الكارت وجدول الأقساط هيظهر بعدها.
- ملحوظة: في حالة ان العميل قام بمعاملة شراء على مدة تقسيط معينة، ثم قام بتغيير مدة التقسيط اثناء وجود الكريديت على الكارت وقام بمعاملة اخرى سيتم فتح قرضين لكل معاملة بمدة تقسيط بمختلفة.

وفى حالة سؤال العميل عن كود العميل:
هيتم مراجعة الاسم بالكامل والرقم القومي ويكون العميل متواصل من نفس الرقم، سيتم توضيح Customer Key من خلال CRM
- Escalation: No
- CRM: CF → Inquiry → Inquiry about installments"
1791,43986c8314a9565f8d1bac7aba62ae93,0,halan,Halan,Inquiry,Non-Technical Issue,No,ok,Inquiry about previous transaction,عميل يستفسر عن عملية سابقة,yes,"Vertical: Halan | Type: Inquiry | Issue: Non-Technical Issue | Escalation: No

Question EN: Inquiry about previous transaction
Question AR: عميل يستفسر عن عملية سابقة

Script:
هيتم مراجعة الاسم ثلاثي والرقم القومي ويكون متواصل من نفس الرقم اما الاتي فيجب علي العميل الاجابة علي 2 من اصل 4 اسئلة ( اخر اربع ارقام من الكارت / العنوان في البطاقه الشخصية / اخر عملية ناجحة علي الكارت / رصيد الكارت الحالي )
هنوضح للعميل كل العمليات اللي بيسأل عليها.
- Escalation: No
- CRM: Halan Card → Inquiry → Inquiry about previous transaction"
1792,95eed5e7aecf5ce6a8134577eb99690e,0,halan,Halan,Inquiry,Non-Technical Issue,No,ok,Inquiry about available balance,عميل يستفسر عن الرصيد المتاح على الكارت,yes,"Vertical: Halan | Type: Inquiry | Issue: Non-Technical Issue | Escalation: No

Question EN: Inquiry about available balance
Question AR: عميل يستفسر عن الرصيد المتاح على الكارت

Script:
[IMAGE: App screen showing Halan Card layout with 'رصيد الكارت 0 جنيه' with plus/minus icons for Top-up/Withdrawal and transaction list.]

هيتم مراجعة الاسم ثلاثي والرقم القومي ويكون متواصل من نفس الرقم اما الاتي فيجب علي العميل الاجابة علي 2 من اصل 4 اسئلة ( اخر اربع ارقام من الكارت / العنوان في البطاقه الشخصية / اخر عملية ناجحة علي الكارت / رصيد الكارت الحالي )

هنوضح للعميل الرصيد المتاح.
وحضرتك تقدر تعرف الرصيد المتاح عن طريق الدخول على حساباتي ثم كارت حالا بعدها حضرتك هتكتب باسورد الأبلكيشن المكون من 6 ارقام، وهيظهر لحضرتك رصيدك المتاح على الكارت.
- Escalation: No
- CRM: Halan Card → Inquiry → Inquiry about available balance"
1794,b394aa8c83fa566ba35757e0e0367913,0,halan,CF,Inquiry,Non-Technical Issue,No,ok,Inquiry about personal loan,عميل بيستفسر عن قرض شخصي,yes,"Vertical: CF | Type: Inquiry | Issue: Non-Technical Issue | Escalation: No

Question EN: Inquiry about personal loan
Question AR: عميل بيستفسر عن قرض شخصي

Script:
انا بعتذر لحضرتك غير متاح قرض شخصي، لكن ممكن حضرتك تقدم على حد ائتماني ودا بيتيح لحضرتك إنك تشتري كل اللي نفسك فيه، وانا من خلالي ممكن احول حضرتك لأحد زملائي في خدمة عملاء حالا علشان يقدر يساعد حضرتك بشكل أفضل.
- Escalation: No
- CRM: CF → Inquiry → Inquiry about personal loan"
1797,0b0c97e6292e5784a8388e3f77b6b546,0,halan,Halan,Inquiry,Non-Technical Issue,No,ok,Inquiry about rejection reason,عميل بيستفسر عن سبب الرفض بالنسبة للكارت,yes,"Vertical: Halan | Type: Inquiry | Issue: Non-Technical Issue | Escalation: No

Question EN: Inquiry about rejection reason
Question AR: عميل بيستفسر عن سبب الرفض بالنسبة للكارت

Script:
في حالة ان العميل بيستفسر عن سبب رفض المندوب لعمل الكارت بعد الاستعلام: انا بعتذر جدا لحضرتك، ولكن الرفض بييجي من جانب البنك.

ملحوظة : يمكن لا رفض رفض الحصول على الكارت داخل التطبيق حيث ان الرفض المكتوب داخل الفرع يظهر على البورتال على التطبيق وليس على التطبيق. وفي حالة ظهور رفض الطلب فسيكون هذا الرفض للكريديت وليس الكارت. وفي حالة رفض الكريديت سيتم تحويله لإنبوند حالا.
- Escalation: No
- CRM: Halan Card → Inquiry → Inquiry about rejection reason"
1798,18ce36f9e0ec558bbf0812f73f2db9df,0,halan,Halan,Inquiry,Non-Technical Issue,No,ok,Inquiry about OTP availability,عميل بيستفسر عن OTP وقت عملية السحب,yes,"Vertical: Halan | Type: Inquiry | Issue: Non-Technical Issue | Escalation: No

Question EN: Inquiry about OTP availability
Question AR: عميل بيستفسر عن OTP وقت عملية السحب

Script:
لا يوجد OTP وقت عملية السحب من خلال ATM
- Escalation: No
- CRM: Halan Card → Inquiry → Inquiry about OTP availability"
1799,4d90256e30bf502189ecc2d8d5c41967,0,halan,Halan,Inquiry,Non-Technical Issue,No,ok,Inquiry about Account statement,عميل بيستفسر عن كشف حساب,yes,"Vertical: Halan | Type: Inquiry | Issue: Non-Technical Issue | Escalation: No

Question EN: Inquiry about Account statement
Question AR: عميل بيستفسر عن كشف حساب

Script:
بعتذر لحضرتك للأسف لا يوجد كشف حساب، ولكن حضرتك تقدر تدخل على أبلكيشن حالا تعرف العمليات كلها.
- Escalation: No
- CRM: Halan Card → Inquiry → Inquiry about Account statement"
1800,b763c1cb3e2a59729d94adc245f6e591,0,halan,Halan,Inquiry,Non-Technical Issue,No,ok,Inquiry about Halan Card Re-sign SMS,عميل يستفسر عن رسالة تحديث بيانات KYC,yes,"Vertical: Halan | Type: Inquiry | Issue: Non-Technical Issue | Escalation: No

Question EN: Inquiry about Halan Card Re-sign SMS
Question AR: عميل يستفسر عن رسالة تحديث بيانات KYC

Script:
هستاذن حضرتك نتوجه أقرب نقطة تفعيل - Circle K - مولات الإمضاء KYC جديدة لتحديث البيانات مع وجود مستند تحقيق الشخصية ويكون ساري.
وسيتم توضيح أقرب Circle K او مول لحضرتك دلوقتي ومواعيده.

ملحوظة: العميل مش هياخد كارت جديد... هيبقى نفس الكارت اللي معاه لكن هيعمل KYC جديدة.
- Escalation: No
- CRM: Halan Card → Inquiry → Inquiry about Halan Card Re-sign SMS"
1801,9035cf0181a0596aa5a74f69f08d6bc7,0,halan,Salary lending,Inquiry,Non-Technical Issue,No,ok,Inquiry about Salary Lending Service on Halan card,عميل بيستفسر عن نزول خدمة الراتب المبكر على الكارت,yes,"Vertical: Salary lending | Type: Inquiry | Issue: Non-Technical Issue | Escalation: No

Question EN: Inquiry about Salary Lending Service on Halan card
Question AR: عميل بيستفسر عن نزول خدمة الراتب المبكر على الكارت

Script:
دلوقتي حضرتك بتقدر تختار المكان اللي بينزل فيه خدمة الراتب المبكر من خلال الاستمارة اللي حضرتك بتعملها في شركتك حضرتك بتختار ان الخدمة تتفعل والمبلغ ينزل على كارت حالا.
في حالة وجود مشكلة في خدمة الراتب المبكر او يريد التقديم عليه او الغاؤه، سنقوم بتحويل العميل الى خدمة عملاء حالا.
- Escalation: No
- CRM: Salary lending → Inquiry → Inquiry about Salary Lending Service on Halan card"
1802,f609011ad009590cb62dcdf72d9671c4,0,halan,CF,Inquiry,Non-Technical Issue,No,ok,Inquiry about early settlement service (45 Days),عميل بيستفسر عن خدمة السداد المبكر قبل دفع الأقساط,yes,"Vertical: CF | Type: Inquiry | Issue: Non-Technical Issue | Escalation: No

Question EN: Inquiry about early settlement service (45 Days)
Question AR: عميل بيستفسر عن خدمة السداد المبكر قبل دفع الأقساط

Script:
[IMAGE: Visual representation of early settlement steps flow across 4 screens titled Select loans, Choose payment method, Review payment details, Success/Failure page with final screen displaying a green tick icon stating 'تمت عملية الدفع بنجاح'.]

غير متاح سداد مبكر 45 يوم لقرض ""كاش إت"" ولكن متاح السداد المبكر العادي من التطبيق
لابد من أخذ الرقم القومي لمعرفة إذا كان العميل ""موافقة فورية"" أم ""فروع""

السيناريو الأول: لو فروع او مركز ریئسی ( Credit Scoring Watch List او Digital ):
بعتذر لحضرتك خدمة السداد المبكر (45 يوم) غير متاحة، ولكن حضرتك تقدر تدخل على التطبيق وبيوضح لحضرتك القيمة الواجب دفعها. وفي حالة العروض والخصومات بيتم سداد المديونية كامله بالفوائد.
يمكن الدفع عن طريق (محفظة حالا) - كارت حالا - محفظة الكترونية - كريديت كارد.
وفي حالة ان العميل يريد معرفة تفاصيل أكثر يقدر يرجع للفرع اللي مضى فيه الأوراق علشان يساعدوه.

السيناريو الثاني: عميل موافقة فورية يريد سداد مبكر العادي او غير متوافق لشروط 45 يوم:
بعتذر لحضرتك خدمة السداد المبكر (45 يوم) غير متاحة، ولكن حضرتك تقدر تدخل على التطبيق وبيوضح لحضرتك القيمة الواجب دفعها. وفي حالة العروض والخصومات بيتم سداد المديونية كامله بالفوائد.
يمكن الدفع عن طريق (محفظة حالا) - كارت حالا - محفظة الكترونية - كريديت كارد"
1803,47d93673589a5a49b353efa6847faa22,0,halan,CF,Inquiry,Non-Technical Issue,No,ok,Inquiry about steps to make early settlement (45 Days),عميل بيستفسر عن خطوات عمل السداد المبكر على التطبيق,yes,"Vertical: CF | Type: Inquiry | Issue: Non-Technical Issue | Escalation: No

Question EN: Inquiry about steps to make early settlement (45 Days)
Question AR: عميل بيستفسر عن خطوات عمل السداد المبكر على التطبيق

Script:
[IMAGE: App interface showcasing Halan Credit screen with available balance, dues display, and a dynamic 'Pay your Dues / Settle early with 0% fees' box button marked yellow.]

غير متاح سداد مبكر 45 يوم لقرض ""كاش إت"" ولكن متاح السداد المبكر العادي من التطبيق
لابد من أخذ الرقم القومي لمعرفة إذا كان العميل ""موافقة فورية"" أم ""فروع""

في حالة ان العميل موافقة فورية:
- لابد من ايداع مبلغ العمليات القروض المراد سدادها بالكامل على كارت حالا عن طريق انستاباي او ATM بنك العربي الافريقي او فوري.
- هنفتح تطبيق حالا وفي الصفحة الرئيسية ندخل على ""حالا كريديت"".
- هنضغط على سدد معاملاتك بدون فوايد قبل أول قسط ولابد من وجود رصيد كافي لسداد قيمة القرض ويكون قبل استحقاق او دفع أول قسط.
- هنختار المعاملات (القروض) المراد عمل سداد مبكر لها ونضغط على ""دفع"" ثم تأكيد.
- هندخل الرقم السري الخاص بالكارت على التطبيق (6 أرقام).

طريقة أخرى:
- أو ندخل على ""الأقساط"" ثم ""تسوية مبكرة""
- هنختار المعاملات (القروض) المراد عمل سداد مبكر لها ونضغط على ""دفع"" ثم تأكيد.
- هندخل الرقم السري الخاص بالكارت على التطبيق (6 أرقام).

ملحوظة: لابد من اغلاق أيقونة تفعيل الكريديت على الكارت او قسط بكارتك حالا (Credit on Card Toggle Should be Off).
- Escalation: No
- CRM: CF → Inquiry → Inquiry about steps to make early settlement"
1804,6061bd455b475f27b8746cdec0dac594,0,halan,Commerce,Inquiry,Non-Technical Issue,No,ok,Inquiry about Bill Payment,عميل بيستفسر عن شحن أو دفع الفواتير على تطبيق حالا,yes,"Vertical: Commerce | Type: Inquiry | Issue: Non-Technical Issue | Escalation: No

Question EN: Inquiry about Bill Payment
Question AR: عميل بيستفسر عن شحن أو دفع الفواتير على تطبيق حالا

Script:
دلوقتي من خلال تطبيق حالا حضرتك تقدر تشحن رصيد لكل الشبكات وتدفع فواتير وأقساط زي:
- دفع اقساط زي Valu و بريميم كارد و بي تيك
- تدفع فواتير الكهرباء - المياه - غاز
- دفع مصاريف بعض المدارس والجامعات
- حجز سفر زي جوباص ومصر للطيران و سويفل
- خدمات طبية (فيزيتا)
- ممكن كمان تتبرع لجمعيات خيرية كتير

غير متاح دفع اقساط عن طريق Credit On Card

طرق شحن الرصيد أو دفع الفواتير او الأقساط من خانة ""ادفع فواتيرك"": فودافون متاحة فقط من خلال (محفظة إلكترونية - كارت حالا)
- Apple Pay
- Credit Card
- محفظة الكترونية
- محفظة حالا
- کارت حالا
- كريديت حالا الخاص بحضرتك وأقل فاتورة تكون بقيمة 500 جنيه وعلى فترات تقسيط شهر - شهرين - 6 شهور فقط

ملحوظة: لا يمكن شحن رصيد لشركات الاتصالات من خلال الكريديت.

تفاصيل دفع الفاتورة على CRM (Bill Payment Details):
- Date & Time: وقت المعاملة
- Bill Transaction ID: رقم المعاملة
- User ID: رقم العميل المميز
- Beneficiary Number: رقم عميلة الشحن أو الرقم اللي العميل دفعله / شحنله الفاتورة او الرصيد (المستفيد)
- Service Name / Bill Gateway: الخدمة اللي تم دفع الفاتورة او شحن الرصيد لها (مثال: BEE, Etisalat)
- User Phone Number: رقم العميل اللي دفع منه الفاتورة

معنى طرق الدفع على CRM:
| طريقة الدفع Payment Method | معنى طريقة الدفع |
| :--- | :--- |
| HALAN CARD | کارت حالا |
| HALAN_CONSUMER_FINANCE_PRICING | حالا كريديت (بالتقسيط) |
| R2P | محفظة الكترونية |
| CLOSED LOOP WALLET | محفظة حالا (محفظة التطبيق) |
| APPLE PAY | APPLE PAY |
| PAYFORT_CREDIT_CARD | کریدیت کارد |
| PAYFORT_WITH_TOKENIZATION_V1 | کریدیت کارد |"
1805,3d8ad5f0f89b5d07821f04e23fbc134f,0,halan,Halan,Complain,Non-Technical Issue,No,ok,Complaint about not activating Halan Card after receiving,عميل يشتكي من عدم تفعيل الكارت بعد استلامه,yes,"Vertical: Halan | Type: Complain | Issue: Non-Technical Issue | Escalation: No

Question EN: Complaint about not activating Halan Card after receiving
Question AR: عميل يشتكي من عدم تفعيل الكارت بعد استلامه

Script:
حضرتك بتستلم كارت حالا و بتدخل على تطبيق حالا تختار كارت حالا وبنقوم بإنشاء كلمة سر 6 أرقام مختلفين وغير متشابهين او متتاليين خاصين بالكارت على التطبيق وبعدها بنقوم بإنشاء كلمة سر 4 أرقام خاصين بالكارت على ATM او POS ويكونوا ايضا مختلفين وغير متشابهين او متتاليين.
- لابد من التأكد بعمل كارت حالا بنفس رقم موبايل حالا كريديت الخاص بحضرتك.
- لابد من الدخول على التطبيق بنفس رقم موبايل حالا كريديت والكارت.

لكن في حالة العميل بيواجه مشكلة في تفعيل الكارت او مش بيفتح معاه على التطبيق:
هيتم مراجعة الاسم ثلاثي والرقم القومي ويكون متواصل من نفس الرقم اما الاتي فيجب علي العميل الاجابة علي 2 من اصل 4 اسئلة ( اخر اربع ارقام من الكارت / العنوان في البطاقه الشخصية / اخر عملية ناجحة علي الكارت / رصيد الكارت الحالي )

ثانيا هنشوف حالة الكارت على البورتال ونحدد خطوة الحل:
- في حالة ظهور (كارت) غير مفعل والعميل يتبع مشروعي او تساهيل: انا بعتذر لحضرتك وهستأذن حضرتك نتوجه للفرع علشان يقدر يفعل الكارت لحضرتك. (Escalation: No)
- في حالة ظهور (كارت) غير مفعل والعميل Credit Scoring: انا بعتذر لحضرتك وانا من خلالي هقدم شكوى و هيتم تفعيل الكارت خلال 24 ساعة عمل. (Escalation: Yes) مع كتابة تفاصيل الشكوي والاسم بالكامل والرقم القومي في التيكت.
- في حالة ظهور Unknown Card: انا بعتذر لحضرتك وانا من خلالي حليت المشكلة لحضرتك. (هنضغط على ""تحديث"" حالة الكارت). (Escalation: No) وفي حالة ان المشكلة مازالت موجودة بعد تحديث الحالة سنقوم بتقديم شكوى وسيتم حلها في أقرب وقت. (Escalation: Yes) مع كتابة تفاصيل الشكوي والاسم بالكامل والرقم القومي في التيكت.
- في حالة ظهور تأكيد رقم العميل - برجاء طباعة الملف ورفعه: انا بعتذر لحضرتك وهستأذنك نتوجه لفرع اصدار الكارت علشان يفعل الكارت لحضرتك. (Escalation: No)
- اما ان كان كارت العميل للراتب المبكر (Halan Advance) ويشتكي من عدم تفعيل الكارت سيتم تحويله لخدمة عملاء حالا للمساعدة."
1806,5d14428f5c86546eb38b4ea88c4463dd,0,halan,Halan,Complain,Non-Technical Issue,No,ok,Complaint about customer forget Halan Card - ATM Password,عميل يشتكي من نسيان كلمة سر ال ATM او POS او يريد تغييرها,yes,"Vertical: Halan | Type: Complain | Issue: Non-Technical Issue | Escalation: No

Question EN: Complaint about customer forget Halan Card - ATM Password
Question AR: عميل يشتكي من نسيان كلمة سر ال ATM او POS او يريد تغييرها

Script:
[IMAGE: App screenshots titled Set Pin on App Experience for creating a new PIN showing layout fields for 4 digits security code with final screen showing green checkmark confirmation.]

في حالة ان العميل نسي او اراد تغيير او كتب باسورد ال ATM او POS خطأ عدة مرات:
- حضرتك بتفتح تطبيق حالا وتدخل على كارت حالا
- بتضغط على ايقونة الاعدادات وبتكون موجودة فوق على اليسار.
- بتضغط على اختيار تغيير الرقم السري .""PIN Code""
حضرتك ب تنشئ رمز الأمان وبيكون مكون من 4 ارقام وبتعيد ادخاله مرة اخرى، ويكون مختلف عن الباسوورد السابق.
بعدها هنعمل تسجيل خروج ودخول مرة اخرى.
(Escalation: No)

في حالة ان العميل دخل على الاعدادات وأنشأ الباسورد الجديد وقام بتسجيل خروج ودخول ومازالت المشكلة موجودة:
هيتم مراجعة الاسم ثلاثي والرقم القومي ويكون متواصل من نفس الرقم اما الاتي فيجب علي العميل الاجابة علي 2 من اصل 4 اسئلة ( اخر اربع ارقام من الكارت / العنوان في البطاقه الشخصية / اخر عملية ناجحة علي الكارت / رصيد الكارت الحالي )
- فتح شيت Negative balance - Google Sheets وإذا كان موجود، سنوضح له القيمة الواجب ايداعها حتى يتم حل المشكلة
- رؤية اذا كان الرصيد ظاهر ام غير ظاهر

في حالة الرصيد غير ظاهر والعميل عمل تسجيل خروج ودخول وغير متواجد في شيت Negative balance والمشكلة مازالت متواجدة:
أنا بعتذر لحضرتك وانا من خلالي هقدم شكوى وسيتم حل المشكلة خلال 48 ساعة عمل. (Escalation: Yes) مع كتابة تفاصيل الشكوي والاسم بالكامل والرقم القومي في التيكت.
- Escalation: No
- CRM: Halan Card → Complain → Complaint about customer forget Halan Card - ATM Password"
1807,850f441f55ab5dfdb4e6246acdeb587a,0,halan,Halan,Complain,Non-Technical Issue,No,ok,Complaint about customer forget Halan Card - App Password,عميل نسي الباسورد الخاصة بالكارت على تطبيق حالا,yes,"Vertical: Halan | Type: Complain | Issue: Non-Technical Issue | Escalation: No

Question EN: Complaint about customer forget Halan Card - App Password
Question AR: عميل نسي الباسورد الخاصة بالكارت على تطبيق حالا

Script:
[IMAGE: App interface titled Forget pin showing the OTP FLOW where customer types 5 digits confirmation text message to set custom app security passcode.]

تقدر حضرتك تفتح التطبيق وتضغط على Forgot my password
بيتبعت لحضرتك OTP في SMS وبعد ما تدخل ال OTP بتقدر تعيد تعيين كلمة السر و بتختار 6 ارقام.
شروط الباسورد میکنش ارقام متسلسله متكنش مختار نفس الأرقام دي من قبل.
بعدها نعمل تسجيل خروج ودخول مرة أخرى على التطبيق.

لابد من التأكد من عدم وجود العميل في Negative balance - Google Sheets وإذا كان موجود، سنوضح له القيمة الواجب ايداعها حتى يتم حل المشكلة.
- Escalation: No
- CRM: Halan Card → Complain → Complaint about customer forget Halan Card - App Password"
1808,cc699434635850e49cd2704153e907e1,0,halan,Halan,Complain,Non-Technical Issue,No,ok,Complaint about Lost Halan card,عميل يشتكي من ضياع الكارت تلف الكارت,yes,"Vertical: Halan | Type: Complain | Issue: Non-Technical Issue | Escalation: No

Question EN: Complaint about Lost Halan card
Question AR: عميل يشتكي من ضياع الكارت تلف الكارت

Script:
في حالة ضياع أو تلف الكارت:
- اولا هيتم مراجعة الاسم ثلاثي والرقم القومي ويكون متواصل من نفس الرقم اما الاتي فيجب علي العميل الاجابة علي 2 من اصل 4 اسئلة ( اخر اربع ارقام من الكارت / العنوان في البطاقه الشخصية / اخر عملية ناجحة علي الكارت / رصيد الكارت الحالي )
- ثانيا سنقوم بإرجاع الكريديت مرة اخرى على التطبيق بالضغط على ""إعادة الليميت""
- ثالثاً سنقوم بوقف الكارت بعد موافقة العميل من خانة ""غلق"".

السيناريو الأول: في حالة العميل متكود موافقة فورية أو راتب مبكر من خلال CRM:
بيتم توجيه العميل لاحد فروع Circle K فقط المتواجد فيها مندوب حالا وإذا لم يتوفر سيكون أقرب مول ثم باقي الموافقة الفورية في الضرورة القصوى) وبتكون التكلفة 100 جنيه. وفي حالة وجود مبلغ على الكارت القديم، بعد تقديم طلب كارت جديد وتفعيله يتم تحويل المبالغ من الكارت القديم للجديد.

السيناريو الثاني: في حالة العميل متكود تساهيل او مشروعي من خلال CRM:
بيتم توجيه العميل لاحد فروع تساهيل او مشروعي وبتكون التكلفة 100 جنيه. وفي حالة وجود مبلغ على الكارت القديم، بعد تقديم طلب كارت جديد وتفعيله يتم تحويل المبالغ من الكارت القديم للجديد.
- Escalation: No
- CRM: Halan Card → Complain → Complaint about Lost Halan card"
1809,6cf09fb0538f56cb8378c359360a7ccf,0,halan,Halan,Complain,Non-Technical Issue,No,ok,Complaint about ATM didn't return back the card,عميل يشكوا من اخذ مكنة ال ATM لكارت حالا,yes,"Vertical: Halan | Type: Complain | Issue: Non-Technical Issue | Escalation: No

Question EN: Complaint about ATM didn't return back the card
Question AR: عميل يشكوا من اخذ مكنة ال ATM لكارت حالا

Script:
- اولا هيتم مراجعة الاسم ثلاثي والرقم القومي ويكون متواصل من نفس الرقم اما الاتي فيجب على العميل الاجابة علي 2 من اصل 4 اسئلة ( اخر اربع ارقام من الكارت / العنوان في البطاقه الشخصية / اخر عملية ناجحة علي الكارت / رصيد الكارت الحالي )
- ثانيا سنقوم بإرجاع الكريديت مرة اخرى على التطبيق بالضغط على ""إعادة الليميت""
- ثالثاً سنقوم بوقف الكارت بعد موافقة العميل من خانة ""غلق"".

السيناريو الأول: في حالة العميل متكود موافقة فورية أو راتب مبكر من خلال CRM:
بيتم توجيه العميل لأحد فروع Circle K فقط المتواجد فيها مندوب حالا وإذا لم يتوفر سيكون أقرب مول ثم باقي الموافقة الفورية في الضرورة القصوى) وبتكون التكلفة 100 جنيه. وفي حالة وجود مبلغ على الكارت القديم، بعد تقديم طلب كارت جديد وتفعيله يتم تحويل المبالغ من الكارت القديم للجديد.

السيناريو الثاني: في حالة العميل متكود تساهيل او مشروعي من خلال CRM:
بيتم توجيه العميل لاحد فروع تساهيل او مشروعي وبتكون التكلفة 100 جنيه. وفي حالة وجود مبلغ على الكارت القديم، بعد تقديم طلب كارت جديد وتفعيله يتم تحويل المبالغ من الكارت القديم للجديد.
- Escalation: No
- CRM: Halan Card → Complain → Complaint about ATM didn't return back the card"
1810,d04fa119888452f781d7de4ae0edf764,0,halan,Halan,Complain,Non-Technical Issue,No,ok,Complaint about Card Deactivated Without Customer Request,عميل يشتكي من حظر الكارت بدون طلبه او اذنه,yes,"Vertical: Halan | Type: Complain | Issue: Non-Technical Issue | Escalation: No

Question EN: Complaint about Card Deactivated Without Customer Request
Question AR: عميل يشتكي من حظر الكارت بدون طلبه او اذنه

Script:
يشتكي العميل من عدم قدرته لإستخدام الكارت وظهر على البورتال ان الكارت محظور.
اولا هيتم مراجعة الاسم ثلاثي والرقم القومي ويكون متواصل من نفس الرقم اما الاتي فيجب علي العميل الاجابة علي 2 من اصل 4 اسئلة ( اخر اربع ارقام من الكارت / العنوان في البطاقه الشخصية / اخر عملية ناجحة علي الكارت / رصيد الكارت الحالي )

لو ظهر على البورتال ان الكارت محظور:
- انا بعتذر لحضرتك وانا من خلالي حليت المشكلة لحضرتك. (هنضغط على ""تحديث"" حالة الكارت). (Escalation: No)
- وفي حالة ان المشكلة مازالت موجودة بعد تحديث الحالة سنقوم بتقديم شكوى وسيتم الرد عليها خلال 24 ساعة عمل. (Escalation: Yes) مع كتابة تفاصيل الشكوي والاسم بالكامل والرقم القومي في التيكت.
- Escalation: No
- CRM: Halan Card → Complain → Complaint about Card Deactivated Without Customer Request"
1813,b875ff8c67be5bdf8398137f89d475f2,0,halan,Halan,Complain,Non-Technical Issue,No,ok,Complaint different data,عميل لديه مشكلة في الكارت بسبب اختلاف البيانات,yes,"Vertical: Halan | Type: Complain | Issue: Non-Technical Issue | Escalation: No

Question EN: Complaint different data
Question AR: عميل لديه مشكلة في الكارت بسبب اختلاف البيانات

Script:
عميل يشتكي من عدم القدرة على تحويل حالا كريديت او أي مشكلة اخرى بسبب وجود اختلاف في البيانات بين البورتال والبطاقة وال KYC:
اولا هيتم مراجعة الاسم ثلاثي والرقم القومي ويكون متواصل من نفس الرقم اما الاتي فيجب علي العميل الاجابة علي 2 من اصل 4 اسئلة ( اخر اربع ارقام من الكارت / العنوان في البطاقه الشخصية / اخر عملية ناجحة على الكارت / رصيد الكارت الحالي )

- في حالة ظهور حدث خطأ على البورتال والعميل يؤكد أن معه كارت، ولكن غير ظاهر على البورتال ان العميل عنده کارت: هستأذن حضرتك لو فيه مبلغ موجود على الكارت حضرتك تسحبه وتتوجه للفرع لعمل كارت جديد مع توضيح أنه يوجد اختلاف في الرقم القومي للموظف..... بدون مصاريف بدل فاقد.
- في حالة وجدنا اختلاف في أرقام الكارت: هستأذن حضرتك نتوجه للفرع لعمل كارت جديد مع توضيح أنه يوجد اختلاف في أرقام الكارت للموظف ..... بدون مصاريف بدل فاقد . وسنقوم بغلق الكارت بعد موافقة العميل. (حتى يتمكن من عمل بدل الفاقد)
- في حالة اختلاف رقم الموبايل لكن العميل متأكد من صحته: هستأذن حضرتك نتوجه للفرع لتعديل رقم الموبايل الخاص بحضرتك. وفي حالة تواصل العميل بنا لطلب تغيير الرقم ستكون (Request to change mobile number) (Escalation: No) مع كتابة التفاصيل في التيكيت.
- Escalation: No
- CRM: Halan Card → Complain → Complaint different data"
1814,793c618b4af25fd3a4b87b79344dddde,0,halan,CF,Complain,Non-Technical Issue,No,ok,Paid installments not reflected,شكوى عميل من عدم سداد القسط بالرغم من اتمام عملية الدفع ولم تظهر على التطبيق مع العميل,yes,"Vertical: CF | Type: Complain | Issue: Non-Technical Issue | Escalation: No

Question EN: Paid installments not reflected
Question AR: شكوى عميل من عدم سداد القسط بالرغم من اتمام عملية الدفع ولم تظهر على التطبيق مع العميل

Script:
هنسأل العميل دفعه في نفس اليوم ولا دفعه امتى:
- لو العميل دفعه في نفس اليوم بيسمع على مدار اليوم.
- لو العميل دفعه مسبقا:
اولا نراجع البيانات مع العميل بنفس الاسم بالكامل - نفس رقم الموبايل - الرقم القومي. هنتأكد من CRM القسط سمع ولا لا وفي حالة عدم تسميعه سيتم تحويله لحالا انبوند. (Escalation: No)
- Escalation: No
- CRM: CF → Complain → Paid installments not reflected"
1815,b30cd80146435e1ba6f9735ceadf38d8,0,halan,CF,Complain,Technical Issue,No,ok,Complaint about unable to make early settlement request on app (45 Days),عميل يشتكي من عدم القدرة على تنفيذ طلب السداد المبكر على التطبيق,yes,"Vertical: CF | Type: Complain | Issue: Technical Issue | Escalation: No

Question EN: Complaint about unable to make early settlement request on app (45 Days)
Question AR: عميل يشتكي من عدم القدرة على تنفيذ طلب السداد المبكر على التطبيق

Script:
هيتم مراجعة الاسم ثلاثي والرقم القومي ويكون متواصل من نفس الرقم اما الاتي فيجب علي العميل الاجابة علي 2 من اصل 4 اسئلة ( اخر اربع ارقام من الكارت / العنوان في البطاقه الشخصية / اخر عملية ناجحة على الكارت / رصيد الكارت الحالي )
- سيتم التأكد من ان العميل متوافق للشروط
- سيتم التأكد من شكوى العميل: عميل موافقة فورية - مبلغ القرض بالكامل على الكارت - قبل سداد اول قسط - قبل ميعاد استحقاق اول قسط بيكون ظاهر داخل أيقونة ""سدد بدون فوايد قبل أول قسط"" وظاهر عندنا على (CRM) - غلق ايقونة تفعيل الكريديت على الكارت"" - عدم تعديل مدة القرض

في حالة أن العميل غير مستوفي الشروط قبل أول قسط:
سيتم التوضيح للعميل السبب. بعتذر لحضرتك خدمة السداد المبكر (45 يوم) غير متاحة، ولكن حضرتك تقدر تعمل سداد مبكر على التطبيق وبيوضح القيمة الواجب دفعها مع مراعاة الالتزام بسيايات الفرع. وفي حالة العروض والخصومات بيتم سداد المديونية كامله بالفوائد. (Escalation: No)

في حالة أن العميل مستوفي الشروط قبل أول قسط:
انا بعتذر لحضرتك وانا من خلالي هعمل اعادة تعيين لكلمة سر التطبيق. هستأذن حضرتك نعمل تسجيل خروج ودخول من التطبيق ثم الدخول على كارت حالا بعدها هنقوم بتعيين كلمة سر (6 أرقام) ثم كلمة سر (4 أرقام) ويكونوا مختلفين وغير متتاليين وغير متشابهين مع كلمات السر السابقة. بعدها حضرتك هتقدر تعمل سداد مبكر للقرض. (Escalation: No)

في حالة أن العميل مستوفي الشروط ومازال يواجه المشكلة:
سيتم التأكد من تعيين كلمات السر بنجاح مع العميل. أنا بعتذر لحضرتك وانا من خلالي هقدم شكوى للإدارة وسيتم حلها خلال 48 ساعة عمل. (Escalation: Yes)

في حالة أن العميل كان مستوفي الشروط وواجه مشكلة أثناء الاجراء (أول قسط أصبح مستحق):
أنا بعتذر لحضرتك وانا من خلالي هقدم شكوى للإدارة وسيتم حلها خلال 48 ساعة عمل. (Escalation: Yes)

في حالة أن العميل كان غير مستوفي الشروط (أول قسط أصبح مستحق): (عميل موافقة فورية)
سيتم التوضيح للعميل السبب مع الاعتذار للعميل. بعتذر لحضرتك خدمة السداد المبكر (45 يوم) غير متاحة، ولكن حضرتك تقدر تعمل سداد مبكر على التطبيق وبيوضح القيمة الواجب دفعها. وفي حالة العروض والخصومات بيتم سداد المديونية كامله بالفوائد. (Escalation: No)"
1816,c48e9950065b5c9f8a732bdb1ad5e96d,0,halan,CF,Complain,Technical Issue,Yes,ok,Complaint about unable to make early settlement request on app (Due to change first installment date),عميل يشتكي من عدم القدرة على تنفيذ طلب السداد المبكر على التطبيق بسبب تعديل مدة القرض مشكلة يوم 16 من كل شهر,yes,"Vertical: CF | Type: Complain | Issue: Technical Issue | Escalation: Yes

Question EN: Complaint about unable to make early settlement request on app (Due to change first installment date)
Question AR: عميل يشتكي من عدم القدرة على تنفيذ طلب السداد المبكر على التطبيق بسبب تعديل مدة القرض مشكلة يوم 16 من كل شهر

Script:
هيتم مراجعة الاسم ثلاثي والرقم القومي ويكون متواصل من نفس الرقم اما الاتي فيجب علي العميل الاجابة علي 2 من اصل 4 اسئلة ( اخر اربع ارقام من الكارت / العنوان في البطاقه الشخصية / اخر عملية ناجحة على الكارت / رصيد الكارت الحالي )
- سيتم التأكد من ان العميل متوافق للشروط ( عميل موافقة فورية - مبلغ القرض بالكامل على الكارت - قبل سداد اول قسط - قبل ميعاد استحقاق اول قسط ظاهر عندنا على (CRM) - غلق ايقونة تفعيل الكريديت على الكارت - تاريخ انشاء القرض يوم 16 - تم تعديل ميعاد اول قسط في القرض )

في حالة أن العميل مستوفي الشروط:
أنا بعتذر لحضرتك وانا من خلالي هقدم شكوى للإدارة وسيتم حلها خلال 48 ساعة عمل. (Escalation: Yes) مع كتابة تفاصيل الشكوي والاسم بالكامل والرقم القومي في التيكت.
- Escalation: Yes
- CRM: CF → Complain → Complaint about unable to make early settlement request on app (Due to change first installment date)"
1817,d0ac019a7e825c1db9d631007d74cb17,0,halan,CF,Complain,Technical Issue,No,ok,Complaint about technical issue on early settlement icon on app (45 Days),عميل يشتكي من عدم ظهور ايقونة السداد المبكر على التطبيق او القرض غير ظاهر على التطبيق,yes,"Vertical: CF | Type: Complain | Issue: Technical Issue | Escalation: No

Question EN: Complaint about technical issue on early settlement icon on app (45 Days)
Question AR: عميل يشتكي من عدم ظهور ايقونة السداد المبكر على التطبيق او القرض غير ظاهر على التطبيق

Script:
هيتم مراجعة الاسم ثلاثي والرقم القومي ويكون متواصل من نفس الرقم اما الاتي فيجب علي العميل الاجابة علي 2 من اصل 4 اسئلة ( اخر اربع ارقام من الكارت / العنوان في البطاقه الشخصية / اخر عملية ناجحة علي الكارت / رصيد الكارت الحالي )
ومعرفة إذا كان العميل ""موافقة فورية"" أم ""فروع"" من خلال CRM

السيناريو الأول: في حالة ان العميل موافقة فورية:
هتأكد ان في فعلا قرض على CRM بالمبلغ اللي بيوضحه.
هستأذن حضرتك نتأكد من تحديث التطبيق وأن التطبيق لا يحتاج للتحديث من خلال App Store او Play Store.
نعمل تسجيل خروج ثم تسجيل دخول مرة أخرى على التطبيق.
هنفتح تطبيق حالا وندخل على ""رصيد المشتريات"".
هنضغط على ""سدد معاملاتك بدون فوايد قبل أول قسط""
طريقة أخرى: أو ندخل على ""الأقساط"" ثم ""تسوية مبكرة""
هنختار المعاملات (القروض) المراد عمل سداد مبكر لها ونضغط على ""دفع"" ثم تأكيد.
هندخل الرقم السري الخاص بالكارت على التطبيق (6 أرقام).
في حالة التأكد من عدم وجود الأيقونة او القرض على التطبيق :-
و أنا بعتذر لحضرتك وانا من خلالي هقدم شكوى وسيتم التواصل مع حضرتك فور حلها. (Escalation: Yes) لابد من كتابة تفاصيل الشكوي والاسم بالكامل والرقم القومي في التيكت.

السيناريو الثاني: في حال ان العميل فروع او Credit Scoring Watchlist:
بعتذر لحضرتك خدمة السداد المبكر (45 يوم) غير متاحة، ولكن حضرتك تقدر تدخل على التطبيق وبيوضح لحضرتك القيمة الواجب دفعها. وفي حالة العروض والخصومات بيتم سداد المديونية كامله بالفوائد.
وفي حالة ان العميل يريد معرفة تفاصيل أكثر يقدر يرجع للفرع اللي مضى فيه الأوراق علشان يساعدوه.
- Escalation: No
- CRM: CF → Complain → Complaint about technical issue on early settlement icon on app (45 Days)"
1818,b436414ca3745b99809b853251ae1236,0,halan,CF,Complain,Technical Issue,No,ok,Cannot Transfer Limit,عميل يشكوا من عدم تحويل حالا كريديت من الأبلكيشن للكارت,yes,"Vertical: CF | Type: Complain | Issue: Technical Issue | Escalation: No

Question EN: Cannot Transfer Limit
Question AR: عميل يشكوا من عدم تحويل حالا كريديت من الأبلكيشن للكارت

Script:
[IMAGE: App interface demonstrating Halan portal layout with a distinct prominent green button titled 'إلغاء حظر التمويل الاستهلاكي' (Unhold Consumer Finance limit).]

هيتم مراجعة الاسم ثلاثي والرقم القومي ويكون متواصل من نفس الرقم اما الاتي فيجب علي العميل الاجابة علي 2 من اصل 4 اسئلة ( اخر اربع ارقام من الكارت / العنوان في البطاقه الشخصية / اخر عملية ناجحة على الكارت / رصيد الكارت الحالي )

السيناريو الأول: في حالة العميل يشكو من عدم تحويل حالا كريديت من التطبيق للكارت :-
اذا كان متواجد اختيار ""إلغاء حظر التمويل الاستهلاكي"" علي بورتال كارت (عدم وجودها يعني هذه ليست المشكلة الفعلية):
بعتذر لحضرتك لكن المشكلة دي حصلت بسبب ادخال اخر 4 ارقام في الكارت بصورة غير صحيحة عدة مرات. وانا من خلالي هعمل لحضرتك الغاء المحاولات الخاطئة. و هستأذن حضرتك نعمل تسجيل خروج ودخول مرة أخرى على التطبيق."
1819,eb979283c1695ef8a47843d2754a12bf,0,halan,CF,Complain,Technical Issue,No,ok,Complaint: Blocked Customers,عميل يشكوا من عدم تحويل حالا كريديت أو حالا كريديت مش ظاهر أو عنده مشكلة في استخدام حالا كريديت وهو من ضمن ال (1850 عميل Blocked Customers - Google Sheets) او ان الكريديت بلوك,yes,"Vertical: CF | Type: Complain | Issue: Technical Issue | Escalation: No

Question EN: Complaint: Blocked Customers
Question AR: عميل يشكوا من عدم تحويل حالا كريديت أو حالا كريديت مش ظاهر أو عنده مشكلة في استخدام حالا كريديت وهو من ضمن ال (1850 عميل Blocked Customers - Google Sheets) او ان الكريديت بلوك

Script:
هيتم مراجعة الاسم بالكامل والرقم القومي ويكون متواصل من نفس الرقم وفتح CRM لمعرفة حالة حالا كريديت الخاصة بالعميل لكن لو هيتم توضيح اي بيانات تخص كارت حالا لابد من مراجعة بيانات الكارت بالكامل.

- إذا كان العميل من العملاء الذين لديهم مشكلة في تحويل حالا كريديت او حالا كريديت غير ظاهر او عنده أي مشكلة في استخدام حالا كريديت وهو من ضمن ال (1850) عميل سيتم التوضيح أن الخدمة متوقفة حاليا.
- وإذا كان العميل عنده بلوك على الكريديت وغير موجود بالشيت:
  * عميل فروع: بعتذر لحضرتك لقد تم حظر الحد الائتماني من جانب قسم الائتمان، حضرتك تقدر تتابع مع الفرع التابع ليك لمعرفة كافة التفاصيل. (Escalation: No)
  * عميل موافقة فورية: بعتذر لحضرتك لكن تم حظر الكريديت الخاص بيك من جانب ادارة الائتمان. (Escalation: No)
- Escalation: No
- CRM: CF → Complain → Blocked Customers"
1820,7275a5978f4050c2a3c8db2fbc688e0e,0,halan,Pay,Complain,Technical Issue,Yes,ok,Complaint Unable to deposit / Withdraw money from ATM,عميل يشكوا من عدم نجاح عمليات السحب او الايداع على ATM,yes,"Vertical: Pay | Type: Complain | Issue: Technical Issue | Escalation: Yes

Question EN: Complaint Unable to deposit / Withdraw money from ATM
Question AR: عميل يشكوا من عدم نجاح عمليات السحب او الايداع على ATM

Script:
[IMAGE: App interface 'رصيد المشتريات' displaying dynamic details such as available balance e.g., 19,356.15 out of 20,000 EGP, alongside active installment status info and a 'Pay' button.]

هيتم مراجعة الاسم ثلاثي والرقم القومي ويكون متواصل من نفس الرقم اما الاتي فيجب علي العميل الاجابة علي 2 من اصل 4 اسئلة ( اخر اربع ارقام من الكارت / العنوان في البطاقه الشخصية / اخر عملية ناجحة على الكارت / رصيد الكارت الحالي )

السيناريو الأول: في حالة عدم امكانية السحب :-
- هتأكد من رصيد الكارت وان الرصيد اللي علي الكارت يقدر يسحبه كاش يعني يكون ( راتب مبكر / او قرض / او مبلغ هو اللي عامله ايداع / او كاشات وبيكون اسم الترانزاكشن على البورتال CF Loan ) وفي حالة شكوى العميل من عدم سحب الكريديت كاش نوضح أنه لا يمكن سحبه كاش، ولكن يوجد خدمة ""كاش إت"" وهي خدمة على أبلكيشن حالا، حضرتك بترفع فاتورة الشراء على التطبيق وبينزل لحضرتك مبلغ الفاتورة دي على الكارت تقدر تسحبه او تشتري بيه.
- وبعد ما تأكدنا أن رصيده اللى على الكارت يقدر يسحبه كاش : ضرورة التأكيد على العميل بإدخال الرقم السري بشكل صحيح. وفي حالة الرصيد غير ظاهر ده معناه ان العميل بيكتب الباسورد غلط هيتم التوضيح ليه كيفية تعيين كلمة سر جديدة.
- لازم نتأكد من غلق اختيار تفعيل الكريديت على الكارت علشان نقدر نسحب او نودع المبلغ من ال ATM.
- هتأكد من رصيد الكارت وإذا كانت العملية نجحت بالفعل.
- هتأكد من رصيد الكارت وان العميل بيسحب مبلغ مستوفي مع مصاريف الخدمة في حالة السحب من اي ماكينة غير البنك العربي الافريقي (مثال : عميل رصيده علي الكارت 5000 فقط وبيحاول يسحب 5000 فبالتالي العملية هتفشل لازم يقلل المبلغ تحسبا لمصاريف الخدمة).
- هنسأل العميل عن الماكينة المستخدمة للاختيار في التيكت OFF US ام ON US.
- لو مازالت المشكلة موجودة هستأذنه يجرب ماكينة اخرى مع العلم بإمكانية عدم توفر جميع فئات العملات داخل جميع الماكينات (5 - 10 - 20 - 50 - 100 - 200).
- لو المشكلة لسة موجودة بعد مراجعة كل هذه الخطوات السابقة مع العميل : هقدم طلب للإدارة وهيتم حلها خلال 24 ساعة عمل وهستاذن حضرتك تبعتلنا صورة من العملية المرفوضة على رقم الواتس اب الخاص بحالا (20216303) مع كتابة تفاصيل الشكوي والاسم بالكامل والرقم القومي والعملية ان وجدت. (Escalation: Yes)"
1821,fc16b86d144c585dabafb4205c516a0e,0,halan,Pay,Complain,Technical Issue,Yes,ok,Complaint Unable to purchase through POS/Website,عميل يشكوا من عدم نجاح عمليات الشراء عند التاجر او اونلاين (POS/Website),yes,"Vertical: Pay | Type: Complain | Issue: Technical Issue | Escalation: Yes

Question EN: Complaint Unable to purchase through POS/Website
Question AR: عميل يشكوا من عدم نجاح عمليات الشراء عند التاجر او اونلاين (POS/Website)

Script:
هيتم مراجعة الاسم ثلاثي والرقم القومي ويكون متواصل من نفس الرقم اما الاتي فيجب علي العميل الاجابة علي 2 من اصل 4 اسئلة ( اخر اربع ارقام من الكارت / العنوان في البطاقه الشخصية / اخر عملية ناجحة علي الكارت / رصيد الكارت الحالي )

السيناريو الأول: في حالة الشراء من خلال POS :
- ضرورة التأكيد على العميل بإدخال الرقم السري بشكل صحيح. وفي حالة الرصيد غير ظاهر ده معناه ان العميل بيكتب الباسورد غلط هيتم التوضيح ليه كيفية تعيين كلمة سر جديدة.
- هتأكد من رصيد الكارت وإذا كانت العملية نجحت بالفعل.
- هنتأكد ان العميل مش بيستخدم ماكينات التجار المحظورين (Blacklisted Merchants (Card).xlsx)
- هنتأكد ان العميل غير موجود بـ Suspected Outage - Google Sheets وفي حالة أنه موجود، سيتم سؤاله عن المعاملة إذا كان قد قام بها أم لا.
  * في حالة أنه قام بها سيتم ابلاغ العميل بأنه سيتم الارسال للإدارة وفتح الكارت مرة اخرى على مدار اليوم.
  * في حالة أنه لم يقم بها سنتبع اسكريبت (Fraud Case). وفي كل الأحوال سيتم الارسال الى التيم ليدر.
- لازم نتأكد من فتح اختيار تفعيل الكريديت على الكارت في حالة الشراء بحالا كريديت او غلق اختيار تفعيل الكريديت على الكارت) في حالة عدم الشراء بحالا كريديت.
- هنستأذن العميل يجرب عملية الشراء من ماكينة اخري في حالة (POS). وفي حالة عدم توافر ماكينة اخرى للتجربة سنقوم بتقديم الشكوى.
- لو المشكلة لسة موجودة: هقدم طلب للإدارة وهيتم حلها خلال 24 ساعة عمل و هستأذن حضرتك تبعتلنا صورة من ايصال العملية المرفوضة على رقم الواتس اب الخاص بحالا (20216303) وهيتم كتابة تفاصيل الشكوي والاسم بالكامل والرقم القومي والعميلة ان وجدت. (Escalation: Yes)"
1822,97140c795f4b52ba96949be08d4be6a2,0,halan,Halan,Complain,Technical Issue,No,ok,Complaint about not receiving OTP of Activation code,عميل يشتكي من عدم استلام OTP وقت تفعيل الكارت او فتح التطبيق,yes,"Vertical: Halan | Type: Complain | Issue: Technical Issue | Escalation: No

Question EN: Complaint about not receiving OTP of Activation code
Question AR: عميل يشتكي من عدم استلام OTP وقت تفعيل الكارت او فتح التطبيق

Script:
- استأذنك ممكن تعمل وضع الطيران وبعد دقائق ترجع الموبايل للوضع الطبيعي مع وجود حضرتك في مكان فيه شبكة .
- لو المشكلة مازالت متواجدة: استأذنك ممكن تضع الخط في موبايل اخر عشان لو المشكله ف الموبايل (سعة تخزين الرسايل).
- لو المشكلة مازالت متواجدة استأذنك ترجع لشركة الاتصالات الخاصة بحضرتك لمعرفة سبب عدم استلام الكود.
- Escalation: No
- CRM: Halan Card → Complain → Complaint about not receiving OTP of Activation code"
1823,4a8cf25d53215612b96e65029b296eef,0,halan,CF,Complain,Technical Issue,Yes,ok,Complaint about issuing installments on transferred amount from App to Card,عميل يشتكي من نزول اقساط على مبلغ تم تحويله من الابلكيشن للكارت بدون استخدامه,yes,"Vertical: CF | Type: Complain | Issue: Technical Issue | Escalation: Yes

Question EN: Complaint about issuing installments on transferred amount from App to Card
Question AR: عميل يشتكي من نزول اقساط على مبلغ تم تحويله من الابلكيشن للكارت بدون استخدامه

Script:
هيتم مراجعة الاسم ثلاثي والرقم القومي ويكون متواصل من نفس الرقم اما الاتي فيجب علي العميل الاجابة علي 2 من اصل 4 اسئلة ( اخر اربع ارقام من الكارت / العنوان في البطاقه الشخصية / اخر عملية ناجحة على الكارت / رصيد الكارت الحالي )
هيتم فتح CRM والتأكد من خلاله بنزول قرض عند تحويل الكريديت من التطبيق للكارت بدون استخدام هذا المبلغ والتأكد من البورتال.

بعتذر لحضرتك وانا من خلالي هقدم شكوى وهيتم سحب المبلغ من الكارت واضافته للكريديت الخاص بحضرتك وإلغاء الأقساط خلال 3 ايام عمل مع اضافة صورة من حساب العميل موضح بها رصيده. هيتم اضافة تفاصيل الشكوي الاسم بالكامل والرقم القومي وعملية تحويل الكريديت من التطبيق للكارت اللي نزل عليها اقساط واضافة صورة من حساب العميل.

ملحوظة: لابد من وجود المبلغ بالكامل على الكارت لعمل الطلب.
- Escalation: Yes
- CRM: CF → Complain → Complaint about issuing installments on transferred amount from App to Card"
1824,aa0e63d6661c5bcb9c4b18ab2576c9a7,0,halan,Halan,Complain,Technical Issue,Yes,ok,Complaint about technical issue on Halan Card icon,عميل يشتكي من عدم فتح أيقونة كارت حالا على التطبيق,yes,"Vertical: Halan | Type: Complain | Issue: Technical Issue | Escalation: Yes

Question EN: Complaint about technical issue on Halan Card icon
Question AR: عميل يشتكي من عدم فتح أيقونة كارت حالا على التطبيق

Script:
هيتم مراجعة الاسم ثلاثي والرقم القومي ويكون متواصل من نفس الرقم اما الاتي فيجب علي العميل الاجابة علي 2 من اصل 4 اسئلة ( اخر اربع ارقام من الكارت / العنوان في البطاقه الشخصية / اخر عملية ناجحة على الكارت / رصيد الكارت الحالي )

السيناريو الأول: في حالة عدم فتح ايقونة كارت حالا على التطبيق اللى من خلالها بدخل على الكارت عشان اكتب كلمة السر:
هتأكد من دخول العميل بنفس رقم الموبايل اللي عامل عليه الكارت على الأبلكيشن وعمل كل الخطوات التنشيطية مثل تسجيل خروج ودخول ويفتح تاني التطبيق بنفس رقم موبايل الكارت. لو المشكلة مازالت متواجدة بعد مراجعة كل هذه الخطوات مع العميل : وأنا من خلالي هقدم شكوى لحضرتك وسيتم حلها خلال 24 ساعة عمل. هستأذن حضرتك تبعتلنا صورة او فيديو اسكرين على الواتساب الخاص بشركة حالا 20216303 وكتابة تفاصيل الشكوي والاسم بالكامل والرقم القومي. (Escalation: Yes)

السيناريو الثاني: في حالة عدم وجود أيقونة ""تفعيل الكريديت على الكارت"" اثناء تحويل الكريديت من التطبيق للكارت:
هتأكد من دخول العميل بنفس رقم الموبايل اللي عامل عليه الكارت على الأبلكيشن وعمل كل الخطوات التنشيطية مثل تسجيل خروج ودخول ويفتح تاني التطبيق بنفس رقم موبايل الكارت.
- في حالة أن العميل Credit Scoring: أنا بعتذر لحضرتك وسيتم حل المشكلة خلال 48 ساعة عمل وهستأذنك بعدها نعمل تسجيل خروج ودخول مرة اخرى على التطبيق. وهيتم كتابة تفاصيل الشكوي والاسم بالكامل والرقم القومي. (Escalation: Yes)
- في حالة أن العميل فروع: أنا بعتذر لحضرتك، ولكن احنا محتاجين نتوجه لنفس الفرع ليتم حل المشكلة. (Escalation: No)

ملحوظة:-
- لو الكارت مفعل قدامي على البورتال هتكون (Icon)
- لو الكارت موجود على البورتال بس لسة متفعلش قدامي هتكون (Not Activating)
- لو الكارت مش موجود على البورتال قدامي هتكون (Not Activating)
- Escalation: Yes
- CRM: Halan Card → Complain → Complaint about technical issue on Halan Card icon"
1825,e68931701171524697a99c0c33d75450,0,halan,CF,Complain,Technical Issue,Yes,ok,Complaint about wrong first installment date,عميل يشتكي من نزول ميعاد استحقاق اول قسط في ميعاد خطأ,yes,"Vertical: CF | Type: Complain | Issue: Technical Issue | Escalation: Yes

Question EN: Complaint about wrong first installment date
Question AR: عميل يشتكي من نزول ميعاد استحقاق اول قسط في ميعاد خطأ

Script:
هيتم مراجعة الاسم ثلاثي والرقم القومي ويكون متواصل من نفس الرقم اما الآتي فيجب علي العميل الاجابة علي 2 من اصل 4 اسئلة ( اخر اربع ارقام من الكارت / العنوان في البطاقه الشخصية / اخر عملية ناجحة علي الكارت / رصيد الكارت الحالي )
- هيتم فتح CRM والتأكد من تاريخ القرض وتاريخ ميعاد اول قسط.
- بعد التأكد من وجود خطأ في ميعاد استحقاق اول قسط بالنسبة للقرض:
أنا بعتذر لحضرتك وانا من خلالي هقدم شكوى للقسم المختص وسيتم تعديل ميعاد استحقاق اول قسط خلال 48 ساعة عمل. هيتم كتابة تفاصيل الشكوي والاسم بالكامل والرقم القومي والعميلة في التيكت .
- Escalation: Yes
- CRM: CF → Complain → Complaint about wrong first installment date"
1826,0dc2546eb11e51abb005d09f780dfef8,0,halan,Halan,Complain,Technical Issue,Yes,ok,Complaint about not showing Halan Card as a payment method,عميل يشتكي من عدم ظهور كارت حالا كوسيلة دفع في الشراء أو دفع الأقساط,yes,"Vertical: Halan | Type: Complain | Issue: Technical Issue | Escalation: Yes

Question EN: Complaint about not showing Halan Card as a payment method
Question AR: عميل يشتكي من عدم ظهور كارت حالا كوسيلة دفع في الشراء أو دفع الأقساط

Script:
هيتم مراجعة الاسم ثلاثي والرقم القومي ويكون متواصل من نفس الرقم اما الاتي فيجب علي العميل الاجابة علي 2 من اصل 4 اسئلة ( اخر اربع ارقام من الكارت / العنوان في البطاقه الشخصية / اخر عملية ناجحة على الكارت / رصيد الكارت الحالي )
بعتذر لحضرتك وانا من خلالي هقدم شكوى وهيتم حلها خلال 3 أيام عمل. وهستأذن حضرتك تبعتلنا صورة من طرق الدفع الموجودة عند حضرتك على الأبلكيشن. مع كتابة تفاصيل الشكوي والاسم بالكامل والرقم القومي.
- Escalation: Yes
- CRM: Halan Card → Complain → Complaint about not showing Halan Card as a payment method"
1827,86a8c82e45cc5a92a477db9b872ea183,0,halan,Commerce,Complain,Technical Issue,Yes,ok,Customer can't pay a bill,عميل لا يستطيع دفع فاتورة على تطبيق حالا,yes,"Vertical: Commerce | Type: Complain | Issue: Technical Issue | Escalation: Yes

Question EN: Customer can't pay a bill
Question AR: عميل لا يستطيع دفع فاتورة على تطبيق حالا

Script:
هيتم مراجعة الاسم ثلاثي والرقم القومي ويكون متواصل من نفس الرقم اما الاتي فيجب على العميل الاجابة علي 2 من اصل 4 اسئلة ( اخر اربع ارقام من الكارت / العنوان في البطاقه الشخصية / اخر عملية ناجحة على الكارت / رصيد الكارت الحالي)
هسأل حضرتك بعض الخطوات عشان نقدر نتأكد ان حضرتك بتعمل الخطوات بشكل صحيح:
- سيتم التأكيد على العميل من وجود رصيد كافي في طريقة الدفع المختارة من خلاله.
- نتأكد من الانترنت يعمل بكفاءة.
- نتأكد ان العميل بيختار الخدمة المرادة بصورة صحيحة (مثال: العميل يريد شحن رصيده ورقم موبايله 012 فيجب أن تكون جهة الشحن أورانج).
- نتأكد ان العميل لديه بالفعل فاتورة مستحقة.

ملحوظات هامة لازم نتأكد منها في المكالمة وقبل تقديم أي شكوى:
- غير متاح شحن رصيد فودافون باستخدام محفظة أبلكيشن حالا ولكن يمكن شحن رصيد فودافون باستخدام كارت حالا او أي محفظة الكترونية.
- لا يمكن شحن رصيد لشركات الاتصالات من خلال الكريديت.
- في حالة ان العميل بيستخدم حالا كريديت، لابد أن تكون القيمة أكثر من 500 جنيه.
- لا يمكن دفع أقساط عن طريق Credit on Card.

بعد التأكد من كل الخطوات سيتم تقديم شكوى للعميل والرد يكون خلال 48 ساعة عمل بها:
- بيانات العميل كاملة (الاسم بالكامل والرقم القومي).
- طريقة الدفع.
- الفاتورة اللي بيتم دفعها.
- Escalation: Yes
- CRM: Commerce → Complain → Customer can't pay a bill"
1828,4a5a7f3e53e7510d96e1ed8ddb5c0b3a,0,halan,Pay,Complain,Financial Issue,Yes,ok,Complaint Didn't get money from ATM after withdrawing transaction (Successful on System),عميل يشتكي عن سحب مبلغ من على ال ATM ولم يحصل على الفلوس كلها او بعضها ؟ ( Cash out ),yes,"Vertical: Pay | Type: Complain | Issue: Financial Issue | Escalation: Yes

Question EN: Complaint Didn't get money from ATM after withdrawing transaction (Successful on System)
Question AR: عميل يشتكي عن سحب مبلغ من على ال ATM ولم يحصل على الفلوس كلها او بعضها ؟ ( Cash out )

Script:
هيتم مراجعة الاسم ثلاثي والرقم القومي ويكون متواصل من نفس الرقم اما الاتي فيجب علي العميل الاجابة علي 2 من اصل 4 اسئلة ( اخر اربع ارقام من الكارت / العنوان في البطاقه الشخصية / اخر عملية ناجحة على الكارت / رصيد الكارت الحالي)
بعد التأكد من شكوى العميل وتحديد العملية بالتحديد القيمة واليوم:
هنطلب من العميل ارسال الصورة الخاصة بالايصال على رقم الواتس اب الخاص بحالا (20216303)
يتم تسجيل شكوى للعميل بالبيانات التالية:
اسم العميل، رقم البطاقة، واخر 4 ارقام من اليمين ف الكارت، ورقم الماكينة واضافة العملية في التيكيت.

| Transaction Type | ON US (البنك العربي الأفريقي) | OFF US (أي ماكينة اخرى) |
| :--- | :--- | :--- |
| ATM | 15 يوم عمل | 15 يوم عمل |

بنعتذر لحضرتك عن الموقف دا والمبلغ هيرجع لحضرتك على الكارت بعد المراجعة.
- Escalation: Yes
- CRM: Pay → Complain → Complaint Didn't get money from ATM after withdrawing transaction (Successful on System)"
1829,440e546171bf58348f23343e7b0cb4db,0,halan,Pay,Complain,Financial Issue,Yes,ok,Didn't get money after withdrawing transaction (POS/Online),عميل يشتكي عن سحب مبلغ من POS وقت الشراء من التاجر والمبلغ لم يصل للتاجر (نجحت على البورتال) او شراء أونلاين والعملية فشلت واتخصمت,yes,"Vertical: Pay | Type: Complain | Issue: Financial Issue | Escalation: Yes

Question EN: Didn't get money after withdrawing transaction (POS/Online)
Question AR: عميل يشتكي عن سحب مبلغ من POS وقت الشراء من التاجر والمبلغ لم يصل للتاجر (نجحت على البورتال) او شراء أونلاين والعملية فشلت واتخصمت

Script:
هيتم مراجعة الاسم ثلاثي والرقم القومي ويكون متواصل من نفس الرقم اما الاتي فيجب على العميل الاجابة علي 2 من اصل 4 اسئلة ( اخر اربع ارقام من الكارت / العنوان في البطاقه الشخصية / اخر عملية ناجحة علي الكارت / رصيد الكارت الحالي)
بعد التأكد من شكوى العميل وتحديد العملية بالتحديد القيمة واليوم:
هنطلب من العميل ارسال الصورة الخاصة بالايصال (POS) او اسكرين شوت من المعاملة (Online) على رقم الواتس اب الخاص بحالا (20216303) مع كتابة الرقم المرسل منه الايصال في التيكيت...

يتم تسجيل شكوى للعميل بالبيانات التالية:
الاسم بالكامل والرقم القومي مع اضافة العملية في التيكيت وكتابة الرقم المرسل منه الايصال على الواتساب.

| Transaction Type | SLA |
| :--- | :--- |
| Online / POS | في حالة ارسال حضرتك للإيصال خلال 24 ساعة عمل فسيتم حل المشكلة خلال 15 يوم عمل. وفي حالة عدم ارسال الايصال خلال 24 ساعة عمل فسيتم حل المشكلة خلال 35 يوم عمل. |

واحنا هنحاول حل المشكلة في أسرع وقت وبمجرد ما ييجي الرد هنتواصل بحضرتك.

في حالة ان العملية Credit on Card سيتم ابلاغ العميل:
بمجرد رجوع المبلغ على الكارت سيتم تقديم طلب وسحب المبلغ من الكارت حتى يتم رجوع المبلغ على حالا كريديت الخاص بك وإلغاء القسط.

ملحوظة في حالة ان العميل يستفسر عن دفع القسط أم لا، سيتم التوضيح بأنه يجب دفع الأقساط تجنبا لأي مشاكل تخص ال IScore الخاص بحضرتك. وبعد حل المشكلة سيتم التوضيح لحضرتك طريقة رجوع القسط المدفوع.
- Escalation: Yes
- CRM: Pay → Complain → Didn't get money after withdrawing transaction (POS/Online)"
1830,c8264ad29f4a55218153a869a1b3f16e,0,halan,Commerce,Complain,Financial Issue,Yes,ok,Bill Payment not Reflected,عميل يشتكي من خصم عملية شحن رصيد او دفع فاتورة فاشلة من تطبيق حالا بالكارت,yes,"Vertical: Commerce | Type: Complain | Issue: Financial Issue | Escalation: Yes

Question EN: Bill Payment not Reflected
Question AR: عميل يشتكي من خصم عملية شحن رصيد او دفع فاتورة فاشلة من تطبيق حالا بالكارت

Script:
هيتم مراجعة الاسم ثلاثي والرقم القومي ويكون متواصل من نفس الرقم اما الاتي فيجب علي العميل الاجابة علي 2 من اصل 4 اسئلة ( اخر اربع ارقام من الكارت / العنوان في البطاقه الشخصية / اخر عملية ناجحة على الكارت / رصيد الكارت الحالي)
بعد التأكد من شكوى العميل وخصم العمليات (من البورتال) وفشلهم من (CRM):
- لابد من اضافة جميع العمليات في التيكيت.
- لابد من اضافة جهة الشحن أو دفع الفاتورة في التيكيت.
- واضافة الاسم بالكامل والرقم القومي.
- وفي حالة الدفع عن طريق (حالا كاش) برجاء مراجعة اسكريبت كاش وعمل التيكيت الخاصة بحالا كاش.

نعرض علي العميل اننا ممكن نرجع المبلغ المخصوم على محفظة حالا خلال ساعتين عمل (لو العميل وافق هنختار ف الفورم Customer Request to Refund on: Halan Wallet).
لو العميل رفض ومحتاج استرجاع المبلغ علي نفس طريقة الدفع هنختار (Same Payment) ونوضح المدة حسب طريقة الدفع ما عداااااا لو العميل دافع برصيد التقسيط او كارت حالا (مش هنعرض عليه علشان لازم المبلغ يرجع على نفس الطريقة).

| وسيلة الدفع | سيتم الرد خلال (SLA) |
| :--- | :--- |
| كارت حالا | يومين عمل |
| كارت حالا (Debit + Credit on Card) | 3 أيام عمل |
| محفظة الكترونية | يومين عمل |
| محفظة حالا | ساعتين عمل |
| حالا کريديت (بالتقسيط) (CF) | يومين عمل |
| Apple Pay / كريديت كارد | ساعتين عمل للرد على الشكوي + 14 يوم عمل لاسترجاع المبلغ |

وفي حالة أن العميل قام بالدفع عن طريق وسيلتين مع بعض (مثال: محفظة حالا + كريديت كارد) هنوضحله المدة الأكبر.
- Escalation: Yes
- CRM: Commerce → Complain → Bill Payment not Reflected"
1831,642fb60b26835200bbea99b5c49f4d2a,0,halan,Pay,Complain,Financial Issue,Yes,ok,Complaint Amount not reflected on customer account after depositing money,عميل يشتكي من ال ATM او اثناء POS عملية الايداع قامت بأخذ المبلغ ولم تدخل في حساب الكارت ( Cash in ),yes,"Vertical: Pay | Type: Complain | Issue: Financial Issue | Escalation: Yes

Question EN: Complaint Amount not reflected on customer account after depositing money
Question AR: عميل يشتكي من ال ATM او اثناء POS عملية الايداع قامت بأخذ المبلغ ولم تدخل في حساب الكارت ( Cash in )

Script:
هيتم مراجعة الاسم ثلاثي والرقم القومي ويكون متواصل من نفس الرقم اما الاتي فيجب علي العميل الاجابة علي 2 من اصل 4 اسئلة ( اخر اربع ارقام من الكارت / العنوان في البطاقه الشخصية / اخر عملية ناجحة على الكارت / رصيد الكارت الحالي)
بعد التأكد من شكوى العميل وتحديد العملية والقيمة والتاريخ:
هنطلب من العميل ارسال الصورة الخاصة بالايصال (ضروري) على رقم الواتس اب الخاص بحالا (20216303)
يتم تسجيل شكوى للعميل واضافة العملية وقيمتها وتوقيتها ورقم الماكينة (ضروري) في التيكيت والاسم بالكامل والرقم القومي.

| Transaction Type | ON US (البنك العربي الافريقي) | OFF US (أي ماكينة اخرى) |
| :--- | :--- | :--- |
| ATM | 6 أيام عمل | للأسف ملهاش وقت محدد بسبب ان عملية الايداع تمت من ماكينة غير العربي الأفريقي، فإحنا بنبعت الشكوى وبننتظر الرد. |
| POS | بعتذر لحضرتك وسيتم حلها في أقرب وقت واحنا هنحاول حل المشكلة في أسرع وقت وبمجرّد ما ييجي الرد هنتواصل بحضرتك. | - |
- Escalation: Yes
- CRM: Pay → Complain → Complaint Amount not reflected on customer account after depositing money"
1832,ba7f14e6cf6e56c288895c68e1eacc82,0,halan,Pay,Complain,Financial Issue,No,ok,Complaint Amount not reflected on customer account after depositing money (POS Refund),عميل يشتكي من عدم ايداع المبلغ على الكارت من خلال التاجر وخروجه من عند التاجر اثناء استرجاع منتج عدم رجوع المبلغ من التاجر لكارت حالا وقت عملية ال Refund,yes,"Vertical: Pay | Type: Complain | Issue: Financial Issue | Escalation: No

Question EN: Complaint Amount not reflected on customer account after depositing money (POS Refund)
Question AR: عميل يشتكي من عدم ايداع المبلغ على الكارت من خلال التاجر وخروجه من عند التاجر اثناء استرجاع منتج عدم رجوع المبلغ من التاجر لكارت حالا وقت عملية ال Refund

Script:
هيتم مراجعة الاسم ثلاثي والرقم القومى ويكون متواصل من نفس الرقم اما الاتي فيجب على العميل الاجابة على 2 من اصل 4 اسئلة ( اخر اربع ارقام من الكارت / العنوان في البطاقه الشخصية / اخر عملية ناجحة علي الكارت / رصيد الكارت الحالي)
المعرفة من العميل قيمة المبلغ وتاريخ الاسترجاع المراجعة عمليات البورتال.

السيناريو الأول: في حالة عدم رجوع المبلغ (قبل تخطي 15 يوم عمل):
أنا بعتذر لحضرتك، ولكن حضرتك هتنتظر 15 يوم عمل ولو المبلغ مرجعش لحضرتك تقدر تكلمنا وسنقوم بعمل شكوى. ملحوظة لابد من اخبارها للعميل في حالة ان العملية كانت (Credit on Card) سيتم ابلاغ العميل بضرورة التواصل معنا بعد رجوع المبلغ لتقديم طلب لإلغاء القرض (Request to refund). (Escalation: No)

السيناريو الثاني: في حالة تخطى ال 15 يوم عمل من وقت ال Refund من التاجر:
بعد التأكد من شكوى العميل وأن المبلغ لم يدخل في حساب الكارت وقد تخطى 15 يوم عمل من تاريخ الـ Refund: نطلب من العميل ارسال الايصال (ضروري) حتى يتم عمل شكوى على رقم الواتس اب الخاص بحالا (20216303). يتم اضافة القيمة والوقت واضافة العملية في التيكيت (إن وجدت) ورقم الواتساب الخاص بالعميل الذي سيقوم بإرسال الايصال منه والاسم بالكامل والرقم القومي. أنا بعتذر لحضرتك، ولكن سيتم تقديم شكوى خلال ساعتين من الوقت اللي حضرتك هتبعت لنا الايصال فيه على الواتساب، وهيعيجي لحضرتك رسالة برقم الشكوى المقدمة. ومدة العمل على الشكوى 20 يوم عمل. (Escalation: No)

| Transaction Type | SLA |
| :--- | :--- |
| POS | 20 يوم عمل وانا بعتذر لحضرتك لأن المدة دي محددة من جهة البنك المركزي، ولكن احنا هنحاول حل المشكلة في أسرع وقت وبموجرد ما ييجي الرد هنتواصل بحضرتك. |

ملحوظة: في حالة ان العميل يستفسر عن دفع القسط أم لا، سيتم التوضيح بأنه يجب دفع الأقساط تجنبا لأي مشاكل تخص ال Score الخاص بحضرتك. وبعد حل المشكلة سيتم التوضيح لحضرتك طريقة رجوع القسط المدفوع.
- Escalation: No
- CRM: Pay → Complain → Complaint Amount not reflected on customer account after depositing money (POS Refund)"
1833,2db1e16195af5683adb30103e97ff82d,0,halan,Pay,Complain,Financial Issue,Yes,ok,Complaint Amount not reflected on customer account after depositing money (InstaPay),عميل يشتكي من عدم ايداع المبلغ على الكارت من خلال Instapay وخصمه من حسابه البنكي,yes,"Vertical: Pay | Type: Complain | Issue: Financial Issue | Escalation: Yes

Question EN: Complaint Amount not reflected on customer account after depositing money (InstaPay)
Question AR: عميل يشتكي من عدم ايداع المبلغ على الكارت من خلال Instapay وخصمه من حسابه البنكي

Script:
هيتم مراجعة الاسم ثلاثي والرقم القومي ويكون متواصل من نفس الرقم اما الاتي فيجب علي العميل الاجابة علي 2 من اصل 4 اسئلة ( اخر اربع ارقام من الكارت / العنوان في البطاقه الشخصية / اخر عملية ناجحة على الكارت / رصيد الكارت الحالي)
بعد التأكد من شكوى العميل وأن المبلغ لم يدخل في حساب الكارت:
هنطلب من العميل ارسال الصورة الخاصة بالتحويل من انستاباي على رقم الواتس اب الخاص بحالا (20216303)
يتم تسجيل شكوى للعميل واضافة القيمة والوقت واضافة العملية في التيكيت (إن وجدت) والاسم بالكامل والرقم القومي.

| Transaction Type | SLA |
| :--- | :--- |
| InstaPay | 6 أيام عمل وبمجرد ما ييجى الرد هنتواصل بحضرتك |
- Escalation: Yes
- CRM: Pay → Complain → Complaint Amount not reflected on customer account after depositing money (InstaPay)"
1834,35cf3bc6bb415df5b48a83e31aba259d,0,halan,Pay,Complain,Financial Issue,Yes,ok,Complaint Money Deducted from Halan card Without Valid Reason,عميل يشتكي عن عمليه تم خصمها من الحساب بدون سبب,yes,"Vertical: Pay | Type: Complain | Issue: Financial Issue | Escalation: Yes

Question EN: Complaint Money Deducted from Halan card Without Valid Reason
Question AR: عميل يشتكي عن عمليه تم خصمها من الحساب بدون سبب

Script:
هيتم مراجعة الاسم ثلاثي والرقم القومي ويكون متواصل من نفس الرقم اما الاتي فيجب على العميل الاجابة علي 2 من اصل 4 اسئلة ( اخر اربع ارقام من الكارت / العنوان في البطاقه الشخصية / اخر عملية ناجحة علي الكارت / رصيد الكارت الحالي)
يتم مراجعة العمليات الموجودة على الحساب.
تسجيل شكوى فيها اسم العميل، رقم البطاقة، اخر 4 ارقام من اليمين في الكارت المبلغ الخاص بالخصم. يتم تسجيل شكوى للعميل ويجب اضافة العملية في التيكيت.
سيتم تقديم شكوى لحضرتك وحلها خلال 24 ساعة عمل.

ملحوظة في حالة خصم حالا كريديت من التطبيق والكارت معا اثناء التحويل.. هنعتذر للعميل وسيتم حل المشكلة خلال 24 ساعة عمل.
أيضا في حالة خصم حالا كريديت اثناء رجوعه من الكارت الى التطبيق معا اثناء التحويل... هنعتذر للعميل وسيتم حل المشكلة خلال 24 ساعة عمل مع اضافة العملية من البورتال في التيكيت.
- Escalation: Yes
- CRM: Pay → Complain → Complaint Money Deducted from Halan card Without Valid Reason"
1835,bce84780bef1579b8489387104d27b1c,0,halan,CF,Complain,Financial Issue,Yes,ok,Complaint about not removing installments after early settlement service (45 Days),عميل يشتكي من عدم الغاء الأقساط بعد عمل سداد مبكر لعملية,yes,"Vertical: CF | Type: Complain | Issue: Financial Issue | Escalation: Yes

Question EN: Complaint about not removing installments after early settlement service (45 Days)
Question AR: عميل يشتكي من عدم الغاء الأقساط بعد عمل سداد مبكر لعملية

Script:
هيتم مراجعة الاسم ثلاثي والرقم القومي ويكون متواصل من نفس الرقم اما الاتي فيجب علي العميل الاجابة علي 2 من اصل 4 اسئلة ( اخر اربع ارقام من الكارت / العنوان في البطاقه الشخصية / اخر عملية ناجحة علي الكارت / رصيد الكارت الحالي)
سيتم التأكد من شكوى العميل والتأكد من البورتال انه عمل عملية السداد المبكر ومن CRM ان الاقساط لم يتم ازالتها.
أنا بعتذر لحضرتك وانا من خلالي هقدم شكوى للإدارة وسيتم حلها خلال 3 أيام عمل. مع كتابة تفاصيل الشكوي والاسم بالكامل والرقم القومي في التيكت.

ملحوظة الخدمة متاحة لعملاء الموافقة الفورية فقط وليس عملاء الفروع.
- Escalation: Yes
- CRM: CF → Complain → Complaint about not removing installments after early settlement service (45 Days)"
1836,31dcc617a8975d8e90558e8297452e63,0,halan,CF,Complain,Financial Issue,No,ok,Complaint Card Early Settlement (Wallet Recharge),عميل يشتكي من قيامه بإيداع مبلغ على محفظة حالا بدلا من كارت حالا لعمل سداد مبكر 45,yes,"Vertical: CF | Type: Complain | Issue: Financial Issue | Escalation: No

Question EN: Complaint Card Early Settlement (Wallet Recharge)
Question AR: عميل يشتكي من قيامه بإيداع مبلغ على محفظة حالا بدلا من كارت حالا لعمل سداد مبكر 45

Script:
أنا بعتذر لحضرتك يا فندم، ولكن حضرتك تقدر تستخدم المبلغ في دفع أقساط - شبكه تجار حالا ، شحن الرصيد، دفع فواتير متجر حالا، حالا جمله لأننا مش بنقدر نحول المبلغ على الكارت.
والايداع على كارت حالا بيتم من خلال 3 طرق (Instapay - فوري بكود 46688 - ماكينات البنك العربي الافريقي).
- Escalation: No
- CRM: CF → Complain → Complaint Card Early Settlement (Wallet Recharge)"
1837,2e876b6b257458eeab6316c29650db70,0,halan,Halan,Complain,Financial Issue,Yes,ok,Negative Balance,عميل رصيده بالسالب ونريد معرفة السبب (خاصة بالباك أوفس وليست خاصة بالانبوند),yes,"Vertical: Halan | Type: Complain | Issue: Financial Issue | Escalation: Yes

Question EN: Negative Balance
Question AR: عميل رصيده بالسالب ونريد معرفة السبب (خاصة بالباك أوفس وليست خاصة بالانبوند)

Script:
سيتم التواصل بحضرتك بمجرد معرفة السبب .
- Escalation: Yes
- CRM: Halan Card → Complain → Negative Balance"
1838,bef831dfad7555aab50c1d7ab1cb51bf,0,halan,Salary lending,Complain,Financial Issue,No,ok,Salary lending didn't transfer to Halan Card,عميل يشتكي انه استقبل رسالة الراتب المبكر ولم يتم تحويل المبلغ للكارت,yes,"Vertical: Salary lending | Type: Complain | Issue: Financial Issue | Escalation: No

Question EN: Salary lending didn't transfer to Halan Card
Question AR: عميل يشتكي انه استقبل رسالة الراتب المبكر ولم يتم تحويل المبلغ للكارت

Script:
اولا هيتم مراجعة البيانات العميل بنفسه الاسم بالكامل والرقم القومى ويكون متواصل من نفس الرقم.
هنتأكد من وجود القرض على CRM وان المبلغ منزلش على الكارت.
هسأل العميل اذا كان الطلب في نفس اليوم ولا مسبقا:
- لو العميل قام بالطلب في نفس اليوم: بعتذر لحضرتك لكن المبلغ بينزل خلال 24 ساعة عمل.
- لو عدى 24 ساعة عمل سيتم تحويله لحالا انبوند. (Escalation: No)
- Escalation: No
- CRM: Salary lending → Complain → Salary lending didn't transfer to Halan Card"
1839,b001b868ff405798b1dcbb9ff9d9eaa2,0,halan,Halan,Complain,Financial Issue,No,ok,Complaint about fraud case,عميل يشتكي من عملية نصب,yes,"Vertical: Halan | Type: Complain | Issue: Financial Issue | Escalation: No

Question EN: Complaint about fraud case
Question AR: عميل يشتكي من عملية نصب

Script:
اولا هعمل ال Verifications ثانيا هرجع الكريديت وهقفل الكارت بعد موافقة العميل.
ثالثا هسأل على معلومات وبيانات السرقة.
أنا بعتذر لحضرتك، ولكن حابب اوضح انه حفاظا على سرية بيانات حضرتك، أستأذنك منشاركش كلمة السر او كلمة السر ذات المرة الواحدة OTP الخاصين بالمحفظة / او الكارت مع أي شخص. مع العلم احنا كخدمة عملاء حالا مش بنطلب أي ارقام سرية خاصة بيك خلال المكالمة أو أي مكالمة لاحقة.

سنقوم بإرجاع الكريديت مرة اخرى على التطبيق بالضغط على ""إعادة الليميت"" ثم سنقوم بوقف الكارت بعد موافقة العميل من خانة ""غلق"" في حالة سرقة الكارت او تسريب بيانات الكارت ويجب على العميل تسجيل الخروج وتسجيل الدخول مرة اخرى حتى يتمكن من استعادة التطبيق. هستأذنك نتوجه لأقرب فرع لعمل كارت اخر.

هسأل العميل عن:
- بيانات الرقم اللي كلمه
- الوقت اللي كلمه فيه
- اسم الشخص
- هل تمت السرقة ولا لا
- أي معلومات عن الواقعة
- هل حضرتك تواصلت من أي رقم اخر بخدمة العملاء مسبقا

نعتذر لحضرتك عن أي إزعاج. ونود التوضيح أن الإجراء المتخذ من جانب حالا هو التأكيد على الالتزام بخطة السداد لتجنب الغرامات. ولا توجد متابعة إضافية على هذه الشكوى في الوقت الحالي.
- Escalation: No
- CRM: Halan Card → Complain → Complaint about fraud case"
1840,84f5d3d400505986af902f7b934db0f8,0,halan,General,Complain,Non-Technical Issue,Yes,ok,Against Staff Complaints,شكوى عميل فى موظف (فرع - تحصيل - نقطة تفعيل - توصيل - حالا مارت..),yes,"Vertical: General | Type: Complain | Issue: Non-Technical Issue | Escalation: Yes

Question EN: Against Staff Complaints
Question AR: شكوى عميل فى موظف (فرع - تحصيل - نقطة تفعيل - توصيل - حالا مارت..)

Script:
بنعتذر للعميل عن المشكلة اللي واجهته ... تسمع المشكلة بالظبط ونكتب الشكوي بالكامل مع كتابة اسم العميل رباعي وبيتم تقديم الشكوي واتخاذ الاجراء اللازم بعد التحقيق في الشكوي والرد بيكون خلال 3 أيام عمل.

في حالة شكوى سوء المعاملة: لازم نوضح ف التيكت وقت الشكوي - العميل معاه دليل ولا لا سكرين شوت - رسايل - صور للمشكلة ونوضح دا ف التيكت مع توضيح رقم الواتساب للعميل +20216303

في حالة العميل يشكوا موظف التحصيل: لازم نتأكد من CRM متأخرات العميل كام قسط ومدفعش كام قسط ونختار أقل من 3 شهور ولا أكثر من 3 شهور.
- Escalation: Yes
- CRM: General → Complain → Against Staff"
1841,e381c28f73e8592aa987ab43bc2a9f37,0,halan,Halan,Request,Non-Technical Issue,Yes,ok,Request to change mobile number,عميل يريد تغيير رقم الموبايل المسجل به کارت حالا,yes,"Vertical: Halan | Type: Request | Issue: Non-Technical Issue | Escalation: Yes

Question EN: Request to change mobile number
Question AR: عميل يريد تغيير رقم الموبايل المسجل به کارت حالا

Script:
هيتم مراجعة الاسم ثلاثي والرقم القومي اما الاتي فيجب على العميل الاجابة علي 2 من اصل 4 اسئلة ( اخر اربع ارقام من الكارت / العنوان في البطاقه الشخصية / اخر عملية ناجحة علي الكارت / رصيد الكارت الحالي)
ملحوظة: يمكن تقديم طلب للعميل الموافقة الفورية في حالة الاتصال من رقم هاتف مختلف او ان الكارت ميكونش لسة اتفعل.

السيناريو الأول: لو العميل متكود موافقة فورية (CRM / Credit Scoring):
لابد ان يكون العميل داخل الفرع ويكون فرع موافقة فورية عشان اقدم الطلب. أنا هقدم لحضرتك طلب لتغيير رقم الموبايل. الفرع هيقدم لحضرتك استمارة تحديث بيانات جديدة (KYC) وهتستقبل كود تفعيل على الرقم الجديد. وحضرتك تقدر تتأكد بعدها من تغيير الرقم لما تدخل على أبلكيشن حالا بالرقم الجديد بعد تأكيد موظف الفرع على التغيير. (لابد من الضغط على ""إرجاع الليميت"" على البورتال قبل تقديم الطلب لعملاء الموافقة الفورية)

السيناريو الثاني: لو العميل متكود فروع من CRM (Branch):
حضرتك بتتوجه لفرع تساهيل والفرع هيقدم لحضرتك استمارة تحديث بيانات جديدة (KYC) وهتستقبل كود تفعيل على الرقم الجديد. وحضرتك تقدر تتأكد بعدها من تغيير الرقم لما تدخل على أبلكيشن حالا بالرقم الجديد بعد تأكيد موظف الفرع على التغيير (ولابد من توجيه العميل الي فرع تساهيل فقط).

ملحوظة احنا بنقدم الطلب لعملاء الموافقة الفورية فقط ولازم يكونوا داخل الفرع انما عملاء مشروعي وتساهيل بيتم توجيههم للفرع الخاص بهم.
- Escalation: Yes
- CRM: Halan Card → Request → Request to change mobile number"
1842,506a4f515eb151b9bbbcce3d3a5d5b03,0,halan,CF,Request,Non-Technical Issue,Yes,ok,Request to edit tenor for purchased product,عميل يريد تعديل مدة التقسيط لمنتج تم شراؤه بالفعل من كارت حالا من خلال تطبيق حالا,yes,"Vertical: CF | Type: Request | Issue: Non-Technical Issue | Escalation: Yes

Question EN: Request to edit tenor for purchased product
Question AR: عميل يريد تعديل مدة التقسيط لمنتج تم شراؤه بالفعل من كارت حالا من خلال تطبيق حالا

Script:
هيتم مراجعة الاسم ثلاثي والرقم القومي ويكون متواصل من نفس الرقم اما الاتي فيجب على العميل الاجابة علي 2 من اصل 4 اسئلة ( اخر اربع ارقام من الكارت / العنوان في البطاقه الشخصية / اخر عملية ناجحة على الكارت / رصيد الكارت الحالي)
لابد من مراجعة الاتى من خلال CRM:
- في حالة دفع اي اقساط لا يمكن تعديل مدة القسط. (لازم العميل ميكونش دفع اي اقساط)
- اخر ميعاد لتقديم الطلب هو يوم 31 أي قبل ميعاد استحقاق القسط.
- وان العميل ليس من عملاء Credit Builder.
- لا يمكن تعديل قرض في عرض.
- لا يمكن تعديل قرض قد تم تعديله سابقا.
- لا يمكن تعديل قرض 10K.

لو متوافق للشروط:
هيتم تقديم طلب لحضرتك لتعديل مدة القسط وسيتم تعديله خلال 5 أيام عمل. هناخذ من العميل مدة التقسيط الحالية، والمدة التي يريد التغيير إليها، وبيانات العملية وسبب تعديل القسط، ولازم ايقونة تفعيل الكريديت على الكارت"" تكون مقفولة. وكتابة الاسم بالكامل والرقم القومي في التيكت.

ملحوظة لابد اخبارها للعميل في حالة تعديل مدة القسط للقرض بناءا على رغبة العميل في التعديل، فلا يمكن عمل سداد مبكر لهذا القرض على التطبيق (45 يوم) ولكن حضرتك تقدر تعمل سداد مبكر على التطبيق مع اضافة عمولة سداد مبكر 5% على أصل المبلغ المتبقي بعد إلغاء باقي الفوائد والتطبيق بيوضح القيمة الواجب دفعها. وفي حالة العروض والخصومات بيتم سداد المديونية كامله بالفوائد...

ملحوظة فترات التقسيط المتاحة: 12 - 18 - 24 - 30 - 36 شهر فقط.
- Escalation: Yes
- CRM: CF → Request → Request to edit tenor for purchased product"
1843,dec4d74eed9a532c8240cf3f91fed0b4,0,halan,CF,Request,Financial Issue,Yes,ok,Request to refund an amount for product (HALAN CREDIT),عميل يريد استرجاع مبلغ عملية قد قام بها عند التاجر من خلال كارت حالا من حالا كريديت او عملية شراء فاشلة ونزل عليها اقساط ( يعني المبلغ موجود على الكارت),yes,"Vertical: CF | Type: Request | Issue: Financial Issue | Escalation: Yes

Question EN: Request to refund an amount for product (HALAN CREDIT)
Question AR: عميل يريد استرجاع مبلغ عملية قد قام بها عند التاجر من خلال كارت حالا من حالا كريديت او عملية شراء فاشلة ونزل عليها اقساط ( يعني المبلغ موجود على الكارت)

Script:
السيناريو الأول: في حالة الشراء من حالا كريديت على الكارت والعميل بيسأل عن اجراءات الاسترجاع:
حضرتك تقدر ترجع المنتج وفقا لسياسة الاستبدال والاسترجاع والمبلغ هينزل لحضرتك على الكارت. و بتتوجه للتاجر علشان ترجعله المنتج، والتاجر بيرجع مبلغ المنتج لحضرتك على الكارت خلال 15 يوم عمل من خلال مكنة POS الخاصة به وبيسلم حضرتك وصل بإرجاع المبلغ على الكارت.

السيناريو الثاني: في حالة الشراء من حالا كريديت على الكارت والمبلغ رجع الكارت بالفعل:
هيتم مراجعة الاسم ثلاثي والرقم القومي ويكون متواصل من نفس الرقم اما الاتي فيجب علي العميل الاجابة علي 2 من اصل 4 اسئلة ( اخر اربع ارقام من الكارت / العنوان في البطاقه الشخصية / اخر عملية ناجحة علي الكارت / رصيد الكارت الحالي )
- لابد من وجود المبلغ بالكامل على الكارت.
- بعد التأكد من رجوع المبلغ سيتم توضيح خطوات عمل السداد المبكر على الكارت مع مراجعة شروطه بالنسبة للقرض المذكور.
- في حالة عدم القدرة على عمل السداد المبكر وعدم استخدام المبلغ بعد رجوعه: انا هقدم طلب لحضرتك علشان المبلغ يرجع على حالا كريديت الخاص بحضرتك خلال 3 أيام عمل. هستأذن حضرتك تبعتلنا صورة من الايصال على الواتساب على رقم 20216303 (بعد ارسال الايصال نقوم بإضافته للتيكيت) وبأكد على حضرتك ان المبلغ هيتسحب من الكارت علشان نلغي الأقساط ويرجع تاني على حالا كريديت. ولو حضرتك كنت دافع قسط، فسيتم ابلاغ حضرتك بطريقة رجوعه. هيتم اضافة الاسم بالكامل والرقم القومي ومعاملة الاسترجاع ان وجدت ومعاملة الشراء في Reporter Allegations.

ملحوظات:
- لا يمكن استرجاع منتج بعد دفع اول قسط له.
- لابد من وجود المبلغ بالكامل على الكارت لعمل الطلب.
- في حالة ان العميل يقوم باسترجاع منتج والمبلغ خرج من عند التاجر لكن لم يصل للكارت سنقوم بتقديم شكوى: (Complaint Amount not reflected on customer account after depositing money (POS Refund)).
- Escalation: Yes
- CRM: CF → Request → Request to refund an amount for product (HALAN CREDIT)"
1844,ae1a3ad1b0cd5958a70f160624d0cabe,0,halan,Pay,Request,Financial Issue,No,ok,Request to refund an amount for product (Not CF),عميل يريد استرجاع مبلغ عملية قد قام بها عند التاجر من خلال كارت حالا من مبلغ غير حالا كريديت,yes,"Vertical: Pay | Type: Request | Issue: Financial Issue | Escalation: No

Question EN: Request to refund an amount for product (Not CF)
Question AR: عميل يريد استرجاع مبلغ عملية قد قام بها عند التاجر من خلال كارت حالا من مبلغ غير حالا كريديت

Script:
في حالة الشراء بدون حالا كريديت والعميل بيسأل عن اجراءات الاسترجاع:
حضرتك تقدر ترجع المنتج وفقا لسياسة الاستبدال والاسترجاع والمبلغ هينزل لحضرتك على الكارت. و بتتوجه للتاجر علشان ترجعله المنتج، والتاجر بيرجع مبلغ المنتج لحضرتك على الكارت خلال 15 يوم عمل من خلال مكنة POS الخاصة به وبيسلم حضرتك وصل بإرجاع المبلغ على الكارت. (Escalation: No)

في حالة ان العميل يقوم باسترجاع منتج والمبلغ خرج من عند التاجر لكن لم يصل للكارت سنقوم بتقديم شكوى: (Complaint Amount not reflected on customer account after depositing money (POS Refund)).
- Escalation: No
- CRM: Pay → Request → Request to refund an amount for product (Not CF)"
1845,e8dac42443e65d998466d8842885fc36,0,halan,Halan,Request,Non-Technical Issue,No,ok,Request to deactivate Halan Card,عميل يريد إلغاء الكارت,yes,"Vertical: Halan | Type: Request | Issue: Non-Technical Issue | Escalation: No

Question EN: Request to deactivate Halan Card
Question AR: عميل يريد إلغاء الكارت

Script:
ممكن اعرف السبب يمكن أقدر اساعد حضرتك. أحاول اساعد العميل وافهم مشكلته واشرح مميزات الكارت.
لو العميل مصمم على الإلغاء تمام انا من خلالي ممكن أقوم بالإجراء دا لحضرتك.
هيتم مراجعة الاسم ثلاثي والرقم القومي ويكون متواصل من نفس الرقم اما الاتي فيجب علي العميل الاجابة علي 2 من اصل 4 اسئلة ( اخر اربع ارقام من الكارت / العنوان في البطاقه الشخصية / اخر عملية ناجحة علي الكارت / رصيد الكارت الحالي )

- سنقوم بإرجاع الكريديت مرة اخرى على التطبيق بالضغط على ""إعادة الليميت""
- سيتم ابلاغ العميل بقيمة الرصيد الحالي على الكارت، وإذا تواجد رصيد كاش سيتم اخبار العميل أنه في حالة غلق الكارت لن يتمكن من سحب ذلك المبلغ حتى يقوم بعمل بدل فاقد.
- ثم سنقوم بوقف الكارت من خانة ""غلق"" بعد موافقة العميل.
وحضرتك تقدر تفعل كارت حالا مرة اخرى عن طريق التقديم على الكارت من خلال الأبلكيشن والتوجه لأحد الفروع.

ملحوظة لو الكارت اتوقف مش بنعيد فتح نفس الكارت مرة اخرى، والعميل هيحتاج يعمل كارت جديد.
- Escalation: No
- CRM: Halan Card → Request → Request to deactivate Halan Card"
1846,62d979b8dbdb5b128800503b694fc03b,0,halan,Halan,Request,Non-Technical Issue,No,ok,Request Halan card Replacement,عميل بيسأل على اصدار كارت بدل فاقد,yes,"Vertical: Halan | Type: Request | Issue: Non-Technical Issue | Escalation: No

Question EN: Request Halan card Replacement
Question AR: عميل بيسأل على اصدار كارت بدل فاقد

Script:
هيتم مراجعة الاسم ثلاثي والرقم القومي ويكون متواصل من نفس الرقم اما الاتي فيجب على العميل الاجابة علي 2 من اصل 4 اسئلة ( اخر اربع ارقام من الكارت / العنوان في البطاقه الشخصية / اخر عملية ناجحة علي الكارت / رصيد الكارت الحالي)

السيناريو الأول: في حالة العميل متكود موافقة فورية أو راتب مبكر من خلال CRM:
بيتم توجيه العميل لاحد فروع Circle K فقط المتواجد فيها مندوب حالا وإذا لم يتوفر سيكون أقرب مول ثم باقي الموافقة الفورية في الضرورة القصوى وبتكون التكلفة 100 جنيه. العمليات التي قمت بها على الكارت القديم ستكون كما هي على الكارت الجديد وكذلك رصيد الكارت.

السيناريو الثاني: في حالة العميل متكود تساهيل او مشروعي من خلال CRM:
بيتم توجيه العميل لأحد فروع تساهيل او مشروعي وبتكون التكلفة 100 جنيه. العمليات التي قمت بها على الكارت القديم ستكون كما هي على الكارت الجديد وكذلك رصيد الكارت.

في حالة سؤال العميل عن ميعاد استلام کارت بدل فاقد: موظف الفرع بيوضح لحضرتك لكن هيكون في نفس الوقت داخل الفرع.
- Escalation: No
- CRM: Halan Card → Request → Request Halan card Replacement"
1847,deaa1d8c09e952a8af198781c5982eda,0,halan,CF,Request,Non-Technical Issue,No,ok,Request to increase credit limit,عميل يريد زيادة مبلغ الكريديت,yes,"Vertical: CF | Type: Request | Issue: Non-Technical Issue | Escalation: No

Question EN: Request to increase credit limit
Question AR: عميل يريد زيادة مبلغ الكريديت

Script:
لابد من أخذ الرقم القومي لمعرفة إذا كان العميل ""موافقة فورية"" أم ""فروع"" من CRM
- في حالة العميل موافقة فورية: شركة حالا بتدرس الحالة الائتمانية لكل العملاء كل شهر وبيتم زيادة مبلغ الكريديت بناءا على الانتظام في السداد، وبيتم ارسال رسالة بقيمة الكريديت الجديد حال زيادته مع ضرورة مرور دفع 6 أقساط.
- في حالة العميل فروع: أستأذنك ممكن ترجع للفرع اللي قدمت فيه الأوراق ولو فيه امكانية هيتم تنفيذ طلبك من قبل الفرع بناءا على رد ادارة الائتمان مع ضرورة مرور دفع 6 أقساط.
- Escalation: No
- CRM: CF → Request → Request to increase credit limit"
1848,9489a7f3abb8511e8734847fe7a030ce,0,halan,Halan,Request,Technical Issue,No,ok,Request to make PIN Code (6 Digits),عميل يظهر له (تم ايقاف حسابك برجاء التواصل مع خدمة العملاء) او (حدث خطأ ما بعد ادخال باسورد الابلكيشن خطأ),yes,"Vertical: Halan | Type: Request | Issue: Technical Issue | Escalation: No

Question EN: Request to make PIN Code (6 Digits)
Question AR: عميل يظهر له (تم ايقاف حسابك برجاء التواصل مع خدمة العملاء) او (حدث خطأ ما بعد ادخال باسورد الابلكيشن خطأ)

Script:
[IMAGE: App block screen displaying alert title 'المساعدة والدعم' text message 'تم إيقاف حسابك برجاء التواصل مع خدمة العملاء' with buttons 'اتصل بنا' and exit cross.]

هيتم مراجعة الاسم ثلاثي والرقم القومي ويكون متواصل من نفس الرقم اما الاتي فيجب علي العميل الاجابة علي 2 من اصل 4 اسئلة ( اخر اربع ارقام من الكارت / العنوان في البطاقه الشخصية / اخر عملية ناجحة علي الكارت / رصيد الكارت الحالي )

بعتذر لحضرتك لكن المشكلة دي حصلت بسبب ادخال كلمة مرور غير صحيحة عدة مرات على التطبيق. وانا من خلالي هعمل اعادة ضبط لكلمة السر هستأذن حضرتك بعد المكالمة حضرتك هتكتب:
- كلمة سر جديدة 6 أرقام غير متتاليين أو متشابهين (كلمة سر الكارت على التطبيق)
- كلمة سر 4 أرقام غير متتاليين أو متشابهين (كلمة سر الكارت على ماكينات الشراء و ATM)
- تسجيل خروج ثم تسجيل دخول مرة اخرى على التطبيق

السيناريو الأول: إذا كان الرصيد ظاهر مع ضرورة اظهار رصيد الكارت على البورتال:
سيتم التأكد من عدم حظر حالا كريديت وإذا كان محظور سيتم التوضيح للعميل الفرق بين المشكلتين. (Escalation: No)

السيناريو الثاني: إذا كان الرصيد غير ظاهر:
سيتم التأكد من عدم وجود اسم العميل في Negative balance - Google Sheets وإذا كان موجود، سنوضح له القيمة الواجب ايداعها حتى يتم حل المشكلة. وفي حالة عدم وجود رصيد بالسالب أنا بعتذر لحضرتك وانا من خلالي هقدم شكوى وسيتم التواصل بحضرتك خلال 24 ساعة عمل مع اضافة الاسم بالكامل والرقم القومي وتفاصيل الشكوي في التيكت. سيتم التأكد من عدم وجود شكوى (6 Digits) او Negative Balance. (Escalation: Yes)
- Escalation: No
- CRM: Halan Card → Request → Request to make PIN Code (6 Digits)"
1849,dce5600272d4555bb7f329bf31edffb2,0,halan,Halan,Inquiry,Non-Technical Issue,No,ok,Inquiry about Offer,عميل بيستفسر عن عرض,yes,"Vertical: Halan | Type: Inquiry | Issue: Non-Technical Issue | Escalation: No

Question EN: Inquiry about Offer
Question AR: عميل بيستفسر عن عرض

Script:
سيتم توضيح العرض الخاص بكارت حالا للعميل كما موجود في شيت Merchants Promos.xlsx مع توضيح جميع التفاصيل داخل التيكيت.

مثال عرض الفائدة المخفضة (1% Interest Campaign):
الفائدة بتكون 1% عند التقسيط بإستخدام كارت حالا. مدة التقسيط شهر واحد. العميل لابد ان يكون Instant Approval ومش موجود في اي جروب تاني على ال CRM (Reduced Interest Campaign).
- Escalation: No
- CRM: Halan Card → Inquiry → Inquiry about Offer"
1850,9f14998f1fd455ca9cbeabfc6cfc90ac,0,halan,Halan,Inquiry,Non-Technical Issue,No,ok,Inquiry about triple zero on Card,عميل بيستفسر عن عرض التريبل زيرو على الكارت,yes,"Vertical: Halan | Type: Inquiry | Issue: Non-Technical Issue | Escalation: No

Question EN: Inquiry about triple zero on Card
Question AR: عميل بيستفسر عن عرض التريبل زيرو على الكارت

Script:
عرض التريبل زيرو على كارت حالا عبارة عن زيرو فوايد - زیرو رسوم - زیرو مصاريف ادارية عند استخدام الكريديت على الكارت على فترة تقسيط تصل الى 6 شهور (1 - 2 - 3 - 4 - 5 - 6 شهور).
- العرض متاح في الفترة من 13 أبريل حتى 18 أبريل.
- العرض متاح لعملاء الموافقة الفورية (Instant Approval Only) وبعض الشركات.
- العرض متاح على أول عملية Credit on Card على الكارت فقط.
- في حالة سؤال العميل متاح السداد المبكر 45 يوم.
- Escalation: No
- CRM: Halan Card → Inquiry → Inquiry about triple zero on Card"
1851,7d474de2854855dda347e6dbcabbabcc,0,halan,Halan,Inquiry,Non-Technical Issue,No,ok,Inquiry about the Cashback offer,عميل بيستفسر عن عرض الكاش باك او الكوبون,yes,"Vertical: Halan | Type: Inquiry | Issue: Non-Technical Issue | Escalation: No

Question EN: Inquiry about the Cashback offer
Question AR: عميل بيستفسر عن عرض الكاش باك او الكوبون

Script:
هيتم اخذ الرقم القومي ومعرفة من CRM اذا كان العميل فروع ام موافقة فورية مع عدم توضيح اي بيانات تخص الكارت الا في حالة مراجعة بيانات الكارت بالكامل.

عرض الكاش باك هو رجوع 100% بحد أقصى (750 جنيه) للعملاء الذين سيقومون بعمل أول عملية شراء بحالا كريديت على الكارت Credit on Card يعني العميل ميكونش عمل عمليات Credit on Card قبل كدة ولا أي معاملة كريديت في العموم سواء بالكارت أو الكريديت.
- الفترة من 1-6-2026 حتى 30-6-2026.
- فترات التقسيط من 6 شهور حتى 36 شهر.
- العرض متاح لعملاء الموافقة الفورية والشركات Instant Approval - Corporate.
- المبلغ بينزل على كارت حالا بعد غلق أيقونة ""التقسيط بكارت حالا"" وانشاء القرض.
- المبلغ بدون تاريخ انتهاء صلاحية يعني موجود على طول.
- في حالة سؤال العميل عن السداد المبكر في حالة العروض والخصومات التي يتم الاعلان عنها، يلتزم العميل في حالة السداد المبكر بسداد كامل المديونية والعوائد على إجمالي مبلغ التمويل.

عروض الكاش باك المتنوعة حسب الشيت (Daily Cashbacks on Halan Closed Loop wallet.xlsx):
- 10% cashback, capped at 2,000 EGP (When using Credit on Card)
- 20% cashback, capped at 1,000 EGP (When using Credit on Card)
هنشوف رقم موبايل العميل موجود في أنهي شيت علشان نقوله قيمة الكاش باك.
الكاش باك بينزل على محفظة التطبيق خلال 24 ساعة عمل.
- Campaign ID: Halan Credit_on_card_activation -> استمتع بكاش باك 10% بحد أقصى 1000 ج لما تدفع بالكارت أول مرة من رصيد المشتريات على محفظة حالا العرض ساري لمدة 5 أيام فقط.
- pending_activation_<=10k -> حالاً كارت مع باك كاش 10% اشتري بكارت حالاً واحصل على كاش باك 10% بحد أقصى 1000 ج لفترة محدودة فعل رصيدك العرض ساري لمدة يومين فقط.
- pending_activation_>10k -> حالاً كارت مع باك كاش 10% اشتري بكارت حالاً واحصل على كاش باك 10% بحد أقصى 2000 ج لفترة محدودة فعل رصيدك العرض ساري لمدة يومين فقط.
- Escalation: No
- CRM: Halan Card → Inquiry → Inquiry about the Cashback offer"
1852,6379d41c8b295cec99ce671c22b9182d,0,halan,Halan,Inquiry,Non-Technical Issue,No,ok,Inquiry about tap to win game,عميل بيستفسر عن لعبة Tap to win,yes,"Vertical: Halan | Type: Inquiry | Issue: Non-Technical Issue | Escalation: No

Question EN: Inquiry about tap to win game
Question AR: عميل بيستفسر عن لعبة Tap to win

Script:
بيتم اخذ الرقم القومي لمعرفة العميل اذا كان فروع ام موافقة فورية مع ضرورة عدم توضيح اي بيانات تخص الكارت الا بعد مراجعة بيانات الكارت بالكامل.
- دي لعبة داخل التطبيق اسمها Tap To Win تقدر تكسب من 20 جنيه لحد 10,000 جنيه.

الشروط:
- ان حضرتك تقوم بمعاملات شراء بالكريديت باستخدام الكارت Credit on Card بقيمة 1000 جنيه او اكثر في اليوم.
- بعد المعاملات تدخل اللعبة وبتختار كارت واحد فقط في اليوم.
- الجائزة بتنزل على الكارت مباشرة.
- متاحة لعملاء الموافقة الفورية، وعملاء الفروع محافظات (القاهرة - الجيزة - الاسكندرية) فقط.
- Escalation: No
- CRM: Halan Card → Inquiry → Inquiry about tap to win game"
1853,0385f444591559abbc9bdcfeb8363d72,0,halan,Halan,Inquiry,Non-Technical Issue,No,ok,Inquiry about Predict and Win,عميل بيستفسر عن Predict and Win,yes,"Vertical: Halan | Type: Inquiry | Issue: Non-Technical Issue | Escalation: No

Question EN: Inquiry about Predict and Win
Question AR: عميل بيستفسر عن Predict and Win

Script:
- دلوقتي تقدر تتوقع نتايج ماتشات مصر في بطولة امم افريقيا و تكسب 50 جنيه على محفظة حالا.
- آخر ميعاد لتوقع نتيجة المباراة بيكون قبل ماتش مصر ب 5 دقائق.
- في حالة التوقع صحيح، سيتم اضافة الجائزة على محفظة العميل خلال 4 ساعات عمل بعد نهاية المباراة.
- ستكون متاحة لجميع العملاء.
- Escalation: No
- CRM: Halan Card → Inquiry → Inquiry about Predict and Win"
1854,37dbdbb9000f55ad9dd97293ddef1e47,0,halan,Halan,Complain,Technical Issue,Yes,ok,Complaint about Triple zero not applied,عميل يشتكي من عدم تفعيل عرض التريبل زيرو على الكارت ونزول فوائد على الأقساط,yes,"Vertical: Halan | Type: Complain | Issue: Technical Issue | Escalation: Yes

Question EN: Complaint about Triple zero not applied
Question AR: عميل يشتكي من عدم تفعيل عرض التريبل زيرو على الكارت ونزول فوائد على الأقساط

Script:
هيتم مراجعة الاسم ثلاثي والرقم القومي ويكون متواصل من نفس الرقم اما الاتي فيجب علي العميل الاجابة علي 2 من اصل 4 اسئلة ( اخر اربع ارقام من الكارت / العنوان في البطاقه الشخصية / اخر عملية ناجحة علي الكارت / رصيد الكارت الحالي)
سیبم التأكد من عدم القيام بأي قرض Credit on Card مسبقا وأن العميل Instant Approval وفترة التقسيط تصل الى 6 شهور. وسيتم حل المشكلة خلال 7 أيام عمل.
- Escalation: Yes
- CRM: Halan Card → Complain → Complaint about Triple zero not applied"
1855,cce802fec2eb50ba9fea3763d0112de7,0,halan,Halan,Complain,Technical Issue,Yes,ok,Complaint about Not showing 3 months in triple zero offer,عميل يشتكي من عدم ظهور فترة 3 شهور أثناء تحويل الكريديت وقت عرض التريبل زيرو,yes,"Vertical: Halan | Type: Complain | Issue: Technical Issue | Escalation: Yes

Question EN: Complaint about Not showing 3 months in triple zero offer
Question AR: عميل يشتكي من عدم ظهور فترة 3 شهور أثناء تحويل الكريديت وقت عرض التريبل زيرو

Script:
هيتم مراجعة الاسم ثلاثي والرقم القومي ويكون متواصل من نفس الرقم اما الاتي فيجب علي العميل الاجابة علي 2 من اصل 4 اسئلة ( اخر اربع ارقام من الكارت / العنوان في البطاقه الشخصية / اخر عملية ناجحة علي الكارت / رصيد الكارت الحالي)

- في حالة العميل مستحق ومستوفي شروطه الفنية: سيتم التأكد من عدم القيام بأي معاملة Credit on Card مسبقا وأن العميل موافقة فورية وغير موظف في MNT Halan. (Escalation: Yes)
- في غير ذلك... سيتم توضيح السبب للعميل. (Escalation: No)
- Escalation: Yes
- CRM: Halan Card → Complain → Complaint about Not showing 3 months in triple zero offer"
1856,6dbb8ba7efa954f89ba0b5955b42c3c8,0,halan,Halan,Complain,Financial Issue,No,ok,Complaint about Predict and win prize not added to wallet,عميل يشتكي من عدم نزل مبلغ Predict and Win على المحفظة,yes,"Vertical: Halan | Type: Complain | Issue: Financial Issue | Escalation: No

Question EN: Complaint about Predict and win prize not added to wallet
Question AR: عميل يشتكي من عدم نزل مبلغ Predict and Win على المحفظة

Script:
هيتم مراجعة الاسم ثلاثي والرقم القومي ويكون متواصل من نفس الرقم اما الاتي فيجب علي العميل الاجابة علي 2 من اصل 4 اسئلة ( اخر اربع ارقام من الكارت / العنوان في البطاقه الشخصية / اخر عملية ناجحة على الكارت / رصيد الكارت الحالي)
سيتم التأكد من عدم نزول المبلغ على المحفظة بعد 4 ساعات من انتهاء ماتش مصر من خلال Admin Tool.

- في حالة تأكيد عدم النزول الفعلي: هستأذن حضرتك تبعتلنا اسكرين شوت من التطبيق ان حضرتك توقعت النتيجة صحيحة، وانا من خلالي هقدم لحضرتك شكوى وسيتم الرد خلال 24 ساعة عمل وهيتم اضافة تفاصيل الشكوي والاسم بالكامل والرقم القومي. (Escalation: Yes)
- في حالة غير ذلك يتم توضيح التفاصيل للعميل. (Escalation: No)
- Escalation: No
- CRM: Halan Card → Complain → Complaint about Predict and win prize not added to wallet"
1857,749b4179aabf50ad937c399395a87883,0,halan,Halan,Complain,Financial Issue,Yes,ok,complaint about Cashback didn't reflect on card,عميل يشتكي من عدم نزل مبلغ الكاش باك على الكارت,yes,"Vertical: Halan | Type: Complain | Issue: Financial Issue | Escalation: Yes

Question EN: complaint about Cashback didn't reflect on card
Question AR: عميل يشتكي من عدم نزل مبلغ الكاش باك على الكارت

Script:
هيتم مراجعة الاسم ثلاثي والرقم القومي ويكون متواصل من نفس الرقم اما الاتي فيجب علي العميل الاجابة علي 2 من اصل 4 اسئلة ( اخر اربع ارقام من الكارت / العنوان في البطاقه الشخصية / اخر عملية ناجحة علي الكارت / رصيد الكارت الحالي)
سيتم التأكد من يوم تفعيل حالا كريديت ويوم العملية ومكان الاستخدام وإذا كان Credit on Card ام لا.
في حالة استحقاق العميل هقدم لحضرتك شكوى وهيتم حلها في أقرب وقت. هنضيف في التيكيت المعاملة اللي منزلش عليها الكاش باك.
- Escalation: Yes
- CRM: Halan Card → Complain → complaint about Cashback didn't reflect on card"
1858,f2d94148e2ff5953aef8372daa821cd9,0,halan,Irrelevant Call,Inquiry,Non-Technical Issue,No,ok,Directed to HR Hotline,موظف حالى أو سابق داخل MNT-Halan عنده مشكلة في الأوراق أو المستحقات,yes,"Vertical: Irrelevant Call | Type: Inquiry | Issue: Non-Technical Issue | Escalation: No

Question EN: Directed to HR Hotline
Question AR: موظف حالى أو سابق داخل MNT-Halan عنده مشكلة في الأوراق أو المستحقات

Script:
دلوقتي حضرتك تقدر تتواصل مع خدمة عملاء الموارد البشرية عن طريق الأرقام التالية:
- (0248812619)
- (0223661712)
علما بأن مواعيد العمل الخاصة بهم من الساعة 10 ص حتى 7 م جمعة وسبت اجازة.
- Escalation: No
- CRM: Irrelevant Call → Inquiry → Directed to HR Hotline"
1859,4ac1dd96441753e7b3b6aef9d5d43bb2,0,halan,General,Inquiry,Non-Technical Issue,No,ok,General Info and Business Rules,معلومات عامة وقواعد العمل الخاصة بكارت حالا,yes,"Vertical: General | Type: Inquiry | Issue: Non-Technical Issue | Escalation: No

Question EN: General Info and Business Rules
Question AR: معلومات عامة وقواعد العمل الخاصة بكارت حالا

Script:
- ""كاش إت"" أصبح يمكن تحويله على كارت حالا، وعلشان نفرق بينه وبين الحد الائتماني، هنلاقي قرض اتفتح بقيمة معاملة ""كاش إت"" اللي نزلت على الكارت وبيكون اسمه CF Loan على البورتال و Cash Loan على CRM. و ""كاش إت"" دي خدمة على أبلكيشن حالا، العميل بيرفع فاتورة شراء على التطبيق وبينزل له مبلغ الفاتورة دي على الكارت يقدر يسحبه او تشتري بيه. ولازم أيقونة ""تفعيل الكريديت على الكارت تكون مقفولة"".
- الحد الأدنى للقرض Credit on Card أصبح 50 جنيه فيما أكثر ، أي أنه لا يمكن انشاء قرض بقيمة أقل من 50 جنيه.
- لابد من استلام كارت حالا عند تفعيل حالا كريديت.
- المبلغ الموجود داخل محفظة حالا يمكن استخدامه في دفع أقساط - شبكه تجار حالا ، دفع قسط حالا، شحن الرصيد، دفع فواتير، دفع اقساط متجر حالا، حالا جملة.
- في حالة ان العميل حول الليمت من التطبيق للكارت وعمل عملية بالكارت وال Toggle لسه مفتوحة، بعدها العميل عمل إيداع على الكارت من مبلغه الشخصي الخاص بيه، فقيمة العملية هتتخصم من المبلغ الكاش. او ان العميل فتح ال Toggle بعدها عمل ايداع بعدها عمل عملية، فقيمة العملية هتتخصم من المبلغ الكاش. يعني لو العميل حول 20000 من التطبيق للكارت، بعدها اشترى منتجات ب 5000 ، بعدها عمل ايداع ب 7000 وال Toggle قفلت ... ف هنلاقي ان مفيش قرض اتفتح وان العميل رجع له حالا كريديت بالكامل على الكارت، وان الايداع الخاص به قيمته اصبحت 2000.
- علشان نبقى عارفين لما نيجي نحاول نشوف رصيد العميل على الكارت والرصيد ميظهرش دا كدة معناه ان فيه مشكلة في الكارت سواء رقم سري او مشكلة اخرى.
- عند منح حالا كريديت من فروع مشروعي وتساهيل لعميل التمويل الاستهلاكي، يلزم استلام كارت حالا لتفعيل حالا كريديت الممنوح للعميل. يعني لازم العميل يستلم كارت حالا عند تفعيل حد ائتماني من فروع مشروعي وتساهيل).
- يمكن عمل الكارت لمجرد ايداع وسحب اموال منه وإليه فقط."
221,21c9f17828b653358ba95921c46e2e49,0,halan,CF,Inquiry,Non-Technical Issue,No,ok,Inquiry about Lease Loan,التمويل التأجيري,yes,"Vertical: CF | Type: Inquiry | Issue: Non-Technical Issue | Escalation: No

Question EN: Inquiry about Lease Loan
Question AR: التمويل التأجيري

Script:
التمويل التأجيري:
يتم التوضيح للعميل بالفرع الأقرب ليه للتوجه والتقديم من خلاله.
- Escalation: No
- CRM: Inquiry → → Inquiry about Lease Loan ""التمويل التأجيري"""
233,709de4045fef542bb95fec29270160a0,0,halan,CF,Inquiry,Non-Technical Issue,No,ok,Inquiry about buying heavy Equipment,عميل بيستفسر عن شراء معدات ثقيلة (بلدوزر - جرار),yes,"Vertical: CF | Type: Inquiry | Issue: Non-Technical Issue | Escalation: No

Question EN: Inquiry about buying heavy Equipment
Question AR: عميل بيستفسر عن شراء معدات ثقيلة (بلدوزر - جرار)

Script:
عميل بيستفسر عن شراء معدات ثقيلة (بلدوزر - جرار):
بنعتذر جدا لحضرتك يشترط وجود بالفعل مشروع قائم لتمويل حضرتك لكن بالنسبة للمعدات الثقيلة يوجد شراكة بين شركة تساهيل وشركة مشروعي ومن خلال مشروعي بيتم توفيرها بتقدر تتواصل معهم علي 16148 لمساعدة حضرتك في شراء المعدة وتوضيح التفاصيل.
- Escalation: No
- CRM: Inquiry → → Inquiry about buying heavy Equipment ""شراء معدات ثقيلة"""
242,d6fbf98bb3fb52e6986e645efff0fa1d,0,halan,CF,Complain,Non-Technical Issue,Yes,ok,Delay in Loan disbursement,شكوي عميل من تأخير في الصرف وتوجه للفرع اكثر من مرة,yes,"Vertical: CF | Type: Complain | Issue: Non-Technical Issue | Escalation: Yes

Question EN: Delay in Loan disbursement
Question AR: شكوي عميل من تأخير في الصرف وتوجه للفرع اكثر من مرة

Script:
شكوي عميل من تأخير في الصرف وتوجه للفرع اكثر من مرة:

السيناريو الأول (لم يتصل مرة أخرى):
هنوضح لحضرتك رقم مشرف المنطقة بتقدر تتواصل معاه في مواعيد العمل يوضح لحضرتك.
- Escalation: No
- CRM: Complaint → Non Technical → Delay in Loan disbursement ""صرف القرض""

السيناريو الثاني (في حالة اتصال العميل مرة اخري لعدم تعاون المشرف):
بيتم تقديم شكوي تأخير لحضرتك وتنتظر رد الشكوي في خلال 48 ساعة عمل.
البيانات اللازمة للشكوى: اسم العميل رباعي + الفرع + الرقم القومي + بيانات الشكوى بالتفصيل
- Escalation: Yes
- CRM: Complaint → Non Technical → Delay in Loan disbursement ""صرف القرض"""
250,fc31f49edb7f5d5295993b7c52fa4854,0,halan,CF,Complain,Non-Technical Issue,Yes,ok,Complaint of Authentic Signature,شكوي عميل من صحة التوقيع بالاوراق الخاصة به,yes,"Vertical: CF | Type: Complain | Issue: Non-Technical Issue | Escalation: Yes

Question EN: Complaint of Authentic Signature
Question AR: شكوي عميل من صحة التوقيع بالاوراق الخاصة به

Script:
شكوي عميل من صحة التوقيع بالاوراق الخاصة به:
مثال: عميل بيشتكي من رفض البنك للمخالصة او الإفادة لان التوقيع غير معتمد.
استأذن حضرتك توضحلي الرقم القومي و الاسم رباعي لتأكيد البيانات.
يتم تسجيل شكوى للعميل لاستخراج مستند اخر للعميل والمتابعة في خلال 48 ساعة عمل.
- Escalation: Yes
- CRM: Complaint → Non Technical → Complaint of Authentic Signature ""خطأ صحة التوقيع"""
252,14eb33fca1ba5d8ca6e956908932f91e,0,halan,CF,Complain,Non-Technical Issue,Yes,ok,Wrong statement details (افادة),شكوي عميل من وجود خطأ في الإفادة (بيانات الإفادة),yes,"Vertical: CF | Type: Complain | Issue: Non-Technical Issue | Escalation: Yes

Question EN: Wrong statement details (افادة)
Question AR: شكوي عميل من وجود خطأ في الإفادة (بيانات الإفادة)

Script:
شكوي عميل من وجود خطأ في الإفادة (بيانات الإفادة):
استأذن حضرتك توضحلي الرقم القومي و الاسم رباعي لتأكيد البيانات.
الفرع التابع له.
طبعا بنعتذر لحضرتك عن أي خطأ هيتم توضيح رقم مشرف المنطقة بتقدر تتواصل معاه في مواعيد العمل لمساعدة حضرتك.

السيناريو الأول (أول اتصال):
- Escalation: No
- CRM: Complaint → Non Technical → Wrong statement details (افادة)

السيناريو الثاني (في حالة التواصل مرة اخري لعدم تعاون مشرف المنطقة):
هيتم تقديم شكوي لحضرتك وتنتظر الرد في خلال 48 ساعة عمل.
- Escalation: Yes
- CRM: Complaint → Non Technical → Wrong statement details (افادة)"
262,172e2f282a7157da817bd891d6659d1d,0,halan,CF,Complain,Non-Technical Issue,Yes,ok,Complaint of lawsuit — not Tasaheel customer or guarantor,شكوي متصل من رفع عليه دعوي قضائية من خلال تساهيل وهو ليس عميل او ضامن,yes,"Vertical: CF | Type: Complain | Issue: Non-Technical Issue | Escalation: Yes

Question EN: Complaint of lawsuit — not Tasaheel customer or guarantor
Question AR: شكوي متصل من رفع عليه دعوي قضائية من خلال تساهيل وهو ليس عميل او ضامن

Script:
شكوي متصل من رفع عليه دعوي قضائية من خلال تساهيل وهو ليس عميل او ضامن:
حضرتك كنت عميل أو ضامن لتساهيل من قبل؟
حضرتك زورت الفرع من قبل؟ واية السبب؟
حضرتك تقدر تشرفنا في فرع تساهيل و هما يقدروا يساعدوا حضرتك في المشكلة.

السيناريو الأول (أول اتصال):
- Escalation: No

السيناريو الثاني (في حالة ان العميل لم يحصل علي اجابة من الفرع):
يتم تسجيل شكوى والرد في خلال 48 ساعة عمل.
البيانات المطلوبة: اسم العميل رباعي، رقم القومي، تفاصيل الشكوى.
- Escalation: Yes
- CRM: Complaint → Non Technical → Complaint of lawsuit (دعوي قضائيه) not Tasaheel customer/guarantor"
264,4027f5fee02c5546b439d31bcaafad49,0,halan,CF,Inquiry,Non-Technical Issue,No,ok,Inquiry about Seasonal Loan,عميل بيستفسر عن القرض الموسمي,yes,"Vertical: CF | Type: Inquiry | Issue: Non-Technical Issue | Escalation: No

Question EN: Inquiry about Seasonal Loan
Question AR: عميل بيستفسر عن القرض الموسمي

Script:
عميل بيستفسر عن القرض الموسمي:
قرض يتم سداد القسط الخاص به كل ٤ شهور او حسب الاتفاق مع الفرع.
معلومة ليك: و بيكون ف اغلب الوقت للمزارعين او تجار المواشي.
- Escalation: No"
281,15c8cdb53c1052b7a8baecd8dea048f8,0,halan,Gold,Inquiry,Non-Technical Issue,No,ok,How can I grantee the service,في حالة سؤال العميل عن ازاي يضمن الخدمة؟,yes,"Vertical: Gold | Type: Inquiry | Issue: Non-Technical Issue | Escalation: No

Question EN: How can I grantee the service
Question AR: في حالة سؤال العميل عن ازاي يضمن الخدمة؟

Script:
فى حالة سؤال العميل عن ازاى يضمن الخدمة؟
Gold -> Inquiry -> How can I grantee the service
شركة حالا للتمويل الاستهلاكي موجودة ف السوق من سنة 2017 , ومرخص للشركة بمزاولة نشاط التمويل الاستهلاكي. والشركة عندها اكتر من نشاط قائم ف السوق و موجودين علي التطبيق تقدر"
283,4899d0978e5656a7b0e8aead486e796e,0,halan,General,Inquiry,Non-Technical Issue,No,ok,"Inquiry about RH , Delivery","عميل يستفسر عن توصيل الافراد , الديلفرى",yes,"Vertical: General | Type: Inquiry | Issue: Non-Technical Issue | Escalation: No

Question EN: Inquiry about RH , Delivery
Question AR: عميل يستفسر عن توصيل الافراد , الديلفرى

Script:
* عميل يستفسر عن توصيل الأفراد / الديلفرى:
Inquiry about RH/Delivery <- Inquiry <- Halan
Escalation :No
انا بعتذر لحضرتك تم إيقاف خدمة توصيل الأفراد والديلفرى , حالا متخصصة حاليا في خدمات التمويل والتقسيط والمدفوعات فقط.
ملحوظة :
في حالة استقبال مكالمة شكوى من سائق انه لم يستقبل رسالة القبض؟
انا بعتذر لحضرتك، حضرتك لو ليك مستحقات سيتم ارسالها لحضرتك في أقرب وقت ممكن. (لا يتم تقديم طلب)"
285,9992b3df443c5d43bc1ef7f1adbf5bc6,0,halan,General,Request,Non-Technical Issue,Yes,ok,Customer wants to contact with Halan administration,رغبة العميل في التواصل مع أقسام إدارة حالا,yes,"Vertical: General | Type: Request | Issue: Non-Technical Issue | Escalation: Yes

Question EN: Customer wants to contact with Halan administration
Question AR: رغبة العميل في التواصل مع أقسام إدارة حالا

Script:
* رغبة العميل في التواصل مع أقسام إدارة حالا:
Customer wants to contact with Halan administration <- Request <- Halan
Escalation : Yes
اسم الشركة؟
حضرتك ممكن توضح لي القسم الذي تريد التواصل معه؟
ما الهدف من التواصل؟
تم تسجيل طلبك وارساله للقسم المختص ولو في امكانية هيتم التواصل معك
بيتم عمل التكت بكل التفاصيل اسم العميل - رقم تليفونه -اسم الشركة - القسم الذي يريد التواصل معه - الهدف من التواصل : Send to call center TL"
286,d296d0cf6ae95592a737af1ced3c390d,0,halan,General,Request,Technical Issue,No,ok,Customer wants to deactivate account,عميل يريد إيقاف حسابه في حالا (يريد اغلاق التطبيق ولا يوجد عنده حد ائتماني),yes,"Vertical: General | Type: Request | Issue: Technical Issue | Escalation: No

Question EN: Customer wants to deactivate account
Question AR: عميل يريد إيقاف حسابه في حالا (يريد اغلاق التطبيق ولا يوجد عنده حد ائتماني)

Script:
* عميل يريد إيقاف حسابه فى حالا (يريد اغلاق التطبيق ولا يوجد عنده حد ائتماني):
Customer wants to deactivate account <- Request <- Halan
Escalation :No
ممكن حضرتك تدينى فرصة اعرف ايه السبب واحاول اساعدك في حله. حضرتك ممكن تعمل تسجيل خروج من التطبيق وبذلك يكون وقفت البرنامج مؤقتا وفي نفس الوقت لم يقم بإلغاء حسابك في حالا.
* فى حالة اصراره على طلبه: سنقوم بإغلاق حسابه من جانبنا بشرط اتصاله من نفس الرقم: تم ايقاف حسابك في حالا (يتم عمل ذلك من خلال الادمن تول).
سيتم كتابة كومنت على الادمن تول :""As per customer request and called us from same No acc deactivated""
* فى حالة لم يتواصل برقم تليفونه : استاذنك تشرفنا بالاتصال بالرقم اللى مسجل بيه معانا علشان أقدم لك الطلب"
292,66e2af7e215159c686663c24e28e5fb2,0,halan,CF,Inquiry,Non-Technical Issue,No,ok,Inquiry about Halan service,عميل يستفسر عن شركة حالا,yes,"Vertical: CF | Type: Inquiry | Issue: Non-Technical Issue | Escalation: No

Question EN: Inquiry about Halan service
Question AR: عميل يستفسر عن شركة حالا

Script:
* عميل يستفسر عن شركة حالا
Halan <- Inquiry <- Inquiry about halan service
شركة حالا , هي شركة مصرية بتقدم خدمات التمويل للأفراد والشركات عن طريق تطبيق حالا .... تم انشاؤه سنة 2017 وتابع لهيئة الرقابة المالية وتقدر عن طريق تطبيق حالا تحصل علي تمويلات سواء لمشاريع او تمويل استهلاكي , تقدر تشتري منتجات كثيرة هتلاقيها علي التطبيق."
300,06bf68af68825249a1395b52fd7d0db8,0,halan,CF,Inquiry,Non-Technical Issue,No,ok,,عميل يستفسر عن قيمة حد الشراء ومدة التقسيط؟,yes,"Vertical: CF | Type: Inquiry | Issue: Non-Technical Issue | Escalation: No

Question AR: عميل يستفسر عن قيمة حد الشراء ومدة التقسيط؟
Notes: CF -> Inquiry -> Inquiry about consumer finance process
Body: CF -> Inquiry -> Inquiry about consumer finance process

Script:
* عميل يستفسر عن قيمة حد الشراء ومدة التقسيط؟ -
حد الشراء يصل إلى 500,000 بيتحدد بناء على الاستعلام الائتماني وتقدر تستخدمه في عمليات شراء حسب احتياجاتك وتسدد بالتقسيط على فترة من 6 حتى 36 شهر حسب اختيارك."
301,f122aace739a5b4893ffd56042d58166,0,halan,CF,Inquiry,Non-Technical Issue,No,ok,Inquiry about consumer finance process,عميل يستفسر عن مين اللي بيحدد مدة التقسيط؟,yes,"Vertical: CF | Type: Inquiry | Issue: Non-Technical Issue | Escalation: No

Question EN: Inquiry about consumer finance process
Question AR: عميل يستفسر عن مين اللي بيحدد مدة التقسيط؟
Notes: CF -> Inquiry -> Inquiry about consumer finance process
Body: CF -> Inquiry -> Inquiry about consumer finance process

Script:
* عميل يستفسر عن مين اللى بيحدد مدة التقسيط؟
حضرتك يا فندم اللي بتحدد فترة التقسيط المناسبة ليك وقت الشراء على مدد من 6 حتى 36شهر."
308,802b67d599135fbd888fa5390a075c7c,0,halan,CF,Inquiry,Non-Technical Issue,No,ok,Inquiry about CF limit Status,عميل يستفسر هل تم تفعيل الحد الائتماني ام لا,yes,"Vertical: CF | Type: Inquiry | Issue: Non-Technical Issue | Escalation: No

Question EN: Inquiry about CF limit Status
Question AR: عميل يستفسر هل تم تفعيل الحد الائتماني ام لا

Script:
عميل يستفسر هل تم تفعيل الحد الائتمانی ام لا
CF -> Inquiry -> Inquiry about CF limit Status
• استأذنك ممكن توضح لي الرقم اللي حضرتك مسجل به.
• سيتم التأكد من ال Admin Tool هل تم تفعيل الحد الائتماني ام لا كالآتي:
EDIT PROFILE
Rating
6275a3668b636400411dd863
Ld
SUSPEND / BLOCK
Total Trips
Customer name
SERVICES
CUSTOMER ORDERS
07 May 2022
Activation Date
Customer number
ENSURE TRANSACTIONS
SHOW CONSUMER FINANCE INFO
android-285
Client Version
rade with @vexels
لو تم تفعيل الحد الائتماني: حضرتك بالفعل تم تفعيل الحد الائتماني
• لو لم يتم تفعيل الحد الائتماني: انا بعتذر لحضرتك لم يتم تفعيل الحد الائتماني برجاء الرجوع للفرع لمساعدة حضرتك."
313,74e338abdc18586a811ce9cf18df6188,0,halan,CF,Complain,Non-Technical Issue,No,ok,Unable to show balance due to wrong ID entry,شكوى عميل حظر حسابه نتيجة ادخال الرقم القومي خطأ,yes,"Vertical: CF | Type: Complain | Issue: Non-Technical Issue | Escalation: No

Question EN: Unable to show balance due to wrong ID entry
Question AR: شكوى عميل حظر حسابه نتيجة ادخال الرقم القومي خطأ
Notes: -Escalation :No
Body: -Escalation :No

Script:
* شكوى عميل حظر حسابه نتيجة ادخال الرقم القومي خطأ:
CF -> Complaint -> Non-Technical -> Unable to show balance due to wrong ID entry
استاذن حضرتك ممكن توضح لى الرقم القومى (العميل مش محتاج يكلمنا من نفس الرقم) نقوم بأدخال اخر 4 ارقام من جهة اليمين على الادمن تول كما في الصور وإلغاء الحظر للعميل
في حالة العميل يستفسر عن الليمت لابد التواصل من نفس الرقم .
User's consumer finance data
Last four digits in ID Please enter the users last four digits in from the right end
SUBMIT
CANCEL"
321,c4dc7b411f655106b127bb9e9117029a,0,halan,CF,Complain,Non-Technical Issue,No,ok,Wrong SMS Payment reminder after paid (Appear in App),شكوى عميل من استلام رسالة تذكير دفع القسط الشهري بالرغم من تمام عملية الدفع وظهورها على التطبيق مع العميل,yes,"Vertical: CF | Type: Complain | Issue: Non-Technical Issue | Escalation: No

Question EN: Wrong SMS Payment reminder after paid (Appear in App)
Question AR: شكوى عميل من استلام رسالة تذكير دفع القسط الشهري بالرغم من تمام عملية الدفع وظهورها على التطبيق مع العميل

Script:
* شكوى عميل من استلام رسالة تذكير دفع القسط الشهرى بالرغم من تمام عملية الدفع وظهورها على التطبيق مع العميل:
CF <- Complaint <- Non-Technical <- Wrong SMS Payment reminder after paid (Appear in App)
-Escalation :No
ضرورة المراجعة مع العميل للتأكد من ان الدفع تم بشكل صحيح لقسط العميل ( من خلال جدول الأقساط يقدر يراجع هل الشهر المطلوب دفع قسطه ظاهر في القائمة أم لا ) :
- ممكن العميل يكون دفع القسط على كود 7160 وهنا هيكون شحن المحفظة وليس القسط وهيتم ابلاغه لدفع القسط من خلال المحفظة ( لازم اتأكد من وجود الرصيد علي محفظة حالا)
- أن العميل يكون دفع القسط بشكل صحيح وبالتالي القسط الشهري المطلوب مش هيكون ظاهر فى جدول الأقساط و بنبلغ العميل أن الرسالة دي بيتم ارسالها بشكل دوري كل شهر للتذكير بدفع القسط الشهري لكل العملاء."
324,df4db8d0011c5f6e8c5304baccce7325,0,halan,CF,Inquiry,Non-Technical Issue,No,ok,Inquiry about mashroey addresses,عميل يستفسر عن عناوين فرع مشروعي,yes,"Vertical: CF | Type: Inquiry | Issue: Non-Technical Issue | Escalation: No

Question EN: Inquiry about mashroey addresses
Question AR: عميل يستفسر عن عناوين فرع مشروعي

Script:
* عميل يستفسر عن عناوين فرع مشروعى
CF -> Inquiry -> Inquiry about mashroey addresses
يتم توضيح عناوين من شيت الفروع ومواعيد عملها"
334,f6a5546cfa59575ebf962ce013780384,0,halan,Commerce,Request,Non-Technical Issue,Yes,ok,Schedule delivery time,عميل يشكوا من تأخر استلام مكالمة تحديد ميعاد الاستلام أو يريد تحديد ميعاد استلام,yes,"Vertical: Commerce | Type: Request | Issue: Non-Technical Issue | Escalation: Yes

Question EN: Schedule delivery time
Question AR: عميل يشكوا من تأخر استلام مكالمة تحديد ميعاد الاستلام أو يريد تحديد ميعاد استلام

Script:
* عميل يشكوا من تأخر استلام مكالمة تحديد ميعاد الاستلام أو يريد تحديد ميعاد استلام:
لم يتعدي المهلة
بيتم التواصل مع حضرتك لتحديد ميعاد الاستلام في خلال 24 ساعة عمل من طلب حضرتك للمنتج وواضح عندي انك لم تتعدي المدة.
وحاليا هقدم لحضرتك طلب استعجال للتواصل في خلال ساعتين هيتم التواصل مع حضرتك.
Escalation: No
Commerce <- Request <- Schedule delivery time
تعدي المهلة
لم يتم الوصول للعميل
- هنتأكد ايه سبب عدم التواصل مع العميل من order notes.
- و حاليا هقدم لحضرتك طلب استعجال للتواصل في خلال ساعتين هيتم التواصل مع حضرتك (هنعمل تيكت Validation escalation).
-Escalation: No
EDIT USER DATA
ORDER NOTES
-"
339,026df37d8aa85554ba6bc9da56995357,0,halan,Commerce,Request,Non-Technical Issue,No,ok,Change the delivery time,عميل يريد تغيير ميعاد الاستلام,yes,"Vertical: Commerce | Type: Request | Issue: Non-Technical Issue | Escalation: No

Question EN: Change the delivery time
Question AR: عميل يريد تغيير ميعاد الاستلام

Script:
عميل يريد تغيير ميعاد الاستلام:
Commerce <- Request <- Change the delivery time -Escalation: No
تم تقديم طلب حضرتك لفريق التوصيل وسيتم التواصل معك لتنسيق ميعاد التسليم في خلال ساعتين .. هفتح تيكيت Validation Logistics للوجستكس تيم."
351,eb1e7425d3a35f638989767b2900fcfa,0,halan,CF,Inquiry,Non-Technical Issue,No,ok,Branches Addresses,عميل بيسأل علي فرع مشروعي او تساهيل,yes,"Vertical: CF | Type: Inquiry | Issue: Non-Technical Issue | Escalation: No

Question EN: Branches Addresses
Question AR: عميل بيسأل علي فرع مشروعي او تساهيل

Script:
*عميل بيسأل على فرع مشروعى / تساهيل:
تقدر توضح للعميل المواعيد الخاصة بالفروع وتوضيح عنوان اقرب فرع للعميل من خلال شيت الفروع."
355,f57fce3d946e5cda84c1ddc665539bdc,0,halan,CF,Complain,Technical Issue,Yes,ok,Unable to purchase a specific product,عميل لا يستطيع شراء منتج محدد معين,yes,"Vertical: CF | Type: Complain | Issue: Technical Issue | Escalation: Yes

Question EN: Unable to purchase a specific product
Question AR: عميل لا يستطيع شراء منتج محدد معين

Script:
* عميل لا يستطيع شراء منتج محدد/معين:
CF -> Complaint -> Technical -> Unable to purchase a specific product
Escalation : Yes
عميل لا يستطيع شراء منتج محدد / معين
Admin Tool
براجع مع العميل اخر اربع ارقام من البطاقة
لو العميل ظهرلي انه Blocked
لو المبلغ كافي لشراء منتج واكثر من 500 جلية
- انترنت /GPS - تسجيل خروج ودخول مرة ثانية - تحديث التطبيق
يوضح للعميل يرجع للفرع لأن دة بيكون من جانب الإدارة الانتهائية
والمشكلة الحلت (NO)
لو المشكلة لسة موجودة (Yes)
Escalation needed: (NO)"
356,e96be1b7ad3d5cbab2c544211e09e8b6,0,halan,CF,Complain,Technical Issue,Yes,ok,Limit didnt appear on the app,شكوى عميل من عدم ظهور الحد الائتماني على التطبيق,yes,"Vertical: CF | Type: Complain | Issue: Technical Issue | Escalation: Yes

Question EN: Limit didnt appear on the app
Question AR: شكوى عميل من عدم ظهور الحد الائتماني على التطبيق

Script:
شكوى عميل من عدم ظهور الحد الائتمانى على التطبيق:
CF -> Complaint -> Technical -> Limit didn't appear on the app
Escalation: Yes
شكوى عميل من عدم ظهور الحد الائتماني على التطبيق
Admin Tool ""Consumer Finance Info""
لو المبلغ ظاهرى على Admin Tool مراجع معاد أخر اربع ارقام من البطاقة
لو المبلغ مش طاهرلى على Admin Tool
يوضح للعميل انه ليس لدية حد الثماني ويقدر يقدم على طلب حد التمائى لو مش مقدم
تر العميل محطور وظهرفى كلمة RELEASE LOCK
لو العميل عش محظور
(NO)
- انترنت - تسجيل خروج ودخول مره ثانية - يتأكد إن الرقم القومي صح
باك الحظر للعميل
لو المشكلة لسة موجودة (Yes)
لو المشكلة الحات (NO)
(NO)
ملحوظة :- المبلغ اللي ظاهر للعميل على التطبيق هودة المبلغ اللي متاح للاستخدام بدون أى شرط بحد أدنى 500 جنية"
357,d684c2b5ac3659f099eb9659fd69497c,0,halan,CF,Complain,Non-Technical Issue,Yes,ok,Login issue (Forgot password),تاجر يواجه مشكلة في تسجيل الدخول,yes,"Vertical: CF | Type: Complain | Issue: Non-Technical Issue | Escalation: Yes

Question EN: Login issue (Forgot password)
Question AR: تاجر يواجه مشكلة في تسجيل الدخول

Script:
*تاجر يواجه مشكلة فى تسجيل الدخول:
Halan <- Complaint <- Non-Technical <- Login issue (Forgot password)
غير متذكر كلمة المرور
1
بسأله على Username والرقم المكود به معنا
2
يقدم طلب لإعادة ضبط الرقم السري وبيتم التواصل خلال 24 ساعة عمل.
-Escalation :Yes
مشكله في تسجيل الدخول
بيستخم تطبيق التجار
بيستخدم الموقع (Website)
1
1
تأكد من توصيل الانترنت
تأكد من توصيل الانترنت
2
2
تاكد من تنزيل اخر تحديث للتطبيق
تاكد من تنزيل اخر تحديث للتطبيق
3
في حالة استمرار المشكله .. بيتم تقديم طلب للدعم الفني وبسأله على Username والرقم المكود به معنا
-Escalation :Yes"
363,791786c26a49531e906956aa817e5f05,0,halan,CF,Inquiry,Technical Issue,Yes,ok,Inquiry about statement details,تاجر يستفسر عن كشف حسابه,yes,"Vertical: CF | Type: Inquiry | Issue: Technical Issue | Escalation: Yes

Question EN: Inquiry about statement details
Question AR: تاجر يستفسر عن كشف حسابه

Script:
*
• تاجر يستفسر عن كشف حسابه
CF <- Inquiry <- Inquiry about statement details
1 - حضرتك تقدر تدخل علی الابلکیشن باسم المستخدم وكلمة المرور الخاصة بیك.
2 - وتختار ايقونة المعاملات وتکتب المدة اللي حضرتك تريد الاستعلام عنها.
3 - وتضغط بحث وسیتم اظهار كشف الحساب للمده المختارة.
1
|+ تسجيل الخروج الأحد، ٢٩ يناير ٢٠٢٣ لوحة التحكم
عملية شراء جديدة
U =
ادخل الرقم القومي للعميل. واحسب قيمة الأقساط لإتمام عملية الشراء
الرقم القومى
تحقق
<
٧
إضافة عميل جديد
2
٢ - تسجل الحروب
المعاملات
2022-06-01
بيت
المبالغ المستحق
نسبة الخصم
المبلغ التمويني
المقدم
اسم العميل
إجمالي المبلغ المستحق خلال الفترة المحددة
اسم العميل
لمدار
المبلغ
ـية
أجهزة منزلية-مسافات
30/11/2022
مخصـ
33.0
14444
اموز+ منزابا سطلات
M4
عبد الحميد
1901.2
أجهزة منزلية
٠
عدد الحاج
2023-41-29
2022-04-01
التسوية مع
رقم المعاملة
تاريخ المعاملة
المعاملات
التسوية مو داد
أكرم المعاملة
رقم المحاماة
السيد
30/11/2022
أجهزة منزلية ندبات
القرى
2023-01-29 -"
365,24ae5b763d7b5400ab387aedd9d6df22,0,halan,CF,Request,Non-Technical Issue,Yes,ok,Requesting Marketing materials,تاجر يريد عمل دعاية عن طريق لافتة –لوجو,yes,"Vertical: CF | Type: Request | Issue: Non-Technical Issue | Escalation: Yes

Question EN: Requesting Marketing materials
Question AR: تاجر يريد عمل دعاية عن طريق لافتة –لوجو

Script:
* تاجر يريد عمل دعاية عن طريق لافتة -لوجو:
CF <- Request <- Requesting Marketing materials
Escalation : Yes
سيتم إرسال طلب حضرتك وسيتم التواصل مع حضرتك فى خلال 48 ساعة عمل"
366,62ee08faa53554feac7414ec16a4f650,0,halan,Commerce,Complain,Non-Technical Issue,Yes,ok,Vendor cant return the product,تاجر لا يستطيع استرجاع منتج,yes,"Vertical: Commerce | Type: Complain | Issue: Non-Technical Issue | Escalation: Yes

Question EN: Vendor cant return the product
Question AR: تاجر لا يستطيع استرجاع منتج

Script:
* تاجر لا يستطيع استرجاع منتج:
Commerce <- Complaint <- Non-Technical <- Vendor can't return the product
حضرتك بتكتب الرقم القومي الخاص بالعميل وسيتم ظهور خانتين (عملية جديدة - استرجاع معاملة).
سيتم الضغط على استرجاع معاملة: (مع العلم ان خانة استرجاع معاملة بتظهر للتاجر من تاريخ الشراء الى 7 ايام فقط) ٠
-Escalation :No
• في حالة عدم ظهور خانة استرجاع معاملة: تم تقديم طلب لحضرتك وسيتم التواصل مع حضرتك في خلال 48 ساعة عمل .
Escalation :Yes
سيتم التوضيح في التكت
- رقم الهاتف الخاص بالعميل
- سبب استرجاع المنتج
- رقم الهاتف الخاص بالتاجر المسجل به معنا"
373,72fa089ee92b5cfea90e36b90d715346,0,halan,Pay,Complain,Non-Technical Issue,No,ok,"Wallet issue , Fraud case","شكوى عميل بأنه تعرض لعملية نصب , استفسار عميل عن سبب ايقاف حسابه",yes,"Vertical: Pay | Type: Complain | Issue: Non-Technical Issue | Escalation: No

Question EN: Wallet issue , Fraud case
Question AR: شكوى عميل بأنه تعرض لعملية نصب , استفسار عميل عن سبب ايقاف حسابه

Script:
* شكوى عميل بأنه تعرض لعملية نصب - استفسار عميل عن سبب ايقاف حسابه
Pay <- Complaint <- Financial <- Wallet issue :Fraud case
Escalation: No
(Ctrl) -
في حالة عميل استقبل مكالمة من شخص محتال /نصاب وطلب منه عمل ايداع لشركة حالا وبالفعل قام بعمل ايداع وأبلغه
العميل بكود التفعيل الخاص به .
انا بعتذر لحضرتك جدا على الموقف اللي حضرتك اتعرضتله بس حابب اوضح لحضرتك مشاركة كود التفعيل الخاص بك مع اى شخص اخرممكن تعرض حضرتك لعمليات نصب حيث يعتبر الكود سرى جدا وخاص بحضرتك فقط ولا يجب مشاركته مع اى حد.
حضرتك ممكن من خلال التطبيق تعرف كل المعاملات المالية اللى تمت.
لو المبلغ مازال موجود في محفظة العميل والعميل بيتواصل معنا من نفس الرقم: سيتم غلق الحساب وبعد فترة ممكن حضرتك تشرفنا بالاتصال مرة اخري لفتح الحساب حتى نتمكن من الحفاظ على مبلغ حضرتك وتقدر تستخدم المبلغ في أي خدمة دفع متاحة على التطبيق. ( لازم العميل بيكون بيكلمنا من نفس الرقم)."
374,548398f2000d5ccd8e714600d565269c,0,halan,Pay,Inquiry,Non-Technical Issue,No,ok,Inquiry about How to pay installment using credit or debit card,استفسار بخصوص تفاصيل وحالة أخر عملية دفع من خلال بطاقة الائتمان,yes,"Vertical: Pay | Type: Inquiry | Issue: Non-Technical Issue | Escalation: No

Question EN: Inquiry about How to pay installment using credit or debit card
Question AR: استفسار بخصوص تفاصيل وحالة أخر عملية دفع من خلال بطاقة الائتمان

Script:
* استفسار بخصوص تفاصيل وحالة أخر عملية دفع من خلال بطاقة الائتمان:
Pay <- Inquiry <- Inquiry about How to pay installment using credit or debit card
يمكنك الدخول على المعاملات السابقة من خلال التطبيق
وفي حالة اصرار العميل على معرفة المعاملة السابقة : سيتم توضيح التفاصيل. "" ولابد من تواصل العميل بنفس الرقم المسجل به ""
نقوم ب اختيار بطاقة الائتمان من خلال ال Admin Tool مع نوع المعاملة CF بالتقسيط لمعرفة المعاملات التي قام بها المستخدم لدفع أقساطه باستخدام بطاقة الائتمان هي:"
375,ecb8909abc4453e4aff8eb92b410cb70,0,halan,Pay,Complain,Non-Technical Issue,No,ok,Credit or Debit payment Failed,شكوى العميل بخصوص فشل عمليه دفع ببطاقة الائتمان,yes,"Vertical: Pay | Type: Complain | Issue: Non-Technical Issue | Escalation: No

Question EN: Credit or Debit payment Failed
Question AR: شكوى العميل بخصوص فشل عمليه دفع ببطاقة الائتمان

Script:
شكوى العميل بخصوص فشل عملية دفع ببطاقة الائتمان
Pay <- Complaint <- Technical <- Credit or Debit payment Failed
يعتذر لحضرتك على المشكلة , هقوم بمراجعة الحساب الخاص بيك لمعرفة سبب المشكلة
ولابد من تواصل العميل بنفس الرقم المسجل به
نقوم ب اختيار بطاقة الائتمان من خلال ال Admin Tool مع نوع المعاملة CF بالتقسيط لمعرفة المعاملات التي قام بها المستخدم لدفع أقساطه باستخدام بطاقة الائتمان هي:
فشل الدفع (Payment Failed): فشل الدفع ببطاقة الائتمان ولم يتم تسوية القسط
- واضح من خلالى يا فندم أن للأسف عملية الدفع فشلت وبالتالى ما ظهرتش في الحساب الخاص بحضرتك ، برجاء إعادة المحاولة مرة أخري من خلال التطبيق""
فشلت التسوية (Settlement Failed): نجحت عملية الدفع ببطاقة الائتمان، ولكن لم يتم إجراء التسوية
-""واضح من خلالى يا فندم أن عملية الدفع بالبطاقة نجحت بس ما حصلش تسوية على الحساب هيتم عمل شكوي لحضرتك وحلها فى خلال 24 ساعه""
نجحت التسوية (Settlement Success): نجحت عملية الدفع ببطاقة الائتمان وتم إجراء التسوية -""واضح من خلالى يا فندم أن عملية الدفع ببطاقة الائتمان نجحت وان عملية التسوية على الحساب تمت بشكل سليم»
رد عملية الدفع ببطاقة الائتمان (Payment Refunded): تم الدفع بنجاح ثم تم ردها لبطاقة الائتمان بنجاح
-""واضح من خلالى يا فندم أن عملية الدفع ببطاقة الائتمان نجحت وان رد المبلغ للبطاقة تم بشكل سليم""
فشل استرداد المبلغ (Refund Failed): نجحت عملية الدفع ببطاقة الائتمان وتم ردها للبطاقة، ولكن حدث فشل في الاسترداد.
-""واضح من خلالى يا فندم أن عملية الدفع ببطاقة الائتمان نجحت وان رد المبلغ للبطاقة للأسف فشل وبالتالي هقدم لحضرتك شكوى للقسم المختص وهيتم الرد بحلها فى خلال 24ساعه ""
Action Log
Transaction History
GE
Transaction Type* CF Installments
Payment Method ""
End Date"" 11/20/2023
Transaction
Payment Miershod
Hobile Number
Statur
Amount
Fees
Amount
Transaction Date
Trermaction Refrence
Start Date 11/01/2023
Credit Card
Transaction
0-0 of 0
Rows per page: 10w"
376,8bc8ede48b375a418282a1c596baf0b6,0,halan,Pay,Complain,Non-Technical Issue,No,ok,failed transaction-cst side issue,استفسار عميل عن عدم إتمام أي من خدمات دفع حالا,yes,"Vertical: Pay | Type: Complain | Issue: Non-Technical Issue | Escalation: No

Question EN: failed transaction-cst side issue
Question AR: استفسار عميل عن عدم إتمام أي من خدمات دفع حالا

Script:
* استفسار عميل عن عدم إتمام أى من خدمات دفع حالا
Pay <- Complaint <- Financial <- failed transaction-cst side issue Escalation: No
• في حالة رصيد العميل لا يكفي لإتمام العملية: بعتذر جدا لحضرتك واضح قدامى رصيدك في المحفظة لا يكفي لإتمام العملية.
• في حالة عميل يدخل البيانات المطلوبة بشكل خطأ: استأذنك تتدخل البيانات المطلوبة بشكل صحيح مثل رقم الاشتراك ورقم الموبايل ولا يتم التوضيح الرقم للعميل إلا إذا كان متصل من نفس الرقم.
*الحد الشهرى والحد اليومى :
لا يوجد حد شهري او یومي لدفع الفواتیر."
378,bb33051938e65291958f9ad1cf3ab314,0,halan,General,Inquiry,Non-Technical Issue,No,ok,Tasaheel WhatsApp,رقم الواتساب الخاص بتساهيل,yes,"Vertical: General | Type: Inquiry | Issue: Non-Technical Issue | Escalation: No

Question EN: Tasaheel WhatsApp
Question AR: رقم الواتساب الخاص بتساهيل
Notes: حضرتك تقدر تبعتهالنا علي رقم الواتساب 01050573090
Body: حضرتك تقدر تبعتهالنا علي رقم الواتساب 01050573090

Script:
01050573090"
379,8059cc5f6162538693dd787672474815,0,halan,Pay,Inquiry,Non-Technical Issue,No,ok,Inquiry about previous Transaction,عميل يستفسر عن معاملة سابقة قام بها,yes,"Vertical: Pay | Type: Inquiry | Issue: Non-Technical Issue | Escalation: No

Question EN: Inquiry about previous Transaction
Question AR: عميل يستفسر عن معاملة سابقة قام بها

Script:
*
عميل يستفسر عن معاملة سابقة قام بها:
Pay <- Inquiry <- How to check previous Transaction
يمكنك الدخول على المعاملات السابقة من خلال التطبيق
وفي حالة اصرار العميل على معرفة المعاملة السابقة :
سيتم التوضيح له التفاصيل
"" ولابد من تواصل العميل بنفس الرقم المسجل به ""
= حالا
0.0 *
Radwan
01063325515
بيانات حسابي
<
٥ محفظتي
٥٥ المعاملات السابقة <
٧
٣ طلباني السابقة
<
العناوين المسجلة
الإعدادات
8 تعديل بياناتي الشخصية <
٢ الشروط والأحكام
<
لغة التطبيق
<"
384,dc86cffe6a8a51089f043e12c47b7c0b,0,halan,Pay,Complain,Non-Technical Issue,Yes,ok,Salary lending service is disable,شكوى أخصائي من ايقاف خدمة الراتب المبكر,yes,"Vertical: Pay | Type: Complain | Issue: Non-Technical Issue | Escalation: Yes

Question EN: Salary lending service is disable
Question AR: شكوى أخصائي من ايقاف خدمة الراتب المبكر

Script:
شكوى أخصائى من ايقاف خدمة الراتب المبكر: *
Pay <- Complaint <- Non-Technical <- Salary lending service is disable
-Escalation:No
حل المشكلة عن طريق الرجوع الي قسم الموارد البشريه الخاصه بشركته."
387,fee77a8df26051f5a465486e36c9c1e0,0,halan,Pay,Inquiry,Non-Technical Issue,No,ok,How to pay a bill,أخصائي يستفسر عن كيفية دفع فاتورة,yes,"Vertical: Pay | Type: Inquiry | Issue: Non-Technical Issue | Escalation: No

Question EN: How to pay a bill
Question AR: أخصائي يستفسر عن كيفية دفع فاتورة

Script:
* أخصائى يستفسر عن كيفية دفع فاتورة
Pay <- Inquiry <- How to pay a bill
فى حالة ان الأخصائى لم ينشئ حساب في حالا: استأذنك تنزل التطبيق وحضرتك تقدر تشحن فاتورة من خلاله
شحن اتصالات
٨
٨
موبايل وإنترنت
٨
ـحالا
استخدم رقمي المسجل
فيتذ إنترنت
ارضوماك خدمات الدفع
في 01112235540
موبايل
فتة مجال والكليات
(٢) طاعات طبية
المالات
١٦ خط أرضى
خدمات الدفع
فاتورة اتصالات
مشور ماد عروض من خالد
عبى لكل؟
شحن اتصالات
البالى الضريبة
طائلة فييتي الجميلة سعلت LE٥ مشتر
4140 جيد الجسدية
شحن الصالات ٨
تفاصيل الفاتورة
وراء درازعة التفاصيل التالية قبل الاستعراض
شحن الحالات
D
رقم المجان
سا جليه
الشاعر الغراء القمة
محفظة حاط
طريقة المشي
البيت العملية رقم: 503719529756 بواسريع في داخلي
نظيف الخطة
سط جنيه
تمر الدفع من خلال
طريقة الدفع
محفظة ماط
ثم
ثم إضافة 5 قرعة على عمله الحياة صالحة لمدة ٥ أيام كلم
تفاصيل الفاتورة
لقاء مرجمة المستحيل التالية قبل السعدي
31
سكر ويحكت
● رقم اخر
الحالات"
388,8d490eebeeb0504d8361f7c7f5ff588f,0,halan,Pay,Inquiry,Non-Technical Issue,No,ok,How to check the previous transactions,أخصائي يستفسر عن كيفية الدخول على المعاملات السابقة,yes,"Vertical: Pay | Type: Inquiry | Issue: Non-Technical Issue | Escalation: No

Question EN: How to check the previous transactions
Question AR: أخصائي يستفسر عن كيفية الدخول على المعاملات السابقة

Script:
* أخصائى يستفسر عن كيفية الدخول على المعاملات السابقة
Pay <- Inquiry <- How to check the previous transactions
يمكنك الدخول على المعاملات السابقة من خلال
= حالا
0.0 *
Radwan
01063325515
بيانات حسابي
<
٥ محفظتي
50 المعاملات السابقة <
٣ طلباني السابقة
العناوين المسجلة
<
الإعدادات
8 تعديل بياناتي الشخصية <
® الشروط والأحكام
<
لغة التطبيق
٧"
389,58636917368b556d8f2d56dae5e8baf7,0,halan,Pay,Inquiry,Non-Technical Issue,No,ok,Inquiry about the LO bill payment service process,أخصائي يستفسر عن خدمة شحن الفواتير من خلال برنامج الأخصائي,yes,"Vertical: Pay | Type: Inquiry | Issue: Non-Technical Issue | Escalation: No

Question EN: Inquiry about the LO bill payment service process
Question AR: أخصائي يستفسر عن خدمة شحن الفواتير من خلال برنامج الأخصائي

Script:
* أخصائى يستفسر عن خدمة شحن الفواتير من خلال برنامج الأخصائي
Pay <- Inquiry <- Inquiry about the LO bill payment service process
* حضرتك بتحمل تطبيق حالاً وإنشاء حساب جديد. وحضرتك بتتدفع فاتورة أو بتشحن رصيد لتجربة الخدمة.
حضرتك بتعرف المبلغ الذى تقوم بتسديده عندما تجد الرصيد اقل من ١٥٠٠ وهو ما يجب عليك تسديده بالكامل للصراف ويمكنك إستعمال الخدمة إلى أن يصل الحساب الى 0 أول ما يتم سداد المبلغ للصراف سيتم رجوع الرصيد إلى ١٥٠٠.
* اذا لم يتم التسديد الفوري، سيتم خصم المبلغ بالكامل من مرتبك الشهر القادم + المصاريف الإدارية لذلك يجب عمل تسوية مع الصراف كل ٣ أيام عمل.
؟ تستطيع حضرتك القيام بعدد لانهائي من عمليات الشحن طالما يقوم بالتسديد أول بأول.
العمولة بتنزل يوم 5 من كل شهر عند تحقيق مستهدف 2000 جنيه. وبتنزل لحضرتك على التطبيق فيمكن الاستفادة منها لشحن أكترو العمولة تحتسب 20 % من تكاليف الخدمة. وهي متغيرة من خدمة لأخرى."
390,4ec7c3f52bd6523da605e6632defde26,0,halan,Pay,Request,Non-Technical Issue,Yes,ok,Wants to Activate the LO bill payment service,أخصائي يريد تفعيل  تنشيط خدمة شحن الفواتير من خلال برنامج الأخصائي,yes,"Vertical: Pay | Type: Request | Issue: Non-Technical Issue | Escalation: Yes

Question EN: Wants to Activate the LO bill payment service
Question AR: أخصائي يريد تفعيل  تنشيط خدمة شحن الفواتير من خلال برنامج الأخصائي

Script:
* أخصائى يريد تفعيل / تنشيط خدمة شحن الفواتير من خلال برنامج الأخصائى
Pay <- Request <- Wants to Activate the LO bill payment service
Escalation:Yes
تم تقديم طلب حضرتك وسيتم تفعيل الخدمة في أقرب وقت ممكن."
391,8b8a62f994ee582682a9fe5b5c960300,0,halan,Pay,Request,Non-Technical Issue,No,ok,Wants to deactivate the LO bill payment service,أخصائي يريد إيقاف خدمة شحن الفواتير من خلال برنامج الأخصائي,yes,"Vertical: Pay | Type: Request | Issue: Non-Technical Issue | Escalation: No

Question EN: Wants to deactivate the LO bill payment service
Question AR: أخصائي يريد إيقاف خدمة شحن الفواتير من خلال برنامج الأخصائي

Script:
* أخصائى يريد إيقاف خدمة شحن الفواتير من خلال برنامج الأخصائى
Pay <- Request <- Wants to deactivate the LO bill payment service
-Escalation:No
ممكن اعرف هل في أي مشكلة بتقابل حضرتك؟ (هيتم مساعدة العميل)
حضرتك مش محتاج تلغى الخدمة لانى الخدمة مجانا ولما تحتاج تستخدمها هتكون متاحة للاستخدام."
393,be3a29f8c7a85389a9e943bd71a1a89c,0,halan,Pay,Request,Non-Technical Issue,Yes,ok,Wants to Activate the LO bill payment service,صراف يريد تفعيل  تنشيط خدمة شحن الفواتير,yes,"Vertical: Pay | Type: Request | Issue: Non-Technical Issue | Escalation: Yes

Question EN: Wants to Activate the LO bill payment service
Question AR: صراف يريد تفعيل  تنشيط خدمة شحن الفواتير

Script:
* صراف يريد تفعيل / تنشيط خدمة شحن الفواتير
Pay <- Request <- Wants to Activate the LO bill payment service
Escalation:Yes
تم تقديم طلب ولو في امكانية سيتم تفعيل - تنشيط الخدمة في خلال 48 ساعة عمل ."
394,1a4f8b1f98a25f74b58e5adb5d35dd12,0,halan,Pay,Inquiry,Non-Technical Issue,No,ok,Inquiry about the LO bill payment service process,صراف يستفسر عن خدمة شحن الفواتير من خلال برنامج الأخصائي,yes,"Vertical: Pay | Type: Inquiry | Issue: Non-Technical Issue | Escalation: No

Question EN: Inquiry about the LO bill payment service process
Question AR: صراف يستفسر عن خدمة شحن الفواتير من خلال برنامج الأخصائي

Script:
* صراف يستفسر عن خدمة شحن الفواتير من خلال برنامج الأخصائى
Pay <- Inquiry <- Inquiry about the LO bill payment service process
* حضرتك بتحمل تطبيق حالاً وإنشاء حساب جديد.
* ستجد خدمة تحويل الأموال إلى هتخليك تعرف تحول رصيد للأخصائيين إلى بيوردها في الفرع وتسليمها لك.
* يجب أن تقوم بمتابعة الرصيد السالب للأخصائيين فى فرعك وحتهم على التسديد أول بأول والعمولة حضرتك بتحتسب مع التوريد المعتاد الخاص بتساهيل.
* عليك التوجه إلى البنك لتوريد المبلغ كامل لحساب تساهيل وترسل صورة الإيصال المحاسبى شركة تساهيل زي ما بتورد فلوس تساهيل وتُخطر انها فلوس حالاً لان إذا لم يتم التسديد الفوري، سيتم خصم المبلغ بالكامل من مرتبك الشهر القادم + المصاريف الإدارية.
*كيفية استخدام خدمة التحويل المالي:
عند أول إستخدام للتحويل، سيتطلب خلق رقم سري، بعد ذلك سيستخدم هذا الرقم في أي تحويل
سيدي
تحويل مالي
تحويل مالي
الصر التحويق بنوكر
تحويلمالى
-----
ـحاف الوسط اله
اجمال كود الأمان لتنفيذ التحويق شطب المتر المصرية
عم الواق السؤال
ارسال السجال
3
العين وحق الأعلى
تعيين وحض الأعلى
تعيين رمز الأمان
تأكيد رمز الأمان
قرص من ٢ الكار المارة الملك
ادخل الكود المرسل اليك بواجمال عبد الباده الحبيب الى كم بدايات الصدر
ارسال الاموال
000000
1
تويمن الباد عبد الحبة تحديد
ايسل الحب
٠٠
خدمات الدفع
عين رمز الأعان الخاص بك سوف يقع أبطال الود فى الى كر معاك السط الصا فى :٥٠
P"
395,d2c4281a90595a9a9d90cc7e16abbf0e,0,halan,CF,Request,Non-Technical Issue,No,ok,Wants to deactivate the LO bill payment service,صراف يريد إيقاف خدمة شحن الفواتير,yes,"Vertical: CF | Type: Request | Issue: Non-Technical Issue | Escalation: No

Question EN: Wants to deactivate the LO bill payment service
Question AR: صراف يريد إيقاف خدمة شحن الفواتير

Script:
* صراف يريد إيقاف خدمة شحن الفواتير:
Pay <- Request <- Wants to deactivate the LO bill payment service
-Escalation:No
ممكن اعرف هل في اى مشكلة بتقابل حضرتك؟ ( هيتم مساعدة العميل )
حضرتك مش محتاج تلغى الخدمة لان الخدمة مجانا ولما تحتاج تستخدمها هتكون متاحة للاستخدام."
396,43df0bc12bd95e7f89c242947bf86d99,0,halan,CF,Complain,Financial Issue,No,ok,Wrong Deposit in wallet instead of CF installment,عميل قام بالإيداع فى المحفظة بدلآ من قسط الحد الائتماني,yes,"Vertical: CF | Type: Complain | Issue: Financial Issue | Escalation: No

Question EN: Wrong Deposit in wallet instead of CF installment
Question AR: عميل قام بالإيداع فى المحفظة بدلآ من قسط الحد الائتماني

Script:
* عميل قام بالإيداع فى المحفظة بدلاً من قسط الحد الائتمانى:
CF <- Complaint <- Financial <- Wrong Deposit in wallet instead of CF installment
Escalation:No
(Ctrl)
حضرتك تقدر تسدد القسط الخاص بيك عن طريق المحفظة و يتم توضيح الخطوات للعميل."
398,de127ba833965d378bdf1e8dd5b4f034,0,halan,Pay,Inquiry,Non-Technical Issue,Yes,ok,How to check the previous transactions,أخصائي لا يستطيع الدخول على المعاملات السابقة,yes,"Vertical: Pay | Type: Inquiry | Issue: Non-Technical Issue | Escalation: Yes

Question EN: How to check the previous transactions
Question AR: أخصائي لا يستطيع الدخول على المعاملات السابقة

Script:
* أخصائى لا يستطيع الدخول على المعاملات السابقة:
Pay -> Inquiry -> How to check the previous transactions
اخصائي لا يستطيع الدخول علي المعاملات السابقة
- ممكن تسجل خروج من التطبيق وتسجل دخول مره تانية - ممكن تحدث التطبيق
لو المشكلة اتحلت (NO)
لو المشكلة لسه موجودة (Yes)"
399,db1629e16b685dfa821da62c539d5772,0,halan,Pay,Complain,Financial Issue,Yes,ok,Specialist paid a bill and the bill hasnt paid,أخصائي قام بدفع الفاتورة ولم يتم دفع الفاتورة,yes,"Vertical: Pay | Type: Complain | Issue: Financial Issue | Escalation: Yes

Question EN: Specialist paid a bill and the bill hasnt paid
Question AR: أخصائي قام بدفع الفاتورة ولم يتم دفع الفاتورة

Script:
*أخصائى قام بدفع الفاتورة ولم يتم دفع الفاتورة:
Pay -> Complaint -> Financial -> Specialist paid a bill and the bill hasn't paid
أخصائي قام بدفع الفاتورة ولم يتم دفعها
Admin Tool
لو العملية Failed بوضح للأخصائي يرجع للشركة علشان يتأكد أدفعت اولا
لو العملية Success بوضح للأخصائي يرجع للشركة
Pending يضغط عليها
لو نجحت (NO)
لو فشلت (Yes)
لو بقت Success ببلغ العميل ان العملية تمت بنجاح
لو مازالت Pending
لو نجحت (NO)
لو فشلت (Yes)
(NO)
(Yes)
لو العملية مش ظهرالي علي Admin Tool بوضح للعميل يبعت اسكرين علي رقم الواتساب 01556003709 وبقدم طلب للعميل (Yes)"
401,9553d73b6fe45b25908eafe5be5926c7,0,halan,Pay,Complain,Technical Issue,No,ok,Cant pay a bill,أخصائي لا يستطيع دفع فاتورة,yes,"Vertical: Pay | Type: Complain | Issue: Technical Issue | Escalation: No

Question EN: Cant pay a bill
Question AR: أخصائي لا يستطيع دفع فاتورة

Script:
* أخصائى لا يستطيع دفع فاتورة:
Pay -> Complaint -> Technical -> Can't pay a bill
أخصائي لا يستطيع دفع الفاتورة
لو مشكلة خاصة بالعميل
لو مشكلة عامة
بتأكد ان المبلغ اللي في المحفظة مع العميل كافي لدفع الفاتورة
Yes
لو المبلغ کافي ومفیش مشكلة في فوري
لو المبلغ غير كافي
بوضح للعميل يجرب مرة تانية من مكان تاني
بوضح للعميل ان المبلغ غير كافي
NO
NO"
403,469def15834050d884b712e0dad63838,0,halan,Pay,Complain,Financial Issue,Yes,ok,Amount deducted from his wallet and didnt transfer to LO wallet,صراف يشكو ان تم خصم المبلغ من المحفظة ولم يتم تحويل المبلغ الى محفظة الأخصائي,yes,"Vertical: Pay | Type: Complain | Issue: Financial Issue | Escalation: Yes

Question EN: Amount deducted from his wallet and didnt transfer to LO wallet
Question AR: صراف يشكو ان تم خصم المبلغ من المحفظة ولم يتم تحويل المبلغ الى محفظة الأخصائي

Script:
* صراف يشكو ان تم خصم المبلغ من المحفظة ولم يتم تحويل المبلغ الى محفظة الأخصائى:
Pay -> Complaint -> Financial -> Amount deducted from his wallet and didn't transfer to LO wallet
صراف يشكوان تم خصم الاموال من محفظة ولم يتم تحويلها الي محفظة الأخصائي
لو الفلوس اتحولت
بوضح للصراف يرجع للأخصائي يتأكد الفلوس اتحولت او لا
لو الفلوس متحولتش
(NO)
(Yes)
لو العملية مش ظهرالي علي بقدم طلب Admin Tool للعميل
(Yes)"
404,edffe85a9f74501aaafe49fc86fadae5,0,halan,Pay,Complain,Technical Issue,No,ok,Transfer Money icon didnt appear,صراف يشكو ان ايقونة التحويل المالي لم تظهر على التطبيق,yes,"Vertical: Pay | Type: Complain | Issue: Technical Issue | Escalation: No

Question EN: Transfer Money icon didnt appear
Question AR: صراف يشكو ان ايقونة التحويل المالي لم تظهر على التطبيق

Script:
*صراف يشكو ان ايقونة التحويل المالي لم تظهر على التطبيق:
Pay <- Complaint <- Technical <- Transfer Money icon didn't appear
صراف يشكو ان ايقونه التحويل المالي لم تظهر علي التطبيق
- حضرتك ممكن تشجل خروج وبعدين تسجل دخو مرة تانية - حضرتك ممكن تحدث التطبيق
لو المشكلة اتحلت (NO)
لو المشكلة لسه موجودة (Yes)"
405,5bfc3a7249bf5938b8b05a99051b7d95,0,halan,Pay,Request,Technical Issue,No,ok,Wants to reset the pin code,صراف يريد إعادة تعيين رمز الامان,yes,"Vertical: Pay | Type: Request | Issue: Technical Issue | Escalation: No

Question EN: Wants to reset the pin code
Question AR: صراف يريد إعادة تعيين رمز الامان

Script:
صراف يريد إعادة تعيين رمز الامان :
Pay -> Request -> Wants to reset the pin code
Escalation :No
حضرتك تستطيع عمل إعادة تعيين رمز الامان من خلال التطبيق عن طريق الدخول على:|
ادخل الكود المرسل اليك تم إرسال كود إعادة التعيين الى رقم موبايلك المسخل في حالا 01287182366
اكتب رمز الأمان لتنفيذ العملية اكتب رمز الأمان لمتابعة إرسال الأموال
قيمة المبلغ
رقم الموبايل
● تأكد أن الرقم ده مسجل في تطبيق جالا
متابعة
ثم يصل اليك كود التعيين؟ العادة ارسال
تأكيد الدفع (١٠,٠٠ جنيه)
نسيت رمز الأمان
-
الدق عروض حالا للتقسيط بدون إجراءات بنكية
تسوق الآن
خدمات الدفع
تساهيل
ندويل مالي
والى عباد
موبايل وإتونه
لعربات
سكر ورفعت
فافات الطبية
خدمات الدفع
■ محفظتي
٠٫٠٠ جنيه
عروض من حالاً
عرض الخل >
متابعة
ارسال الاموال
اشحن وأرسل الأموال الى محفظة عملاء حالا"
414,62fd6370c476553cac3a17cd0c75dd23,0,halan,CF,Complain,Non-Technical Issue,Yes,ok,Wrong clearance details (مخالصة),شکوي عميل من وجود خطأ في المخالصة,yes,"Vertical: CF | Type: Complain | Issue: Non-Technical Issue | Escalation: Yes

Question EN: Wrong clearance details (مخالصة)
Question AR: شکوي عميل من وجود خطأ في المخالصة

Script:
شكوي عميل من وجود خطأ في المخالصة (بيانات المخالصة):
استأذن حضرتك توضحلي الرقم القومي و الاسم رباعي لتأكيد البيانات.
الفرع التابع له، والتأكد من خلال السيستم.
طبعا بنعتذر لحضرتك عن أي خطأ هيتم توضيح رقم مشرف المنطقة بتقدر تتواصل معاه في مواعيد العمل لمساعدة حضرتك.

السيناريو الأول (أول اتصال):
- Escalation: No
- CRM: Complaint → Non Technical → Wrong clearance details (مخالصة)

السيناريو الثاني (في حالة التواصل مرة اخري لعدم تعاون مشرف المنطقة):
هيتم تقديم شكوي لحضرتك وتنتظر الرد في خلال 48 ساعة عمل.
البيانات اللازمة للشكوى: اسم العميل رباعي + الفرع + الرقم القومي + بيانات الشكوى بالتفصيل.
- Escalation: Yes
- CRM: Complaint → Non Technical → Wrong clearance details (مخالصة)"
422,b6139487dcc457129d87e3fe473ed7d5,0,halan,Gold,Inquiry,Non-Technical Issue,No,ok,,في حالة سؤال العميل عن العقد الخاص بخدمة الدهب؟ (Gold),yes,"Vertical: Gold | Type: Inquiry | Issue: Non-Technical Issue | Escalation: No

Question AR: في حالة سؤال العميل عن العقد الخاص بخدمة الدهب؟ (Gold)

Script:
فى حالة سؤال العميل عن العقد الخاص بخدمة الدهب؟
حضرتك المندوب بيجيلك بالعقد الخاص بالدهب بيكون عقد التمويل وعقد الرهن الخاص بالدهب .. "" في الوقت الحالي العقد مكون من نسخة واحدة"" ولو حضرتك محتاج تصور العقد بالموبايل مفيش مشكلة
· المندوب بيستلم من حضرتك مصاريف الشراء وبيسلم حضرتك اقرار استلام مصاريف الشراء , وبعد امضاء العقد بنتواصل مع حضرتك لتسليمك شهادة خاصة بالدهب."
451,4b2abd5897d955cb85c9c3955e6e6ab1,0,halan,General,Inquiry,Non-Technical Issue,No,ok,inquiry about Halan Coins service,فترة صلاحية النقاط ؟,yes,"Vertical: General | Type: Inquiry | Issue: Non-Technical Issue | Escalation: No

Question EN: inquiry about Halan Coins service
Question AR: فترة صلاحية النقاط ؟
Notes: CRM: Halan coins -> Inquiry -> inquiry about Halan Coins service
Body: CRM: Halan coins -> Inquiry -> inquiry about Halan Coins service

Script:
فترة صلاحية النقاط ؟
Halan coins صالحة لمدة سنة من تاريخ اضافة النقاط ."
452,d7fc8292c3655188a9aee77ab7747e1f,0,halan,General,Inquiry,Technical Issue,No,ok,inquiry about Halan Coins service,هل متاح تحويل النقط لرقم تاني ؟,yes,"Vertical: General | Type: Inquiry | Issue: Technical Issue | Escalation: No

Question EN: inquiry about Halan Coins service
Question AR: هل متاح تحويل النقط لرقم تاني ؟

Script:
هل متاح تحويل النقط لرقم تانى ؟
لا غير متاح تحويل النقاط لا رقم تاني"
453,92aecef69aaf5d4a9bce89a11503b23a,0,halan,General,Inquiry,Non-Technical Issue,No,ok,inquiry about Halan Coins service,هل متاح استخدام النقط ف دفع الفواتير و سحب الفلوس كاش؟,yes,"Vertical: General | Type: Inquiry | Issue: Non-Technical Issue | Escalation: No

Question EN: inquiry about Halan Coins service
Question AR: هل متاح استخدام النقط ف دفع الفواتير و سحب الفلوس كاش؟

Script:
هل متاح استخدام النقط ف دفع الفواتير وسحب الفلوس كاش؟
لا غير متاح دفع الفواتير او سحبها كاش .. متاح فقط استخدامها في المشتريات."
454,eb105debdd1e5ef2ac97e504f65e1072,0,halan,General,Inquiry,Non-Technical Issue,No,ok,inquiry about Halan Coins service,ايه هي خدمة نقاط حالا؟,yes,"Vertical: General | Type: Inquiry | Issue: Non-Technical Issue | Escalation: No

Question EN: inquiry about Halan Coins service
Question AR: ايه هي خدمة نقاط حالا؟
Notes: ملحوظة : برنامج النقط متاح فقط لمستخدمين الاندرويد فقط و لازم العميل يبقي منزل اخر تحديث من التطبيق و يأكد الاشتراك
Body: ملحوظة : برنامج النقط متاح فقط لمستخدمين الاندرويد فقط و لازم العميل يبقي منزل اخر تحديث من التطبيق و يأكد الاشتراك

Script:
ايه هي خدمة نقاط حالا؟
• تقديرا من حالاً لعملائها صممنا برنامج Halan coins خصيصاً لحضرتك .. من غيراي رسوم اضافيه هتقدر تجمع Halan coins تقدر تستخدمها لشراء منتجات من خلال تطبيق حالا او من خلال شبكة التجار الخاصة ب Halan coins المتاحة علي التطبيق.
• عند تجميع النقط تقدر تعمل استبدال للنقاط , والنقاط بتتحول لما يساويها فلوس وبتنزل لحضرتك علي محفظة نقاط حالاً وبتقدر تشتري منتجات من خلال المحفظة الخاصة بالنقط.
CRM: Halan coins -> Inquiry -> inquiry about Halan Coins service"
455,ee87dd086f6a5550bacfd1c146042e59,0,halan,General,Inquiry,Non-Technical Issue,No,ok,inquiry about Halan coins service,كيف يعمل برنامج نقاط حالا ؟,yes,"Vertical: General | Type: Inquiry | Issue: Non-Technical Issue | Escalation: No

Question EN: inquiry about Halan coins service
Question AR: كيف يعمل برنامج نقاط حالا ؟

Script:
كيف يعمل برنامج نقاط حالا ؟
CRM: Halan coins -> Inquiry -> inquiry about Halan coins service
9:41
X
كيف يعمل برنامج حالاً كوينز؟
إجمع الكوينز
في كل مرة تقوم فيها بعملية شراء من خلال Halan تربح كوينز. 10 جنية مصري = 1 كوين.
جمعت كوينز, تصرفهم فين؟ ممكن تصرف الكوينز عن طريق ثلاث اماكن
1. متجر حالاً
اشترى من مختلف الفئات فى المتجر، وانت بتدفع اختار طريقة الدفع ""استخدام حالاً كوينز""
2. حالاً جملة
اشترى طلبات البيت من حالاً جملة، وانت بتدفع اختار طريقة الدفع ""استخدام حالاً كوينز""
3. احد التجار
اشترى طلبات البيت من حالاً جملة، وانت بتدفع اختار طريقة الدفع ""استخدام حالاً كوينز""
BIM
28
+50 DeFact
ACTIV"
456,1ef74c66aef15a1f91dc23af17598469,0,halan,General,Inquiry,Non-Technical Issue,No,ok,inquiry about Halan coins service,إزاي اقدر افعل برنامج نقاط حالاً ؟,yes,"Vertical: General | Type: Inquiry | Issue: Non-Technical Issue | Escalation: No

Question EN: inquiry about Halan coins service
Question AR: إزاي اقدر افعل برنامج نقاط حالاً ؟

Script:
إزاى اقدر افعل برنامج نقاط حالاً ؟
لازم حضرتك تكون محدث اخر تحديث للتطبيق وعند فتح التطبيق بيظهر لحضرتك ايقونة الاشتراك اعلي الصفحة الرئيسية
CRM: Halan coins -> Inquiry -> inquiry about Halan coins service
9:41
ـحالا
حالاً كوينز
X
X
6
اصرف واكسب مع حالاً كوينز
بسرعة وبسهولة احصل على جوائز ومكافئات فى كل مرة تصرف فيها.
اعرف اكثر
متجر حالا
تمويل مشروعات
حالاً ماركت
دفع فواتير
دفع فواتير
حالا تحويش
عرض الكل
عروض متجر حالاً
CO
الرئيسية
الطويل
المتجر
كارت حالا
حسابى
الرئيسية
التمويل
المتجر
كارت حالا
حسابى
مبروك! جالك جايزة من حالاً كوينز
دلوقتي تقدر تحول الكوينز الفلوس، ادخل استلم جايزتك واستمتع بباقي مميزات حالاً كوينز. يرجى قراءة الشروط و الاحكام قبل استلام الجائزة
احصل على جائزتك المجانية
h
حالا تحويش
دفع فواتير
دفع فواتير
حالاً ماركت
عرض الكل
عروض متجر حالاً
9:41
ـحالا
5
h"
457,13a4a11ffc6c5a8ea429b0de765466fb,0,halan,General,Inquiry,Non-Technical Issue,No,ok,inquiry about available vendors,ازاي اعرف قايمة التجار المتاحين لاستخدام النقط ؟,yes,"Vertical: General | Type: Inquiry | Issue: Non-Technical Issue | Escalation: No

Question EN: inquiry about available vendors
Question AR: ازاي اعرف قايمة التجار المتاحين لاستخدام النقط ؟

Script:
ازاى اعررف قايمة التجار المتاحين لاستخدام النقط ؟
بعد الاشتراك بيظهر قائمة التجار المتاحين عند الدخول علي حالا كوينز بوينتس وبيظهر كمان عناوين الفروع المتاح فيها استبدال النقاط
CRM: Halan coins -> Inquiry -> inquiry about available vendors
9:4
٨
حالاً كوينز
مبروك!
احصل عليها
جالك جائزة مجانية من حالاً كوينز
كيف يعمل برنامج حالاً كوينز؟
قائمة التجار
km 21.75
ستاربكس
■ طعام
+ خصم فوري
المعادي
km 29.94
الفروع القريبة
الترتيب حسب الاقرب الى موقعك الحالى
مصر الجديدة
km 34.67
مدينة نصر
kom 35.31
سيتي ستارز
km 36.4
٥
DeFacto
BIM
ـيم + خصم فوري
ديفاكتو * خصم فوري
الشيراتون
km 39.7
9:41
مول العرب km 0.05
مول مصر
km 5.57
المهندسين
٥
الكل
- الأثاث
فى الطعام
■ أجهزة المحمول الكمبيوتر
BIM
ستاربكس * خصم فوري
سم خصم فوري
ACTIV
نوبي + خصم فوري
أخلف + خصم فوري
فرع المعادى 1.2 km
فرع المعادى 1.2 km
STARBUCKS"
458,625fba55e5835f67ae92ffec9c7ca742,0,halan,General,Inquiry,Non-Technical Issue,No,ok,inquiry about available coins,ازاي اعرف انا معايا كام نقطة ؟,yes,"Vertical: General | Type: Inquiry | Issue: Non-Technical Issue | Escalation: No

Question EN: inquiry about available coins
Question AR: ازاي اعرف انا معايا كام نقطة ؟

Script:
ازاى اعرف أنا معايا كام نقطة ؟
عدد النقط بيظهر لحضرتك في أكثر من مكان ..
CRM: Halan coins -> Inquiry -> inquiry about available coins
1. اعلى الصفحة الرئيسية .
0:41
ـحالا
اشتري طلبات البيت من حالاً ماركت
اطلب دلوقتى
تمويل مشروعات
th
متجر حالا
2. الدخول علي حسابي هيظهر لحضرتك رصيد محفظة النقط .
9:41
>
حسابي
محمد علاء السيد 01014491195
رصيد حالا ٥ جنيه
نقاط حالا 1.750 نقطة
بيانات الحساب
٧
طلباتى السابقة
3. الدخول علي البائر الخاص بالخدمة.
>
حالاً كوينز
كوينز
6
5 = 0.10 جنية"
459,1d28ef8f6562595f9f3028810e9dd5ec,0,halan,General,Inquiry,Non-Technical Issue,No,ok,inquiry about coins,هل بيظهر للعميل هيكسب كام نقطة عند شراء المنتجات خلال التطبيق ؟,yes,"Vertical: General | Type: Inquiry | Issue: Non-Technical Issue | Escalation: No

Question EN: inquiry about coins
Question AR: هل بيظهر للعميل هيكسب كام نقطة عند شراء المنتجات خلال التطبيق ؟

Script:
هل بيظهر للعميل هيكسب كام نقطة عند شراء المنتجات خلال التطبيق ؟
ايوة بيظهرل للعميل عدد النقط اللي هيكسبها خلال اتمام عملية الشراء والعدد دا بيتحدد بناء علي سعر المشتريات .. كل ما المشتريات تزيد عدد النقط هيزيد
CRM: Halan coins -> Inquiry -> inquiry about coins
I
9:41
٨
الشراء
X
عربة التسوق
التوصيل
المراجعة
الدفع
Samsung
تليفزيون سامسو الوضوح AD Full
ـوصة سمارت LED فائق ـغر داخلي + واي فاي +
9,000 جنيه
٢ حذف
الكمية: 1
٧
محمد علاء السيد ابراهيم
موعد التوصيل
الاثنين 27 فبراء
تفاصيل العملية
طريقة الدفع
الدفع عند الاستلام
المخصوم من رصيد المحفظة
300 جنيه
المخصوم من رصيد حالاً كوينز
100 جنيه
سيتم دفعه عند الاستلام
8,600 جنيه
مصاريف الشحن
50 جنيه
الاجمالى
+36 كوين
9,050 جنيه
Tefal
مكواة بخار تيفال 2200 وات
800 جنيه
حذف
٧ الكمية: 1
اجمالى العربة (1)
26,000 جنيه
تفسير >
عنوان الشحن
المنزل
غداً
الاحد
25 فبراير
26 فبراير
متكسب 450 كوين
شراء"
461,e3d3bc0f1e5f5af0ba1766366cf7f0d9,0,halan,General,Inquiry,Non-Technical Issue,No,ok,inquiry about coins usage,ازاي اتابع استخدام برنامج النقاط ؟,yes,"Vertical: General | Type: Inquiry | Issue: Non-Technical Issue | Escalation: No

Question EN: inquiry about coins usage
Question AR: ازاي اتابع استخدام برنامج النقاط ؟

Script:
ازاى اتابع استخدام برنامج النقاط ؟
عند الاشتراك و اضافة النقاط بيظهر لحضرتك عند الدخول علي الخدمة كيفية الاستخدام و الاماكن اللي تم استبدال النقط من خلالها مع اقرب تاريخ انتهاء صلاحية النقاط
CRM: Halan coins -> Inquiry -> inquiry about coins usage
9:41
>
1
حالاً كوينز
كوينز
1,750 = 165 جنية
النقاط السابقة
الإستخدام
النقاط السابقة
الإستخدام
شراء من المتجر
+200
09 سبتمبر 2023 - 4:13 pm
شراء من المتجر
+150
تسجيل الدخول اليومي
09 سبتمبر 2023 - 4:13 pm
قبانى
-5,600
09 سبتمبر، 2023 - 4:13 pm
تسجيل الدخول اليومي 09 سبتمبر 2023 - 4:13 pm
+50
9:41
I
9:41
>
حالاً كوينز
كوينز
1,750 = 165 جنية
النقاط السابقة
الإستخدام
شراء من متجر حالاً
-10,560
+200
09 سبتمبر 2023 - 4:13 pm
09 سبتمبر، 2023 - 4:13 pm
شراء من المتجر
+150
09 سبتمبر 2023 - 4:13 pm
>
حالا كوينز
كوينز
1,750 = 165 جنية
ء
09 سبتمبر 2023 - 4:13 pm
شراء من حالاً جملة
-2,000
تنتهي صلاحية 370 نقطة في 1/12/2024
شراء من المتجر
09 سبتمبر 2023 - 4:13 pm
+50"
462,587880825a10591ca86732d844753043,0,halan,General,Inquiry,Technical Issue,No,ok,inquiry about payment methods,طرق الدفع عن طريق نقط حالا عند شراء المنتجات من خلال التطبيق ؟,yes,"Vertical: General | Type: Inquiry | Issue: Technical Issue | Escalation: No

Question EN: inquiry about payment methods
Question AR: طرق الدفع عن طريق نقط حالا عند شراء المنتجات من خلال التطبيق ؟
Notes: CRM: Halan coins -> Inquiry -> inquiry about payment methods
Body: CRM: Halan coins -> Inquiry -> inquiry about payment methods

Script:
طرق الدفع عن طريق نقط حالا عند شراء المنتجات من خلال التطبيق ؟
• يقدر العميل الدفع عن طريق محفظة حالا +نقاط حالاً اذا كان يملك قيمة المشتريات.
• لو قيمة النقاط + محفظة حالا اقل من قيمة المشتريات يمكن ان يختار معهم طريقة دفع ثالثة سواء الدفع كاش او كريديت كارد او الحد الائتماني.
+-
م
الشراء
العشرالمـ
الشراء
التوصيل
المرفوعة
استخدام يعيد العجمى الرصيد اختفى لل عبد
العددكم يعيد المحفظة الوحيد المتبقى: 0 5040
nude 300.00
استخدام منظ فوم قرية الشيخ لاجب
1.300 Ath - 100 جنيه
[٢ موعد التوصيل
طرق الدفع
٤٢٣ شواية
26 فيواي
وحيد الذى الاجمالى المصر: 70 جنيه
بكلية الرهبان في الخصم المباشر
دفاعية الرقيبان في المخيم المباشر
تفاصيل العملية
طريقة الحمى
العاشور عن وعود الشاشات
100 جنيه
8.6٥٥ جنيه
الخالى العودة 123
الضالود العوية (41
الاستعرار للمراجعة
الشراء
300.00 جنيه
ـامدول
معهد لقد السيد ابراهيم
استخد لم حافظ كوستر امعبد الله لل عبد
الستعد الع دة ايوب الوصية العابفى: ٥٠
1,300 نقطة = 100 جنيه
٢ موعد التوصيل
طرق الدفع
طبق الدفع
لغسبط
السيد
محمد عدد الشباب المشى: 1000 جنيه
■ تفاصيل العملية
بحفاقية الرئيسي في الخصم الحراك
طاقة البيئي في الخميس المائة
المخصوم من بعيد المد الالشمالى
8.600 جنيه
اجمالى العجة !!!
جو جنيه
الإجمالى
الاستمرار للمراجعة
الاستمرار للمراجعة
الشراء
الشراء
التوصيل
المراجعة
الدفع
استخدام رصيد المحفظة الرصيد المتبقى: 10 جنيه
1.200 نسكه - 566 جنيه
استخدام ساط فويتر البعيد الطبفى ١١ جنيه
الدهن 27 مياه
20 فيراء
25 فيوابر
السيدة
يعبد القدرة الائتماني المناس 7,000 جنيه
بطاقة الائتمان أو الخصم المباشر
طبيعة الوفير
300 جنيه
المخصوم من وعبد المحفظة
100 جنيه
المتكون من وفية فاظ اتويتز
الرقم ااتي
دبس 84/4 جنيه بير الإستكر
8.400 ويه
الصاصوم من رصيد قدد الاكتساب
١٥ جنيه
المصاريف التشعين
9,050 جيد
الاجمالى
5.000 جنيه
اجمالى العيد (لا)
الجمالى العربة (1)
1,000 جنيه
بعجود تأكيد الطلب سيتم تحويلك الى صفحة الدفع لادخال بيانات الكارت الخلوى بتك والدفع
الاستمرار للمراجعة
الاستمرار للمراجعة
تقسيط
يصيد الحد الائتماني المناس: 7,000 جنيه
بطاقة الائتمان أو الخصم المباشر دقى 5.000 بارد البطاقة
بطاقة الائتمان أو الخصم المباشر دلع 8.400 جنيه بالبطاقة
المراجعة
الموقع"
464,0426a2e08b1d50c8b613c061f0f2b1b2,0,halan,General,Inquiry,Technical Issue,No,ok,inquiry about payment methods,هل ممكن اختار الخصم من المحفظة الاول و المتبقي من المشتريات اخصمه من النقط ؟,yes,"Vertical: General | Type: Inquiry | Issue: Technical Issue | Escalation: No

Question EN: inquiry about payment methods
Question AR: هل ممكن اختار الخصم من المحفظة الاول و المتبقي من المشتريات اخصمه من النقط ؟

Script:
هل ممكن اختار الخصم من المحفظة الاول و المتبقى من المشتريات اخصمه من النقط ؟
• عند الشراء واختيار طرق الدفع العميل يستطيع اختيار السحب اولا من أي محفظة عن طريق اختيارها اولا ثم اختيار المحفظة الاخري او اختيار أي طريقة دفع اخر تناسبه.
- هنا اختار العميل الدفع اولا من رصيد محفظته وليس نقاط حالا
9:41
0.41
9:41
ے
الشراء
الشراء
الشراء
التوصيل
الدفع
المراجعة
المراجعة
العنوان
الدفع
200.00 جلوي
استقدام رصيد المضافة الرصيد العابفى: ٥٠ جنيه
استخدام مات الوباز
1,300 نقطة = 700 جنيه
استخدام بالذ كور
1,200 All - 1:00 جنية
طرق الدفع
طرق الدفع
تقسيط
25 فبراير
27 فيزاير
بطاقة الائتمان أو الخصم المباشر دعوة بنو بالبطية
الدفع كاش وفر 200 جنيه بالبطانية
دعوة جنيه بالبطاقة
رصيد المحفظة
طريقة الدفع
250 جنيه
مصاريف الشحن
50 جنيه
الإجمالي
300 جنيه
الاستمرار للمراجعة
الاستمرار للمراجعة
- هنا لعميل اختار اولا استخدام رصيد المحفظة لكن لم يكمل قيمة المشتريات فأختار بعدها استكمال الدفع عن طريق نقاط حالا.
-+-
الشرف
الباردة
التوصيل
المياومة
200:20 جيد
الت وعية المضافة الجديد الضفى ا جية
جصعد لاء السيد ابراهيم
المستخد العمر ساق البوينز البعبد الضفى ٢٥ جنيه
طرق الدفع
الكمية
بعيد الحد الائتماني الشامي 1000 جنيه
ساعة الائتمان أو الخصم المباشر
رصيد المحفظة
طريقة الدفع
300 جنيه
المفهوم من وعبد المحفظة
جنيه
المفهوم من وصيد حافظ البون
5 جنيه
تخفيف الشعير
اجمالى العروبة (١)
350 جنيه
اجمالى العربية !!!
314 جنيه
-+-
الشراء
العنوان
المتخوفو وحيد الصفحه البعيد المشهي: لا بد
300.00 جنيه
11 300 جنيه
استخدام ماط كوينز
1.200 شطة + 100 جنيه
طبق الدفع
طرق الدفع
طرق الدفع
تقسيط
عبد الحميد الائتماني العناصر 7:000 جنيه
بطاقة الأخبار أو التهم الماكثر سعر 30 جنيه بالبطالة
C
الدافع ذاتي دفع لأ جليد البطاقة
الدفع الكاشي دفع 10 جنيه البطالة
354 جنيه
اجمالى العربة (١)
الاستمرار للمراجعة
الاستمرار للمراجعة
الاستمرار للمراجعة
24
الشراء
المرارية
العرائوعة
العنوان
استخدام وعبد المحفظة
00 300 جابه
استخدام وعية المدفئة
استدرا جا كوبز
السندو فى حفظ كوين
1300 سعد + 100 جنيه
موعد التوصيل
تفاصيل العملية
الموا عيد السعيد
300 جنيه
اجمالى العربة (!)
الاجمالى
400 جنيه
العنوان
المراجعة
عنوان الشحن
wi 200.00
الحلال"
468,3ff3a99140555189842f74d910c93c9d,0,halan,General,Complain,Non-Technical Issue,No,ok,Transaction not Found on System,؟ Loyalty360 في حالة لو رقم العملية مش ظاهر علي,yes,"Vertical: General | Type: Complain | Issue: Non-Technical Issue | Escalation: No

Question EN: Transaction not Found on System
Question AR: ؟ Loyalty360 في حالة لو رقم العملية مش ظاهر علي

Script:
فى حالة لو رقم العملية مش ظاهر على Loyalty360؟
هنعمل 2 Tickets
CRM: Halan coins -> complaint -> technical issue -> Transaction not Found on System
Fresh desk: Technical issue -> Transaction not Found on System
بنتأكد الاول من علي البورتال ان العملية مش موجودة وبنقدم للعميل طلب علي الفريش ديسك و سيتم حل المشكلة خلال 4 ايام عمل.
- العميل يبعت سكرين شوت من ال error علي رقم الواتساب بتاعنا 20216303+
Customer's Name
Customer's Mobile Number
Branch Address
Username
Issue Description
Print screen from the issue"
472,839a780ba5d558cca45fa580d17f9789,0,halan,General,Complain,Non-Technical Issue,No,ok,Confirmation SMS not received,في حالة شكوي العميل من عدم استلامه رسالة التأكيد بعد اتمام العملية  ؟,yes,"Vertical: General | Type: Complain | Issue: Non-Technical Issue | Escalation: No

Question EN: Confirmation SMS not received
Question AR: في حالة شكوي العميل من عدم استلامه رسالة التأكيد بعد اتمام العملية  ؟

Script:
فى حالة شكوى العميل من عدم استلامه رسالة التأكيد بعد اتمام العملية ؟
هنعمل 2 Tickets
CRM: Halan coins -> complaint -> Technical issue -> Confirmation SMS not received
Fresh desk: Connectivity -> Confirmation SMS not received
بنقدم طلب للعميل وبيتم الرد علي الطلب خلال 4 ايام عمل
Customer's Name
Customer's Mobile Number
Merchant Name
Branch Address
Issue Description"
476,04eea9388e8d5592be5e7681a9887dc0,0,halan,General,Inquiry,Non-Technical Issue,No,ok,Important points (Coins),Important points,yes,"Vertical: General | Type: Inquiry | Issue: Non-Technical Issue | Escalation: No

Question EN: Important points (Coins)
Question AR: Important points

Script:
Important points
• وانت بتدخل الباسورد واليوزر نكتبه يدوي مش ناخده كوبي.
• ال Account Name وانت بتلوجين اسمه Halan. قبل ما نعمل Search نشيل اي فلتر قديم.
• من ال Transaction بتقدر تتابع جميع عمليات العميل الخاصة ب Halan Points • ال Wallet code هو بيكون رقم تليفون العميل."
477,93d101f2809a57b79205c3ed0ad37190,0,halan,General,Inquiry,Non-Technical Issue,No,ok,Loyalty360 Codes,Loyalty360 Codes,yes,"Vertical: General | Type: Inquiry | Issue: Non-Technical Issue | Escalation: No

Question EN: Loyalty360 Codes
Question AR: Loyalty360 Codes

Script:
Loyalty360 Codes
loyalty 360
+
SKUNAME
POINTS
DETAILS .
DESCRIPTION .
TYPE
TRANS. DATE/TIME .
USER NAME
Halan Commerce
8935
Points accumulated to 01028554746
Reward
Accumulation
2024-01-24 @ 14:49
Job
1870
Halan Commerce
656
Points accumulated to 01028554746
Reward
Accumulation
2024-01-24 @ 14:45
Job
1866
2000
Points redeemed from 01028554746
Redemption
Deduction
2024-01-24 @ 14:34
DSQ014.008
1868
TL
5000
Points redeemed from 01028554746
Redemption
Deduction
2024-01-24 @ 14:29
Laila. emad
1867
Halan Commerce
8935
Points accumulated to 01028554746
Reward
Accumulation
2024-01-24 @ 14:24
Job
1866
0
Opt in 01028554746
Opt In
Accumulation
2024-01-24 @ 14:24
E
الكود دا معناه انه تم عملية الاستبدال
Redemption
الكود دا معناه انه العميل نزله النقاط الخاصة بعملية الشراء
Reward
الكود دا معناه ان العميل رجعله التقط اللي كان فيها مشكلة
Refund
تاريخ تشغيل الخدمة
Opt In
Extract Transactions
Trans, Date/Time v
Sort by:
Descending v
1865"
481,6376ab11c7c4511187567914fe0af1ac,0,halan,Commerce,Request,Non-Technical Issue,No,ok,Change the delivery location,عميل يريد تغيير مكان استلام الاوردر,yes,"Vertical: Commerce | Type: Request | Issue: Non-Technical Issue | Escalation: No

Question EN: Change the delivery location
Question AR: عميل يريد تغيير مكان استلام الاوردر

Script:
عميل يريد تغيير مكان استلام الاوردر:
Commerce <- Request <- Change the delivery location Escalation : No
تم تقديم طلب حضرتك لفريق التوصيل وسيتم التواصل معك في حالة وجود تغيير في ميعاد التسليم ولو عند حضرتك اي مشكلة تقدر تشرفنا بالاتصال علي 16303. هفتح تيكيت Validation Logistics للوجستكس تيم."
485,5f8a7bf655ba5549ad453a125fe0712a,0,halan,General,Inquiry,Non-Technical Issue,No,ok,inquiry about Halan Coins service,؟Halan Points ازاي اقدر اجمع,yes,"Vertical: General | Type: Inquiry | Issue: Non-Technical Issue | Escalation: No

Question EN: inquiry about Halan Coins service
Question AR: ؟Halan Points ازاي اقدر اجمع
Notes: CRM: Halan coins -> Inquiry -> inquiry about Halan Coins service
Body: CRM: Halan coins -> Inquiry -> inquiry about Halan Coins service

Script:
ازاى اقدر اجمع Halan Coins ؟
1. تقدر تجمع Halan Coins عند شرائك منتجات إستهلاكيه او غذائية من خلال التطبيق. 2. مقابل كل جنية هتصرفه عند الشراء = Halan coin 1 .
3. كل Halan conis 100 = 1 جنية .
4. النقط بتنزل لحضرتك بعد استلام المنتجات ب 24 ساعة عمل."
492,454724eab22558fcab2f1d0690a51633,0,halan,CF,Inquiry,Non-Technical Issue,No,ok,Inquiry about Liability Document (اقرار افادة بالمديونية),استعلام عميل عن إجراءات استخراج افادة اثناء سداد التمويل,yes,"Vertical: CF | Type: Inquiry | Issue: Non-Technical Issue | Escalation: No

Question EN: Inquiry about Liability Document (اقرار افادة بالمديونية)
Question AR: استعلام عميل عن إجراءات استخراج افادة اثناء سداد التمويل

Script:
استعلام عميل عن إجراءات استخراج الافادة اثناء سداد التمويل (خطاب به تفاصيل التمويل الخاصة بالعميل قبل انتهاءه و للضامن بعد انهاء التمويل):
من الجهة المطالبة للافادة يا فندم؟
يشترط وجود خطاب افادة مختوم موجه الى شركة تساهيل من خلال الجهة المطالبة به.
يتم اصدار الافادة خلال 10 ايام عمل.
وبتقدر تقدم طلب من خلال الفرع بخطاب الافادة ويتابع في خلال 48 ساعة عمل.
- Escalation: No
- CRM: Inquiry → → Inquiry about Liability Document ""اقرار افادة بالمديونية"""
494,3b4bbd095e8e5cd196f27e9c482cdb57,0,halan,General,Complain,Non-Technical Issue,No,ok,Points Not Added,في حالة شكوي العميل من عدم اضافة النقاط علي حسابه ؟,yes,"Vertical: General | Type: Complain | Issue: Non-Technical Issue | Escalation: No

Question EN: Points Not Added
Question AR: في حالة شكوي العميل من عدم اضافة النقاط علي حسابه ؟

Script:
فى حالة شكوى العميل من عدم اضافة النقاط على حسابه ؟
هنعمل 2 Tickets
لازم نوضح للعميل ان النقاط بتنزل بعد 24 ساعة عمل من تاريخ الاستلام مثال: تاريخ الاستلام يوم 1-فبراير الساعة 10 صباحاً يبقى النقط هتنزل 2-فبراير بعد الساعة 10 صباحاً.
بنراجع Loyalty360 وبنتأكد ان النقط منزلتش للعميل وهنشوف العميل استلم امتي وبناء عليه هنعمل التالي:
خلال المهلة
بعد المهلة
هنأكد علي العميل انه ينتظر وان النقط هتنزل بعد 24 ساعة عمل بعد تاريخ الاستلام .. وفي الحالة دي هنعمل التيكت دي.
CRM: Halan Points -> complaint -> Technical issue -> Points Not Added (within SL)
Escalated: NO
هنعتذر للعميل وهنوضحله انه هيتم تقديم طلب و سيتم حل المشكلة خلال 4 ايام عمل واوضح مشكلة العميل بالتفصيل.
CRM: Halan Points -> complaint -> Technical issue -> Points Not Added (After SL)
Escalated: NO
Fresh desk: Technical issue -> Points Not Added"
497,f97f010f5b1b5a349b998ce577ed8269,0,halan,Gold,Inquiry,Non-Technical Issue,Yes,ok,General Inquiry (Gold),امتي مندوب جولد هيروح للعميل عشان يمضي العقد,yes,"Vertical: Gold | Type: Inquiry | Issue: Non-Technical Issue | Escalation: Yes

Question EN: General Inquiry (Gold)
Question AR: امتي مندوب جولد هيروح للعميل عشان يمضي العقد
Notes: Gold -> Inquiry -> General Inquiry
Body: Gold -> Inquiry -> General Inquiry

Script:
امتى مندوب جولد هيروح للعميل عشان بمضى العقد:
Gold -> Inquiry -> General Inquiry
المندوب بيتواصل مع العميل بعد 24 ساعة عمل بعد مكالمة التأكيد وبيتم تفعيل الخدمة خلال 48 ساعة عمل بعد امضاء العقد."
502,d2a0154db3e75eb99157586b44234a54,0,halan,CF,Inquiry,Non-Technical Issue,No,ok,Inquiry about COD,عميل يستفسر عن كيفية شراء منتج كاش,yes,"Vertical: CF | Type: Inquiry | Issue: Non-Technical Issue | Escalation: No

Question EN: Inquiry about COD
Question AR: عميل يستفسر عن كيفية شراء منتج كاش

Script:
* عميل يستفسر عن كيفية شراء منتج كاش
CF -> Inquiry -> Inquiry about COD
Escalation : No
فى حالة ان العميل لا يمتلك حد انتمانى ويريد الشراء كاش: دلوقتى متاح الشراء كاش من خلال التطبيق والدفع عند الاستلام
وذلك من خلال التطبيق
--
1 التفاصيل العنصر
مابكيو سويت أدبقى كاميرا jo26-1. TSH 00013
وايا بو سويت لايف كاميرا 3600-306 TAH 00013
١٢ سفر
سيدان القوى
أساسية الصدى الـ
+ بسامح بسياى جديد
تمت إضافة العشر إلى عبد التسوق
799 جنيه * *** جنيه
حك تقسيط من 47 مشت طب ، الشكر
لنا اضف الى عربة التسوق
اسيض مية التسوق
استعر بالسوف
٦
-- - **
5
تمت عملية الدفع بنجاح
تفاصيل العملية
طبيعة مدير
796.00 جنيه
إ جمالى
قدم على طلب الخط الاالعالي خطط مدسوساكت على فط شهر بدون مصطفى إدارية
منابعة التسوق
مراجعة الطلب
الطلبات السابقة
: فى حالة ان العميل يمتلك حد انتمائى ويريد شراء منتج سعرة أكبر من الحد الائتماني
مثال: العميل يمتلك 10,000 جنية ويريد شراء منتج بمبلغ 12,000 جنية سيتم خصم 10,000 جنية من الحد الائتماني .وسيتم تقسيطهم وسيتم دفع 2,000 جنية عند استلام المنتج
وحضرتك بتختار الفترة الزمنية للتقسيط وبعد ذلك بيظهر لحضرتك المبلغ المخصوم من الحد الائتماني والمبلغ الذي سيتم دفع عند الاستلام
4
العام البشرة
3
عربة التسوق
تفاصيل المنتج
2
0 799 جنيه
إجمالي العربية (1)
7
إتمام الشراء
6
عبوس مات
٢
٥ ليصل عن الحبى الأعمال
التفيوليات
الجديد من حالا
بأمر ع معه عدد المستكام
399.00 جنيه
موبايل أيبود
استهراء"
512,abb6386f4a355c358318d30526d97e96,0,halan,Gold,Request,Non-Technical Issue,No,ok,Cancel Gold Limit,في حالة العميل طلب الغاء ليميت الجولد,yes,"Vertical: Gold | Type: Request | Issue: Non-Technical Issue | Escalation: No

Question EN: Cancel Gold Limit
Question AR: في حالة العميل طلب الغاء ليميت الجولد

Script:
فى حالة العميل طلب الغاء ليميت الجولد
Gold -> request -> Cancel Gold Limit Escalation: No
• ممكن اعرف ایة سبب الالغاء و نحاول اننا نوضح للعمیل ان اللیمت لو حتي مستخدمهوش مش هيأثر علی ال I-Score."
517,b434b7fdd9425c49ba23e3f7cf37a5ec,0,halan,Saving,Inquiry,Non-Technical Issue,No,ok,What does Hala do with the saved money?,الفلوس اللي بنحوشها دي انتوا بتشغلوها في ايه؟,yes,"Vertical: Saving | Type: Inquiry | Issue: Non-Technical Issue | Escalation: No

Question EN: What does Hala do with the saved money?
Question AR: الفلوس اللي بنحوشها دي انتوا بتشغلوها في ايه؟

Script:
الفلوس اللي بنحوشها دي انتوا بتشغلوها في ايه؟
بيتم تحويش فلوسك في صندوق ادخار بالشراكة مع شركة أزيموت، ""اسم الصندوق: AZ-Halan""، صندوق ذو عائد متغير، نسبه المخاطر قليله.
الصناديق دي معظمها بتشتغل ف أذون الخزانة الحكومية.
أذون الخزانة: هي نوع من أنواع السندات الحكومية.
- Escalation: No
- CRM: Inquiry → General inquiry → Escalation Needed No"
519,0e8e12f38df75f8f826718226e31c286,0,halan,Saving,Inquiry,Non-Technical Issue,No,ok,What does Hala benefit from this service?,حالا بتستفيد ايه من الخدمة دي؟,yes,"Vertical: Saving | Type: Inquiry | Issue: Non-Technical Issue | Escalation: No

Question EN: What does Hala benefit from this service?
Question AR: حالا بتستفيد ايه من الخدمة دي؟

Script:
حالا بتستفيد ايه من الخدمة دي؟
حضرتك عارف ايه الخدمات اللي بتقدمها حالا؟
حالا بتقدم لحضرتك اكتر من خدمة (مدفوعات، مشتريات، تمويلات) ودي خدمة اضافية حالا بتقدمها لعملائها بناءًا على رأيهم.
- Escalation: No
- CRM: Inquiry → General inquiry → Escalation Needed No"
520,fdd84a999c175f848063d43053f30d1b,0,halan,General,Inquiry,Non-Technical Issue,No,ok,Forbidden words reminder,كلمات ممنوعة: استثمار، بورصة، بنك,yes,"Vertical: General | Type: Inquiry | Issue: Non-Technical Issue | Escalation: No

Question EN: Forbidden words reminder
Question AR: كلمات ممنوعة: استثمار، بورصة، بنك

Script:
تذكير للأجنت:
كلمات ممنوعة لا يجب استخدامها مع العملاء: استثمار — بورصة — بنك.
- Escalation: No"
523,2813d651178352b9966dbf4bc2b02f8f,0,halan,Saving,Inquiry,Non-Technical Issue,No,ok,"Interest update on holidays, Fridays and Saturdays",في حالة سؤال العميل عن تحديث الفائده في ايام الاجازات و الجمعة و السبت؟,yes,"Vertical: Saving | Type: Inquiry | Issue: Non-Technical Issue | Escalation: No

Question EN: Interest update on holidays, Fridays and Saturdays
Question AR: في حالة سؤال العميل عن تحديث الفائده في ايام الاجازات و الجمعة و السبت؟

Script:
في حالة سؤال العميل عن تحديث الفائده في ايام الاجازات و الجمعة و السبت:
بيتم اضافة الفائدة بصورة تراكمية في اول يوم عمل بعد الجمعة والسبت او الإجازات الرسمية.
- Escalation: No
- CRM: Inquiry → Interest Rate → Escalation Needed No"
525,9dead3d8de1a5e4baff124dcd793f394,0,halan,Saving,Inquiry,Non-Technical Issue,No,skipped,هل يمكن استخدام الرصيد في حساب حالا تحويش في دفع الأقساط او شراء منتجات ؟,هل يمكن استخدام الرصيد في حساب حالا تحويش في دفع الأقساط او شراء منتجات ؟,yes,"Vertical: Saving | Type: Inquiry | Issue: Non-Technical Issue | Escalation: No

Question EN: هل يمكن استخدام الرصيد في حساب حالا تحويش في دفع الأقساط او شراء منتجات ؟
Question AR: هل يمكن استخدام الرصيد في حساب حالا تحويش في دفع الأقساط او شراء منتجات ؟
Notes: هل يمكن استخدام الرصيد في حساب حالا تحويش في دفع الأقساط او شراء منتجات ؟
Body: هل يمكن استخدام الرصيد في حساب حالا تحويش في دفع الأقساط او شراء منتجات ؟

Script: (missing — answer.status=skipped)"
529,daa324f846be556b92d2d94963fdcdc6,0,halan,Saving,Complain,Non-Technical Issue,Yes,ok,Delay in receiving the contract (printing or delivery stage),في حاله تاخير استلام العقد وحالته ع السيستم جارى طباعه العقد او جارى تسليم العقد,yes,"Vertical: Saving | Type: Complain | Issue: Non-Technical Issue | Escalation: Yes

Question EN: Delay in receiving the contract (printing or delivery stage)
Question AR: في حاله تاخير استلام العقد وحالته ع السيستم جارى طباعه العقد او جارى تسليم العقد

Script:
في حاله تاخير استلام العقد وحالته ع السيستم جارى طباعه العقد او جارى تسليم العقد:

البيانات المطلوبة:
- الاسم بالكامل
- رقم التليفون المسجل بحساب حالا تحويش
- تفاصيل الشكوى

- Escalation: Yes
- CRM: Complaint → Non-Technical → Delay Receiving the Contract → Escalation Needed Yes"
546,b12712c7ecd35a2aab4ec9979626e738,0,halan,Saving,Complain,Account is not activated,Yes,ok,او انه مضى العقد والحساب ماتفعلش بناخد من العميل البيانات دى,او انه مضى العقد والحساب ماتفعلش بناخد من العميل البيانات دى,yes,"Vertical: Saving | Type: Complain | Issue: Account is not activated | Escalation: Yes

Question EN: او انه مضى العقد والحساب ماتفعلش بناخد من العميل البيانات دى
Question AR: او انه مضى العقد والحساب ماتفعلش بناخد من العميل البيانات دى

Script:
او انه مضى العقد والحساب ماتفعلش بناخد من العميل البيانات دى:

يتم التأكد اولا من خلال البورتال ان تم الامضاء ومرور 24 ساعة عمل من امضاء العقد:

- الاسم بالكامل
- رقم البطاقة بالكامل
- رقم التليفون المسجل بحساب حالا تمويل
- ممكن تسأل العميل مضى ف الفرع ولا مندوب و يسأل اسم الفرع اللي مضى في و مضى امتا العقد من الفرع او من المندوب و يكتب ف التكيت.

CRM: Complaint → Non-Technical / Account is not activated | Escalation: Yes"
550,5e7d73c139da589aa5f969f713b5a380,0,halan,Saving,Inquiry,How to deposits – Withdrew Money,No,ok,ازاي اقدر اعمل ايداع في حساب حالا تحويش؟,ازاي اقدر اعمل ايداع في حساب حالا تحويش؟,yes,"Vertical: Saving | Type: Inquiry | Issue: How to deposits – Withdrew Money | Escalation: No

Question EN: ازاي اقدر اعمل ايداع في حساب حالا تحويش؟
Question AR: ازاي اقدر اعمل ايداع في حساب حالا تحويش؟

Script:
ازاي اقدر اعمل ايداع في حساب حالا تحويش؟

- في اقل حد للسحب والايداع 10 ولا يوجد اقصى.
- يختار ان يدفع من رصيد المحفظة الالكترونية أو من حساب بنكي أو InstaPay.
- لابد ان يودع من حسابات في اسمه؛ رقم الموبايل والحساب اللي هيودع منه وكل بيانات الحساب اللي هيودع منه لازم تكون نفس بياناته لحمايته.

خطوات الايداع:
1. عند فتح صفحة الحساب هتظهر تفاصيل الحساب، يختار العملية اللي محتاجها (سحب أو ايداع).
2. بعد اختيار ايداع هتظهر خيارات طريقة الدفع؛ يختار المحفظة الالكترونية.
3. يدخل رقم الموبايل المسجل للمحفظة الالكترونية (حالا كاش، فودافون كاش، أو أي محفظة).
4. بعد كتابة رقم المحفظة، يدخل المبلغ اللي عايز يودعه.

CRM: Inquiry → How to deposits – Withdrew Money | Escalation: No"
559,e428afb1a2935ecd8d69babfed3fb59a,0,halan,Saving,Inquiry,Non-Technical Issue,No,ok,ينفع احول مبلغ من محفظه حالا ل حالا تحويش ؟,ينفع احول مبلغ من محفظه حالا ل حالا تحويش ؟,yes,"Vertical: Saving | Type: Inquiry | Issue: Non-Technical Issue | Escalation: No

Question EN: ينفع احول مبلغ من محفظه حالا ل حالا تحويش ؟
Question AR: ينفع احول مبلغ من محفظه حالا ل حالا تحويش ؟

Script:
ينفع احول مبلغ من محفظه حالا ل حالا تحويش:

حضرتك تقدر تحول من اي محفظه الكترونيه او حساب بنكي لحالا تحويش، غير متاح في الوقت الحالي التحويل من محفظة حالا.

CRM: Inquiry → Non-Technical Issue | Escalation: No"
572,904020cc9c22562e8bd8de0518e50335,0,halan,General,Request,Non-Technical Issue,Yes,ok,Return product request (Points),في حالة طلب استرجاع المنتج بعد الاستلام ؟ (Points),yes,"Vertical: General | Type: Request | Issue: Non-Technical Issue | Escalation: Yes

Question EN: Return product request (Points)
Question AR: في حالة طلب استرجاع المنتج بعد الاستلام ؟ (Points)

Script:
في حالة طلب استرجاع المنتج بعد الاستلام ؟
CRM: Commerce - Request - Return product request
Escalation: Yes
Fresh desk: Request - Cancel Transaction > (Ticketing Team)
نفس خطوات إسترجاع منتج الطبيعية
(Ticketing Team)
- هنتأكد الاول قبل الالغاء ان العميل رجع المنتج مرة اخري وهنفتح التيكت دي لخصم النقط الخاصة بالمنتج اللي قام بإسترجاعه .
- هنوضح كل حاجة ف التيكت ( وقت العملية - وعدد النقط اللي لازم تتخصم ) و نكتب كومنت ف الادمن تول انه تم فتح تيكت علي فريش ديسك برقم #"
577,05313abbd93058ba9e4f52b73263e836,0,halan,General,Complain,Non-Technical Issue,Yes,ok,Service outage,في حالة شكوي العميل من وجود مشكلة في اللينك الخاص بالعمليات ؟,yes,"Vertical: General | Type: Complain | Issue: Non-Technical Issue | Escalation: Yes

Question EN: Service outage
Question AR: في حالة شكوي العميل من وجود مشكلة في اللينك الخاص بالعمليات ؟

Script:
فى حالة شكوى العميل من وجود مشكلة فى اللينك الخاص بالعمليات ؟
هنعمل 2 Tickets
CRM: Halan points-> complaint -> technical issue -> Service outage
Fresh desk: Technical issue -> Service outage
لو العميل موجود عند التاجر in store : بنكلم رقم 2021299999+ وبنوضحله المشكلة وان العميل موجود in store ومحتاج يستبدل النقط والتواصل بيكون خلال 30 دقيقة
لو العميل مش موجود عند التاجر : بنقدم تيكت للعميل علي فريش ديسك لحل المشكلة وناخد من العميل البيانات المطلوبة بيتم حل المشكلة خلال ساعتين عمل."
578,aa67f055290850349024d844e538ace0,0,halan,General,Complain,Non-Technical Issue,Yes,ok,Redemption error (Points),في حالة شكوي العميل من عدم امكانية استبدال النقاط؟,yes,"Vertical: General | Type: Complain | Issue: Non-Technical Issue | Escalation: Yes

Question EN: Redemption error (Points)
Question AR: في حالة شكوي العميل من عدم امكانية استبدال النقاط؟

Script:
فى حالة شكوي العميل من عدم امكانية استبدال النقاط؟
هنعمل 2 Tickets
CRM: Halan points-> complaint -> Technical issue -> Redemption error
Fresh desk: Technical issue -> Redemption error
لو العميل موجود عند التاجر in store : بنكلم رقم 2021299999+ وبنوضحله المشكلة وان العميل موجود in store ومحتاج يستبدل النقط والتواصل بيكون خلال 30 دقيقة
لو العميل مش موجود عند التاجر : بنقدم تيكت للعميل علي فريش ديسك لحل المشكلة وناخد من العميل البيانات المطلوبة بيتم حل المشكلة خلال 4 ايام عمل."
579,4dc594d15e37552ca9555ab15444aa95,0,halan,General,Complain,Non-Technical Issue,No,ok,OTP SMS not received (Points),في حالة شكوي العميل من عدم استلامه OTP للتأكيد علي العملية,yes,"Vertical: General | Type: Complain | Issue: Non-Technical Issue | Escalation: No

Question EN: OTP SMS not received (Points)
Question AR: في حالة شكوي العميل من عدم استلامه OTP للتأكيد علي العملية

Script:
فى حالة شكوى العميل من عدم استلامه OTP للتأكيد على العملية ؟
هنعمل 2 Tickets
CRM: Halan points-> complaint -> Technical issue -> OTP SMS not received
Fresh desk: Connectivity -> OTP SMS not received
لو العميل موجود عند التاجر in store : بنكلم رقم 2021299999+ وبنوضحله المشكلة وان العميل موجود in store ومحتاج يستبدل النقط والتواصل بيكون خلال 30 دقيقة
لو العميل مش موجود عند التاجر : بنقدم تيكت للعميل علي فريش ديسك لحل المشكلة وناخد من العميل البيانات المطلوبة بيتم حل المشكلة خلال 24 ساعة عمل.
Customer's Name
Customer's Mobile Number
Merchant Name
Branch Address
Issue Description"
581,a2bf8bc8d7bc5c73a911f90889eee30b,0,halan,Saving,Request,Non-Technical Issue,Yes,ok,Customer wants to change contract delivery address,عميل يريد تغيير عنوان توصيل العقد,yes,"Vertical: Saving | Type: Request | Issue: Non-Technical Issue | Escalation: Yes

Question EN: Customer wants to change contract delivery address
Question AR: عميل يريد تغيير عنوان توصيل العقد

Script:
عميل يريد تغيير عنوان توصيل العقد:
بيتم التأكد اولا من حالة العقد من خلال البورتال.
هل تم التواصل مع حضرتك بعد التقديم؟
تمام هيتم تقديم طلب لحضرتك لتغيير العنوان الذي سيصل عليه المندوب لتوقيع العقد.

البيانات المطلوبة:
- رقم التليفون المسجل بحساب حالا تحويش
- رقم القومي للعميل
- العنوان الذي تريد استلام العقد فيه

- Escalation: Yes
- CRM: Request → To change the address before receiving the contract → Escalation Needed Yes"
582,46517d303bd95e65af21a96c7338a667,0,halan,Saving,Inquiry,Non-Technical Issue,No,ok,How to open Tahweesh account from the app,طريقة فتح الحساب من علي التطبيق؟,yes,"Vertical: Saving | Type: Inquiry | Issue: Non-Technical Issue | Escalation: No

Question EN: How to open Tahweesh account from the app
Question AR: طريقة فتح الحساب من علي التطبيق؟

Script:
طريقة فتح الحساب من على التطبيق:
من الصفحة الرئيسية للتطبيق → حالا تحويش → افتح حساب → ادخل بياناتك الاساسية (الإسم - الرقم القومى - العنوان).
- لا توجد مصاريف اداريه او للخدمة. وعند شكوى العميل ان يوجد مصاريف بتوضح للعميل بارسال screen على Whatsapp +20216303.
- بتوضح للعميل ان يقدم بخط شخصي مش بخط شركات.

خطوات من التطبيق:
1. من الصفحة الرئيسية هيظهر ليك ايقونة حالا تحويش.
2. لما تضغط عليها هيظهرلك صفحة التعريف بالخدمة واللي هتقدر منها تطلب فتح الحساب.
3. هيطلب منك التطبيق تدخل بياناتك الاساسية وتضغط إرسال الطلب.
4. بعدها هيظهرلك ان طلبك اتقبل وان فاضل ليك اخر خطوة هي انك تتوجه لأقرب فرع عشان تمضي الإستمارة.

- Escalation: No
- CRM: Inquiry → How to open account → Escalation Needed No"
583,bb8c63135271515c85fc91dd8ea22e92,0,halan,Saving,Request,Non-Technical Issue,Yes,ok,Customer wants courier to contact them,عميل يريد التواصل معه من خلال المندوب,yes,"Vertical: Saving | Type: Request | Issue: Non-Technical Issue | Escalation: Yes

Question EN: Customer wants courier to contact them
Question AR: عميل يريد التواصل معه من خلال المندوب

Script:
عميل يريد التواصل معه من خلال المندوب:
يتم التأكد أولا من خلال البورتال من حالة العقد (العقد جاهز للاستلام).

في حالة ان تم التواصل مع العميل ويريد اعادة التواصل معه مرة اخري:
البيانات المطلوبة:
- رقم التليفون المسجل بحساب حالا تحويش
- رقم القومي للعميل
- وتقديم الطلب مع توضيح سبب التواصل

في حالة ان العميل يريد تغيير ميعاد او تأجيل ميعاد توقيع العقد مع المندوب:
البيانات المطلوبة:
- رقم التليفون المسجل بحساب حالا تحويش
- رقم القومي للعميل
- وتقديم الطلب مع التوضيح بسبب التواصل

- Escalation: Yes
- CRM: Request → Request a call from courier → Escalation Needed Yes"
584,48622707eb7d5d3d9d598ce32117856e,0,halan,Saving,Complain,Non-Technical Issue,No,ok,Customer cancelled on system,ولو العميل ع السيستم ملغي,yes,"Vertical: Saving | Type: Complain | Issue: Non-Technical Issue | Escalation: No

Question EN: Customer cancelled on system
Question AR: ولو العميل ع السيستم ملغي

Script:
ولو العميل ع السيستم ملغي:
بيتم التوضيح للعميل: حضرتك تقدر تقدم من خلال التطبيق مرة اخري وسوف يتم التواصل مع حضرتك.
- Escalation: No
- CRM: Complaint → Non-Technical → Delay Receiving the Contract → Escalation Needed No"
605,a34a2b4efe2457059b4ff37e2760223d,0,halan,Gold,Inquiry,Technical Issue,No,ok,General Inquiry (Gold),في حالة طلب العميل عن امكانية استلام الدهب ع طول؟,yes,"Vertical: Gold | Type: Inquiry | Issue: Technical Issue | Escalation: No

Question EN: General Inquiry (Gold)
Question AR: في حالة طلب العميل عن امكانية استلام الدهب ع طول؟

Script:
في حالة طلب العميل عن امكانية استلام الدهب ع طول؟
General Inquiry <- Inquiry <- Gold
طبعا زي ما حضرتك عارف ان الدهب يعتبر استثمار طويل الأجل , و اسعار الذهب في ازدياد وكأنك بتشتري دهب كمان سنه بسعر اليوم. وتقدر حضرتك تستفيد بخدمة السداد المعجل : تقدر تستلم بعد 4 شهور بعد تسوية المديونية أو لو حضرتك حابب تبيع الدهب بعد 4 شهور. • في حالة رفض العميل للانتظار او خدمة السداد المعجل: لو حضرتك حابب تقدر تقدم علي طلب للحصول علي حد ائتماني وتقدر تشتري الدهب وتستلمه من أحد التجار المتعاقدين مع حالا."
610,0d422b78ba7158a79949b934133e5c7f,0,halan,Gold,Inquiry,Technical Issue,No,ok,Unable to apply (Gold),عميل يشتكي من ظهور رسالة خطأ اثناء التقديم في خدمة حالا جولد ؟,yes,"Vertical: Gold | Type: Inquiry | Issue: Technical Issue | Escalation: No

Question EN: Unable to apply (Gold)
Question AR: عميل يشتكي من ظهور رسالة خطأ اثناء التقديم في خدمة حالا جولد ؟

Script:
عميل يشتكى من ظهور رسالة خطأ أثناء التقديم فى خدمة حالا جولد ؟
Gold -> Complaint -> Technical -> Unable to apply
ممكن يتم ظهور رسالة خطأ أثناء التقديم لأن العميل خارج نطاق الخدمة (ليس من المحافظات اللي فيها الخدمة) · هنعتذر للعميل عن عدم توفر الخدمة و بمجرد ما تكون متاحة هيتم ارسال رسالة علي التطبيق لحضرتك عشان تقدر تستخدمها.
نتأكد من قيمة الذهب اللي العميل بيشتريه ميكونش اكثر من الحد الائتماني الخاص بالعميل .. الحد الأقصي (مليون جنية) حسب الاستعلام."
613,ccfac807ccf7589fb1a337a26b35824c,0,halan,General,Request,Non-Technical Issue,Yes,ok,Cancel purchased request (Points),هل في حالة طلب العميل الغاء اي اوردر وهل بيتم استرجاع النقط ؟ (Points),yes,"Vertical: General | Type: Request | Issue: Non-Technical Issue | Escalation: Yes

Question EN: Cancel purchased request (Points)
Question AR: هل في حالة طلب العميل الغاء اي اوردر وهل بيتم استرجاع النقط ؟ (Points)

Script:
هل في حالة طلب العميل الغاء اي اوردر وهل بيتم استرجاع النقط ؟
CRM: Commerce -> Request -> Cancel purchased request. CF/Cash
Commerce -> Request -> Cancel purchased request and return the amount to the wallet.
Commerce -> Request -> Cancel Purchased from credit card (Not from CF).
Escalation: Yes
Fresh desk: Request >> Refund voucher (Ticketing Team)
- لازم نعرف الاول اية سبب الالغاء ؟ و نحاول نساعد العميل عشان ميلغيش الطلب .. بس لو مُصر علي الالغاء :
هنوضحله انه سيتم تقديم طلب لالغاء الطلب واسترجاع النقط الخاصة به خلال 4 ايام عمل .. ولو العميل مشتري بالنقط واي طريقة تانية هنوضحله مدة استرجاع الطريقتين.
مثال: لو العميل اشتري منتج واختار الدفع بالنقط والكريديت كارد -> هنوضحله انه سيتم استرجاع النقط خلال 4 ايام عمل واسترجاع المبلغ علي الكريديت خلال 14 يوم عمل.
Escalation: Yes وهنوضح فيها قيمة وهنعمل تيكت الكانسل العادية حسب طريقة الشراء و هتكون النقاط اللي تم استخدامها وان العميل محتاج الغاء الاوردر."
644,8dfe4b964c2253008aa3ad42dd29cc04,0,halan,Pay,Complain,Technical Issue,Yes,ok,Customer paid a bill and the bill hasnt paid,عميل قام بدفع الفاتورة ولم يتم دفع الفاتورة,yes,"Vertical: Pay | Type: Complain | Issue: Technical Issue | Escalation: Yes

Question EN: Customer paid a bill and the bill hasnt paid
Question AR: عميل قام بدفع الفاتورة ولم يتم دفع الفاتورة

Script:
* عميل قام بدفع الفاتورة ولم يتم دفع الفاتورة:
Pay -> Complaint -> Technical -> Customer paid a bill and the bill hasn't paid
عميل قام بدفع الفاتورة ولم يتم دفعها
Admin Tool
لو العملية Failed يوضح للأخصائي يرجع للشركة علشان يتأكد أدفعت او لا
لو العملية Success بوضح للأخصائي يرجع للشركة
Pending بضغط عليها
لو فشلت (Yes)
لو نجحت (NO)
لو بقت Success ببلغ العميل ان العملية تمت بنجاح
لو مازالت Pending
لو نجحت (NO)
لو فشلت (Yes)
(NO)
(Yes)
لو العملية مش ظهرالي علي Admin Tool بوضح للعميل يبعت اسكرين علي رقم الواتساب 01556003709 وبقدم طلب للعميل (Yes)"
653,1d5e62a53ed85751b3ba2d7fdc0fa74b,0,halan,Gold,Inquiry,Technical Issue,No,ok,inquiry about the gold certificate,في حالة سؤال العميل عن العقد  والشهادة الخاصة بخدمة الدهب؟,yes,"Vertical: Gold | Type: Inquiry | Issue: Technical Issue | Escalation: No

Question EN: inquiry about the gold certificate
Question AR: في حالة سؤال العميل عن العقد  والشهادة الخاصة بخدمة الدهب؟

Script:
فى حالة سؤال العميل عن العقد والشهادة الخاصة بخدمة الدهب؟
حضرتك المندوب بيجيلك بالعقد الخاص بالدهب بيكون عقد التمويل وعقد الرهن الخاص بالدهب .. "" في الوقت الحالي العقد مكون من نسخة واحدة"" ولو حضرتك محتاج تصور العقد بالموبايل مفيش مشكلة.
المندوب بيستلم من حضرتك مصاريف الشراء وبيسلم حضرتك اقرار استلام مصاريف الشراء , وبعد امضاء العقد بنتواصل مع حضرتك لتسلیمك شهادة خاصة بالدهب.
Gold -> Inquiry -> inquiry about the gold certificate"
654,aa72f4ef89f45a399b74e532a5c1fce9,0,halan,Gold,Inquiry,Non-Technical Issue,No,ok,Inquiry about installment date (Gold),الفتره اللى العميل بيقدر يسدد بيها الاقساط قبل نزول غرمات,yes,"Vertical: Gold | Type: Inquiry | Issue: Non-Technical Issue | Escalation: No

Question EN: Inquiry about installment date (Gold)
Question AR: الفتره اللى العميل بيقدر يسدد بيها الاقساط قبل نزول غرمات

Script:
الفتره اللى العميل بيقدر يسدد بيها الاقساط قبل نزول غرمات:
یتم تسديد الاقساط مثل اقساط الCF من يوم 1 الي يوم 5 کل شهر.
Gold -> Inquiry -> Inquiry about installment date"
657,b8b6824b9c035af5a126c1a00537b78c,0,halan,Gold,Complain,Technical Issue,No,ok,service not activated yet (Gold),في حالة شكوي عميل من عدم ظهور جدول الاقساط بعد الامضاء,yes,"Vertical: Gold | Type: Complain | Issue: Technical Issue | Escalation: No

Question EN: service not activated yet (Gold)
Question AR: في حالة شكوي عميل من عدم ظهور جدول الاقساط بعد الامضاء

Script:
فى حالة شكوى عميل من عدم ظهور جدول الاقساط بعد الامضاء :
ممكن اعرف حضرتك مضيت العقد امتي ؟ يتم التأكد من مرور 48 ساعة عمل من موعد الامضاء استأذنك توضحلي رقم الموبيل او الرقم القومي الللي تم التقديم بيه
تاريخ تقديم الطلب (وعمل فيلتر من خلال البورتال بالتاريخ والرقم) · التأكد من خلال بورتال جولد:
حالة العميل (مربوط) حالة الطلب (تم التوقيع) وعند الضغط علي العين لمعرفة التفاصيل يتم ظهور (فشل) = بعتذر لحضرتك يوجد مشكلة تقنية يتم العمل عليها وبمجرد حلها سوف يتم ظهور الخدمة من خلال التطبيق ونزول جدول الاقساط .
ملحوظة : لا يوجد اي اقساط علي العميل في هذه الحالة, وفور حلها وظهور جدول الاقساط بالفعل علي التطبيق
Gold -> Complaint -> Technical -> service not activated yet
Escalation: No
٧ فى انتظار الموافقة - ٧
قيد المراجعة
- تم طباعة العقد
جاهز للاستلام
تم التوقيع 6 - - ٧ فى انتظار التوقيع
7 طلب مفعل
التصرف
65378d817841516c40ef4ab2 تم التوقيع
بيانات المستخدم <
الطلبات
السعر
مصاريف شراء الحالة
سعر BTC تاريخ شراء BTC رقم المنتج
رقم الفئة
اسم المنتج
فشل
20 جرام سبيكة ذهب أصفر بى تى سى - عيار 24 58.479.76 ج.م 2047
65378eb37841516c40ef4abc 64d112311c20085e89b65a7"
662,4f39746cd7a45ac386fa503421e32f9c,0,halan,Gold,Inquiry,Non-Technical Issue,No,ok,Inquiry about the status of the request (Gold),العميل (مربوط) حالة الطلب (تم التوقيع) وعند الضغط علي العين لمعرفة التفاصيل يتم ظهور (فشل),yes,"Vertical: Gold | Type: Inquiry | Issue: Non-Technical Issue | Escalation: No

Question EN: Inquiry about the status of the request (Gold)
Question AR: العميل (مربوط) حالة الطلب (تم التوقيع) وعند الضغط علي العين لمعرفة التفاصيل يتم ظهور (فشل)

Script:
استفسار عميل عن حالة الطلب الخاصة به بعد التقديم:
Gold -> Inquiry -> Inquiry about the status of the request
يتم التأكد من حالة الطلب من خلال البورتال.
استأذنك توضحلي رقم الموبيل او الرقم القومي اللي مقدم من خلاله (البحث برقم الهاتف او الرقم القومي).
استأذنك توضحلي تاريخ تقديم الطلب (عمل فيلتر بالتاريخ من خانة (البداية والنهاية) في اعلي الصفحة).
حالة العميل (مربوط) حالة الطلب (تم التوقيع) وعند الضغط علي العين لمعرفة التفاصيل يتم ظهور (فشل) = بعتذر لحضرتك يوجد مشكلة تقنية بمجرد حلها سوف يتم ظهور الخدمة من خلال التطبيق ونزول جدول الاقساط .
ملحوظة : لا يوجد اي اقساط علي العميل في هذه الحالة الا اذا تم حلها وظهولا جدول الاقساط بالفعل علي التطبيق.
٧ قيد المراجعة فى انتظار الموافقة - ٧
٧ تم طباعة العقد
جاهز للاستلام - ٧ فى انتظار التوقيع
تم التوقيع 6 -
7 طلب مفعل
التصرف
٠٠
65378d817841516c40ef4ab2 تم التوقيع
بيانات المستخدم <
الطلبات
السعر
مصاريف شراء
الحالة
سعر BTC تاريخ شراء BTC رقم المنتج
رقم الفئة
اسم المنتج
20 جرام سبيكه ذهب أصغر بى تى سى - عيار 24 58.479.76 ج.م 2047
فشل
65378eb37841516c40et4abc 64d112311c2d085e89b6d5a7"
664,8a85eb1b35fa5c1eb60fa4543c88f731,0,halan,General,Inquiry,Technical Issue,No,ok,How to open Halan CRM,Halan CRM ازاي افتح,yes,"Vertical: General | Type: Inquiry | Issue: Technical Issue | Escalation: No

Question EN: How to open Halan CRM
Question AR: Halan CRM ازاي افتح

Script:
ازاي افتح Halan CRM:
Link: https://crm-portal.fintech.halan.io/app/crm/login-65a5518bba912a7c3233c213

هندخل الايميل و الباسوورد الموجودين في تطبيق Microsoft Authenticator .. هيوصلك كود هتدخله علي الموبايل.
- Escalation: No"
666,f6ccda094ba35821af6810949f56be23,0,halan,General,Inquiry,Technical Issue,No,ok,CRM,تقدر تشوف العميل مربوط بأي فرع (متكود علي اي فرع؟) و نزله ليميت استهلاكي او قرض تساهيل ولا لا,yes,"Vertical: General | Type: Inquiry | Issue: Technical Issue | Escalation: No

Question EN: CRM
Question AR: تقدر تشوف العميل مربوط بأي فرع (متكود علي اي فرع؟) و نزله ليميت استهلاكي او قرض تساهيل ولا لا

Script:
تقدر تشوف العميل مربوط بأى فرع (متكود على أى فرع؟) ونزله ليميت استهلاكى او قرض تساهيل ولا لا ؟:
- لو العميل مقدم طلب الحصول علي حد ائتماني -> بيظهر بيانات القرض في CF Tab.
- لو العميل مقدم علي طلب الحصول على قرض من تساهيل -> بيظهر القرض في LTS Tab.
- بيظهر اسم الفرع المكود عليه العميل مع بياناته.
Customer Name:
National Id:
Gender: female
its]
منه محمد صبحى العشماوى - منسقة :Loan Officer
القاهرة - حدائق القبة :Branch Name
Customer Key: 11025
۔ Mobile Number: 01141 **
Disburseme ...
Principal
Created At
Issued At
Status
Loan Key
- لو العميل عنده ليميت بنقدر نشوفه من Loan Tab.
Customer Limits
of 1
< Page 1
Limit Type
Remaining Limit
Limit
خدمي
10000000
10000000
تمويل إستهلاكي
534
10000"
667,9d8686f9b73c51c9a230e5149e876199,0,halan,General,Inquiry,Technical Issue,No,ok,CRM,Dispatched to branchتقدر تشوف حالة الطلبات ال,yes,"Vertical: General | Type: Inquiry | Issue: Technical Issue | Escalation: No

Question EN: CRM
Question AR: Dispatched to branchتقدر تشوف حالة الطلبات ال

Script:
تقدر تشوف حالة الطلبات الDispatched to branch :
1- من خلال البحث برقم البطاقة هيظهرلك حالة الطلب
Customer Leads
1 Records <Pige 1 of 1 >
brand
businessAddress.
business Area
businessCity
businessGovermate
businessAddress
businessSector
Created At
Statut
Typ
Channel
Name
82.76
قرص
قرص
ـجارى
0
20/03/2024
submitted
micro
كول سنتر
يحي سط محمد احمد
2- اضغط علي (ايقونة العين) لتفاصيل الطلب وهتقدر تعرف رد الاخصائي علي الطلب.
3- تقدر تعرف هل تم التواصل بالعميل ولا لا لو حالة الطلب dispatched بس لسة متردش علي العميل.
Dial History
>
4 Records ٧ Page 1 of 1
duration
message
Reason
Name
Date
لم يتم الرد
العميل لم يرد
... يم بركى متولى - اخصائى
11/03/2024 13:04
16
لم يتم الرد
العميل لم يرد
... يم بركى متولى - اخصائى
12/03/2024 12:09
16
تم الرد
... ستكمال أوراق ملف الحالة
... يم بركى متولى - اخصائى
12/03/2024 12:17
16
العميل لم يرد
... يم بركى متولى - اخصائى
18/03/2024 12:03"
668,b2e1a6df1fde5139a4bd4ecf282206c3,0,halan,General,Inquiry,Technical Issue,No,ok,CRM,بنقدر نعرف بيانات القرض,yes,"Vertical: General | Type: Inquiry | Issue: Technical Issue | Escalation: No

Question EN: CRM
Question AR: بنقدر نعرف بيانات القرض

Script:
بنقدر نعرف بيانات الفرض :
1- رقم القرض = Loan Key
2- تاريخ القرض , تاريخ الشراء من الليمت = Issue Date
3- حالة القرض = issued ,Still Open , Closed , Finished installments
4- قيمة القرض المستخد من الليمت = Principal
5- حصل علي القرض في اي صورة ( حالا كاش , ليمت , كارت حالا) = Disbursement Type
Its cf
Limits
خلود خالد عبدالعال نصرالدين - اخصائي تمويل استهلاكى :Loan Officer
القاهرة - حدائق القبة - تساهيل :Branch Name
Customer Key: 1516800
Mobile Number: 011 .**
disbursementType
Loan type
Principal
Status
Creation Date
Issue Date
Loan Key
halanCard
تمويل إستهلاكي
10000
issued
13/02/2024
13/02/2024
151680000533001"
669,dbb1926e5d56554a8b0239a27521e829,0,halan,General,Inquiry,Technical Issue,No,ok,CRM,بنقدر نعرف بيانات معاملات الشراء,yes,"Vertical: General | Type: Inquiry | Issue: Technical Issue | Escalation: No

Question EN: CRM
Question AR: بنقدر نعرف بيانات معاملات الشراء

Script:
بنقدر نعرف بيانات معاملات الشراء :
1- قيمة المعاملة = Loan Amount 2- تاريخ المعاملة = Issue Date
3- عدد الاقساط الخاص بالمعاملة = Tenor 4- حالة القسط = (Status (paid - unpaid , partially paid
5- تاريخ الدفع = Paid at
Loan Details
Loan Amount: 10000
Issue Date: 13/02/2024
Disbursement Type: halanCard
Tenor: 24 months
of 4
1
Page
24 Records
Installment date
Installment
id
Paid At
totalPaid
Status
Mar 2024
13/02/2024 17:07
2
28/02/2024 12:30
642
paid
Apr 2024
642
3
642
May 2024
unpaid
Jun 2024
unpaid
642
4
unpaid
Jul 2024
642
unpaid
Aug 2024
642
1
642
paid
642
6
X"
670,17b89134526a5f47808cd0e0dfad48a6,0,halan,CF,Inquiry,Non-Technical Issue,No,ok,Instant approval Branches,عميل يستفسر عن اقرب فرع موافقة فورية,yes,"Vertical: CF | Type: Inquiry | Issue: Non-Technical Issue | Escalation: No

Question EN: Instant approval Branches
Question AR: عميل يستفسر عن اقرب فرع موافقة فورية

Script:
عميل يستفسر عن اقرب فرع موافقة فورية :
CF -> inquiry -> Inquiry about CF Instant approval branches
بنوضح للعميل اقرب فرع موافقة فورية من شيت Direct Sales مع مواعيد العميل"
672,47e5252497b75474a0a85cab25ec0a2b,0,halan,Pay,Inquiry,Non-Technical Issue,No,ok,Inquiry about Salary lending,عميل بيستفسر امتي السلفة هتنزله بعد عملية السحب,yes,"Vertical: Pay | Type: Inquiry | Issue: Non-Technical Issue | Escalation: No

Question EN: Inquiry about Salary lending
Question AR: عميل بيستفسر امتي السلفة هتنزله بعد عملية السحب

Script:
*عميل بيستفسر امتى السلفة هتنزله بعد عملية السحب :
Pay <- Inquiry <- Inquiry about Salary lending
السلفة بتنزل للعميل خلال 24 ساعة عمل علي حسابه اللي تم الاتفاق عليه."
687,f2747c4420a2501c95bf05493ac86942,0,halan,Pay,Inquiry,Non-Technical Issue,No,ok,Salary lending Inq,لو العميل بيقبض كاش هيستلم الفلوس ازاي؟,yes,"Vertical: Pay | Type: Inquiry | Issue: Non-Technical Issue | Escalation: No

Question EN: Salary lending Inq
Question AR: لو العميل بيقبض كاش هيستلم الفلوس ازاي؟

Script:
لو العميل بيقبض كاش هيستلم الفلوس ازاي؟
- ليس لدينا خدمة الكاش. يتم تحويل المبالغ على الكارت"
692,8cb61c60ad4956e19183e168ea04d848,0,halan,Pay,Request,Non-Technical Issue,Yes,ok,Transfer salary to wallet or bank account,عميل يريد تغيير نزول المبلغ من المحفظة لحساب البنك او العكس,yes,"Vertical: Pay | Type: Request | Issue: Non-Technical Issue | Escalation: Yes

Question EN: Transfer salary to wallet or bank account
Question AR: عميل يريد تغيير نزول المبلغ من المحفظة لحساب البنك او العكس

Script:
* عميل يريد تغيير نزول المبلغ من المحفظة لحساب البنك او العكس:
Pay -> request -> transfer salary to wallet or bank account
Escalation:Yes
هيتم تقديم طلب لحضرتك للحصول علي حالا كارت وهيتم التغيير خلال 24 ساعة عمل , ناخد بيانات العميل الاسم والرقم والرقم الوظيفي و اسم الشركة"
697,a84940c564aa509a92730eb102dcd371,0,halan,Pay,Request,Non-Technical Issue,Yes,ok,Transfer Salary lending to Halan Card,عميل يستفسر عن امكانيه تحويل الراتب المبكر الي كارد حالا,yes,"Vertical: Pay | Type: Request | Issue: Non-Technical Issue | Escalation: Yes

Question EN: Transfer Salary lending to Halan Card
Question AR: عميل يستفسر عن امكانيه تحويل الراتب المبكر الي كارد حالا

Script:
عميل يستفسر عن امكانيه تحويل الراتب المبكر الى كارد حالا :
Pay-> Request -> Transfer Salary lending to Halan Card
Escalation : Yes
دلوقتي ممكن حضرتك تحول الراتب المبكر علي كارد حالا من خلال تقديم طلب لحضرتك وهيتم الرد خلال 48 ساعة عمل وبناخد من العميل رقم البطاقة و اسم العميل رباعي"
699,582eaf49f0d857f0a775f56848c37767,0,halan,Pay,Complain,installment didn't deducted from salary (Salary Lending),Yes,ok,installment didn't deducted from salary (Salary Lending),عميل يشكوا ان القسط متخصمش من المرتب الشهري (Salary Lending),yes,"Vertical: Pay | Type: Complain | Issue: installment didn't deducted from salary (Salary Lending) | Escalation: Yes

Question EN: installment didn't deducted from salary (Salary Lending)
Question AR: عميل يشكوا ان القسط متخصمش من المرتب الشهري (Salary Lending)

Script:
عميل يشكوا ان القسط متخصمش من المرتب الشهري:

Pay → complaint → financial → installment didn't deducted from salary

بنوضح للعميل اننا هنقدم طلب وهيتم الرد عليك خلال 24 ساعة، وناخد بياناته واسم الشركة، وابلغ التيم ليدر.

CRM: Pay → Complaint → Financial → installment didn't deducted from salary | Escalation: Yes"
707,4fc6661b3ca456fc84f71d583b0736a5,0,halan,CF,Inquiry,Technical Issue,No,ok,Inquiry about consumer finance process,عميل يستفسر عن كيفية الحصول الحد الائتماني (مفيش طلب موجود علي ادمن تول),yes,"Vertical: CF | Type: Inquiry | Issue: Technical Issue | Escalation: No

Question EN: Inquiry about consumer finance process
Question AR: عميل يستفسر عن كيفية الحصول الحد الائتماني (مفيش طلب موجود علي ادمن تول)

Script:
عميل يستفسر عن كيفية الحصول الحد الائتمانى (مفيش طلب موجود على ادمن تول) :
لو العميل خارج محافظات الموافقة الفورية
هنشرح للعميل معني الحد الائتماني وهنوضح الأوراق المطلوبة
وهنوضح للعميل اننا هنقدمله الطلب من خلالنا ويتوجه للفرع اللي اختاره عند تقديم الطلب
CF -> inquiry -> Ing about CF & request created
Escalation: No
هنشرح للعميل معني الحد الائتماني وهنوضح الأوراق المطلوبة وهنوضح للعميل اننا هنقدمله الطلب من خلالنا لو العميل رفض التقديم من خلالنا هنوضحله طرق التقديم الآخر :- 1- من خلال التطبيق.
2- من خلال اقرب فرع مشروعي او تساهيل
CF -> inquiry -> Ing about consumer finance process
Escalation: No"
709,accd51f2261256bb861a1915a1d0d5f9,0,halan,CF,Inquiry,Non-Technical Issue,No,ok,Inquiry about CF Educational Loan,ما هي خدمة التمويل مصاريف التعليم (القرض التعليمي)؟,yes,"Vertical: CF | Type: Inquiry | Issue: Non-Technical Issue | Escalation: No

Question EN: Inquiry about CF Educational Loan
Question AR: ما هي خدمة التمويل مصاريف التعليم (القرض التعليمي)؟

Script:
ما هي خدمة التمويل مصاريف التعليم (القرض التعليمي)؟
CF <- Inquiry <- Inquiry about CF Educational Loan
Escalation: No
حالا بتقدم تمويل تعليمى يصل الى مليون جنية , بتستفاد بأقل سعر فايدة على فترة سداد من 6 شهور ل 12 شهر
الفائدة بتكون كام ؟ ۔ الفايدة بتتحدد من الفرع بناءً علي مدة القسط وعلي المبلغ اللي هتحصل عليه.
حضرتك تقدر تقدم من خلال الذهاب الى أقرب فرع مشروعي أو تساهيل .
ملاحظات هامة:
1. سيتم التوضيح للعميل أقرب فرع مشروعي او تساهيل بناءا على المنطقة السكنية و سيتم توضيح الفرع الموجهة له العميل في التكت.
2. لا يوجد مانع في الحصول على حد ائتماني تعليمي والعميل يمتلك حد ائتماني لشراء منتجات والموافقة بيتم بناءا على رد ادارة الائتمان.
ما هي شروط التقديم على القرض التعليمى ؟
1. لايقل عمر العميل عن 21 سنة عند التعاقد ولا يتعدى السن 59 سنة
2. أن يكون الطالب/المستفيد من التمويل من درجة القرابة الأولى فقط للعميل (والد او والدة الطالب )
3. ان يكون العميل تجاوز 21 سنة حال أن يكون الطالب نفسه العميل
4. توفير ضامن
ما هى الاوراق المطلوبة للتقديم على القرض التعليمى ؟
الأوراق المطلوبة بشكل مبدئي:
- صورة بطاقة العميل
- أصل استمارة طلب التمويل موقعة من العميل في الفرع
- إيصال مرافق للعميل والضامن"
717,53ff68764947589a8e1ac0117b5f1d0e,0,halan,CF,Inquiry,Non-Technical Issue,No,ok,Inquiry about consumer finance process,عميل يستفسر عن الأوراق المطلوبة للحصول علي حد ائتماني(مشروعي أو تساهيل)؟,yes,"Vertical: CF | Type: Inquiry | Issue: Non-Technical Issue | Escalation: No

Question EN: Inquiry about consumer finance process
Question AR: عميل يستفسر عن الأوراق المطلوبة للحصول علي حد ائتماني(مشروعي أو تساهيل)؟
Notes: CF -> Inquiry -> Inquiry about consumer finance process
Body: CF -> Inquiry -> Inquiry about consumer finance process

Script:
عميل يستفسر عن الأوراق المطلوبة للحصول على حد ائتمانى (مشروعى أو تساهيل)؟
سن العميل لازم يكون 21 سنة مش اقل ۔
الأوراق المبدئية المطلوبة من حضرتك
صورة البطاقة الشخصية اثبات سکن عن طریق إيصال مرافق حديث"" 3 شهور علی الأكثر"" (غاز او مياه او کھرباء أو · صورة من عقد ملكية العقار أو صورة من عقد الإيجار)
عدد الضمان من شخص إلى 3 أشخاص حسب تقييم الفرع للحالة الائتمانية للعميل ودي حاجة حضرتك هتعرفها من مكالمة الفرع لحضرتك.
الأوراق المطلوبة من الضامن
صورة بطاقة الضامن
اثبات سکن عن طریق إيصال مرافق حدیث"" 3 شهور على الأكثر"" - غاز او مياه او كهرباء أو صورة من عقد ملكية العقار أو صورة من عقد الإيجار"
729,3d9d0441a2bc5b5787d7887509ad1c9a,0,halan,Gold,Complain,Technical Issue,No,ok,Unable to receive the payment code message(Gold),عميل يشكو من عدم وصول الرسالة الخاصة بكود دفع القسط ؟(Gold),yes,"Vertical: Gold | Type: Complain | Issue: Technical Issue | Escalation: No

Question EN: Unable to receive the payment code message(Gold)
Question AR: عميل يشكو من عدم وصول الرسالة الخاصة بكود دفع القسط ؟(Gold)

Script:
عميل يشكو من عدم وصول الرسالة الخاصة بكود دفع القسط ؟
Gold -> Complaint -> Technical -> Unable to receive the payment code message > Escalated No
التأكد أولا من خلال بورتال جولد من ان الطلب مفعل.
يتم مراجعة ال CRM وابلاغ العميل بالكود الخاص بيه لدفع الأقساط كود فوري - 71822"
730,838c8351de0f5898972f6137779e8011,0,halan,Gold,Inquiry,Technical Issue,Yes,ok,General Inquiry (Gold),ايه اللي بيحصل بعد انتهاء مدة القرض؟,yes,"Vertical: Gold | Type: Inquiry | Issue: Technical Issue | Escalation: Yes

Question EN: General Inquiry (Gold)
Question AR: ايه اللي بيحصل بعد انتهاء مدة القرض؟

Script:
ايه اللى بيحصل بعد انتهاء مدة القرض؟
General Inquiry <- Inquiry <- Gold
• قبل سداد آخر قسط ، بيتم التواصل مع العميل لابلاغة بموعد الاستلام بعد سداد آخر قسط"
731,92b936efee595cad8134ce4af4f4abbc,0,halan,Gold,Inquiry,Non-Technical Issue,No,ok,Inquiry about the status of the request (Gold),"استفسار عميل عن حالة الطلب الخاصة به بعد التقديم , حالة العميل (مربوط) حالة الطلب (في انتظار الموافقة)",yes,"Vertical: Gold | Type: Inquiry | Issue: Non-Technical Issue | Escalation: No

Question EN: Inquiry about the status of the request (Gold)
Question AR: استفسار عميل عن حالة الطلب الخاصة به بعد التقديم , حالة العميل (مربوط) حالة الطلب (في انتظار الموافقة)

Script:
استفسار عميل عن حالة الطلب الخاصة به بعد التقديم:
Gold -> Inquiry -> Inquiry about the status of the request
يتم التأكد من حالة الطلب من خلال البورتال. ·
استأذنك توضحلي رقم الموبيل او الرقم القومي اللي مقدم من خلاله (البحث برقم الهاتف او الرقم القومي). استأذنك توضحلي تاريخ تقديم الطلب (عمل فيلتر بالتاريخ من خانة (البداية والنهاية) في اعلي الصفحة).
16/04/2024
16/04/2024 1
X رقم الهاتف ٧ 01060188177
اسم العميل
الرقم القومي
رقم الهاتف
حالة العميل
تاريخ الطلب
عدد المنتجات السعر الكلي
مصاريف شراء
حالة الطلب
رقم الطلب
التأكد من حالة الطلب الخاصة بالعميل من خلال خانة (حالة العميل - حالة الطلب):
•
حالة العميل (مربوط) حالة الطلب (في انتظار الموافقة) = حضرتك مقدم طلب بالفعل من خلال التطبيق وهيتم التواصل من خلال القسم المختص في خلال 48 ساعة لتأكيد الطلب.
16/04/2024
16/04/2024 1
رقم الهاتف
X 01060188177 V
اسم العميل
الرقم القومي
رقم الهاتف
حالة العميل
تاريخ الطلب
عدد المنتجات
السعر الكلي
مصاريف شراء
حالة الطلب
رقم الطلب
+
بس خالد يس سليمان
29710140102993
01060188177
مربوط
16/04/2024
19990.3 جم
700
في انتظار الموافقة
661dfc1793e9ae2c7cocc553"
732,2cdc72f648c85b6398b9fed0b8346148,0,halan,Gold,Inquiry,Non-Technical Issue,No,ok,Inquiry about the status of the request (Gold),(جاهز للاستلام) حالة العميل (مربوط)حالة الطلب (في انتظار التوقيع),yes,"Vertical: Gold | Type: Inquiry | Issue: Non-Technical Issue | Escalation: No

Question EN: Inquiry about the status of the request (Gold)
Question AR: (جاهز للاستلام) حالة العميل (مربوط)حالة الطلب (في انتظار التوقيع)

Script:
استفسار عميل عن حالة الطلب الخاصة به بعد التقديم:
Gold -> Inquiry -> Inquiry about the status of the request
• يتم التأكد من حالة الطلب من خلال البورتال. استأذنك توضحلي رقم الموبيل او الرقم القومي اللي مقدم من خلاله (البحث برقم الهاتف او الرقم القومي).
• استأذنك توضحلي تاريخ تقديم الطلب (عمل فيلتر بالتاريخ من خانة (البداية والنهاية) في اعلي الصفحة).
التأكد من حالة الطلب الخاصة بالعميل من خلال خانة (حالة العميل - حالة الطلب):
• حالة العميل (مربوط) حالة الطلب (في انتظار التوقيع) = تم التواصل مع حضرتك وتم تأكيد الطلب وفي انتظار تواصل المندوب للامضاء في خلال 48 ساعة.
· حالة العميل (مربوط) حالة الطلب (جاهز للاستلام) = تم التواصل مع حضرتك وتم تأكيد الطلب وفي انتظار تواصل المندوب للامضاء في خلال 24 ساعة
٣ النهاية البداية
٧ الرقم القومي
اسم العميل
الرقم القومي
رقم الهاتف
حالة العميل ٢
تاريخ الطلب
عدد المنتجات
السعر الكلي
مصاريف شراء
حالة الطلب ؟
رقم الطلب
+ عز عبد الحكيم عز العرب محجوب
30005220103036
01102758256
مربوط
14/04/2024
1
80701.2 ج.م
2825
في انتظار التوقيع
661bfa2b93e9ae2c7c6cb10d"
733,1946c1c897055f90a04affe46368c2ca,0,halan,Gold,Inquiry,Non-Technical Issue,No,ok,Inquiry about the status of the request (Gold),حالة العميل (مربوط) حالة الطلب (تم التوقيع),yes,"Vertical: Gold | Type: Inquiry | Issue: Non-Technical Issue | Escalation: No

Question EN: Inquiry about the status of the request (Gold)
Question AR: حالة العميل (مربوط) حالة الطلب (تم التوقيع)

Script:
استفسار عميل عن حالة الطلب الخاصة به بعد التقديم:
Gold -> Inquiry -> Inquiry about the status of the request
• يتم التأكد من حالة الطلب من خلال البورتال.
استأذنك توضحلي رقم الموبيل او الرقم القومي اللي مقدم من خلاله (البحث برقم الهاتف او الرقم القومي). استأذنك توضحلي تاريخ تقديم الطلب (عمل فيلتر بالتاريخ من خانة (البداية والنهاية) في اعلي الصفحة).
التأكد من حالة الطلب الخاصة بالعميل من خلال خانة (حالة العميل - حالة الطلب):
• الضغط علي شكل العين للتأكد من حالة الطلب.
• حالة العميل (مربوط) حالة الطلب (تم التوقيع) = تم توقيع العقد وسيتم تفعيل الخدمة في خلال 48 ساعة عمل من الامضاء.
01/04/2024
16/04/2024 1
رقم الهاتف
X 01024103898 V
اسم العميل
الرقم القومي
رقم الهاتف
حالة العميل :
تاريخ الطلب
عدد المنتجات
السعر الكلي
مصاريف شراء
حالة الطلب ؟
رقم الطلب
+
حسام الدين حسن ابراهيم حسن ابراهيم
27807010109836
01024103898
مربوط
11/04/2024
1
6992 ج.م
245
تم التوقيع
66183b7093e9ae2c7coc908b"
741,d6ad53a64ca256a09aa6dee2de54a894,0,halan,CF,Inquiry,Non-Technical Issue,No,ok,Death Case (Halan),حالة وفاة للعميل و لم يتم سداد القرض,yes,"Vertical: CF | Type: Inquiry | Issue: Non-Technical Issue | Escalation: No

Question EN: Death Case (Halan)
Question AR: حالة وفاة للعميل و لم يتم سداد القرض

Script:
*فى حالة وفاة العميل ولم يتم سداد الأقساط كاملة:
CF -> Inquiry -> Death Case
- فى حالة العمیل صرف القرض من مشروعی او تساهیل : لازم یتوجه للفرع اللی تم التقدیم خلاله.
- فى حالة ان العمیل صرف القرض خلال مندوب (Instant approval) :
اولاً : لازم نقول للعميل البقاء لله
ثانيا : هنوجه العميل لمول العرب ويكون معاه :
1- أصل شهادة الوفاة الكتروني
2- لازم يكون مفيش اي اقساط مستحقة علي العميل حتي تاريخ الوفاة. والقسط بيتشال من علي العميل خلال اقرب وقت ."
742,f55c7ba577c15310a7ede40850998dd5,0,halan,CF,Inquiry,Technical Issue,No,ok,Inquiry about Merchants promos (Halan),عميل يستفسر عن عروض التجار,yes,"Vertical: CF | Type: Inquiry | Issue: Technical Issue | Escalation: No

Question EN: Inquiry about Merchants promos (Halan)
Question AR: عميل يستفسر عن عروض التجار
Notes: Merchants Link :: https://halaninc-my.sharepoint.com/:x:/r/personal/radwan_mohamed_halan_com/Documents/Inbound%20Scripts/Merchants%20Promos.xlsx?d=w9b997209dfa343de8ea11bca82a865e0&csf=1&web=1&e=IiIKUy
Body: Merchants Link :: https://halaninc-my.sharepoint.com/:x:/r/personal/radwan_mohamed_halan_com/Documents/Inbound%20Scripts/Merchants%20Promos.xlsx?d=w9b997209dfa343de8ea11bca82a865e0&csf=1&web=1&e=IiIKUy

Script:
* عميل يستفسر عن عروض التجار:
CF -> Inquiry -> Inquiry about Merchants promos
كل عروض حالاً موجودة على تطبيق حالاً و صفحتنا على فيسبوك. سيتم توضيح العروض المتاحة بعد سؤال العميل عن إحتياجاته و منطقته السكنية .. يمكن معرفة العروض من خلال Merchant Promos ملحوظة هامة : لا يمكن تغيير مدة القسط في حالة الشراء المنتج بعرض"
749,4dae7b050d8b5fa1abff8d929e59554a,0,halan,CF,Inquiry,Technical Issue,No,ok,Inquiry about the CF block reason,(Halan) عميل يستفسر عن سبب الحظر علي الحد الائتماني,yes,"Vertical: CF | Type: Inquiry | Issue: Technical Issue | Escalation: No

Question EN: Inquiry about the CF block reason
Question AR: (Halan) عميل يستفسر عن سبب الحظر علي الحد الائتماني

Script:
* عميل يستفسر عن سبب الحظر على الحد الائتماني :
CF <- Inquiry <- Inquiry about the CF block reason
Escalation : No
- سيتم التأكد من ال Admin Tool ان تم حظر الحد الائتماني للعميل
User's consumer finance data
User's available balance: 6274
User's limit: 45000
User is currently not blocked to show her/his balance
User CF Status: Blocked
بنشوف العميل صرف القرض منين علي CRM
« لو الع مقدم علي الحد الائتماني من مشروعي او تساهيل: بعتذر لحضرتك لقد تم حظر الحد الائتماني من جانب قسم الائتمان حضرتك تقدر تتابع مع الفرع لمعرفة كافة التفاصيل.
< لو العميل مقدم علي الحد الائتماني من فرع موافقة فورية او من التطبيق : بعتذر جداً لحضرتك لقد تم حظر الحد الائتماني الخاص بحضرتك من جانب إدارة الائتمان"
766,15c57030e4f35dfc878a2d27086c3675,0,halan,Gold,Inquiry,Technical Issue,No,ok,Why I should pay payment fees (Gold),عميل يستفسر عن سبب دفع مصاريف الشراء؟,yes,"Vertical: Gold | Type: Inquiry | Issue: Technical Issue | Escalation: No

Question EN: Why I should pay payment fees (Gold)
Question AR: عميل يستفسر عن سبب دفع مصاريف الشراء؟

Script:
عميل يستفسر عن سبب دفع مصاريف الشراء %2؟
Gold -> Inquiry -> Why I should pay payment fees?
• دي بتكون مصاريف ادارية وقيمتها %2"
779,28f1c2abe16b5b888483d269d95b2aef,0,halan,Pay,Inquiry,Technical Issue,No,ok,WE Salary Lending,موظف شركة WE بيستفسر عن تفعيل خدمة الراتب المبكر,yes,"Vertical: Pay | Type: Inquiry | Issue: Technical Issue | Escalation: No

Question EN: WE Salary Lending
Question AR: موظف شركة WE بيستفسر عن تفعيل خدمة الراتب المبكر

Script:
موظف شركة WE بيستفسر عن تفعيل خدمة الراتب المبكر:
الراتب المبكر يصل ل 200%
1. حضرتك بترجع لإدارة الاجور في شركة حضرتك للامضاء علي استمارة نفعیل خدمة الراتب المبکر.
2. بيتم تفعيل الخدمة خلال 48 ساعة من امضاء الاستمارة.
3. المبلغ هينزل للعميل على كارت حالا.
ملحوظة: عميل شركة we لو مشترك في خدمة الراتب المبكر وعنده حد ائتماني .. الفايدة في الشراء هتكون 34.17% بدل %38 .. بشرط يكون مشترك في خدمة الراتب المبكر (متاح الشراء بكارت حالا كمان)"
782,0386bf1350325902b3f3ec556207a38e,0,halan,CF,Complain,Non-Technical Issue,Yes,ok,Dream2000 Complaints,Dream 2000,yes,"Vertical: CF | Type: Complain | Issue: Non-Technical Issue | Escalation: Yes

Question EN: Dream2000 Complaints
Question AR: Dream 2000

Script:
عميل بيسأل اقرب فرع دريم 2000 اية
هنفتح شيت الفروع ونوضح للعميل اقرب فرع ليه
CF - inquiry - inquiry about dream2000 nearest branch
Complaints
عميل بيشتكى من اسعار المنتجات مختلفة عن السعر الرسمى المعلن من دريم 2000
انا حالا هقدم لحضرتك شكوي بخصوص المشكلة وهيتم حلها والتواصل مع حضرتك خلال ساعة
لازم اوضح ف التيكت:
- سعر المنتج على الموقع كام والفرع بيقول كام
- اسم المنتج
CF - Complain - non technical -Dream2000/ Products prices
عميل بيشتكى من اسلوب موظفين دريم 2000
بعتذر لحضرتك يا فندم عن اللى حصل وهيتم اتخاذ الاجراء اللازم حالا.
لازم اوضح ف التيكت :
1. اسم الموظف
2. اسم الفرع
3. موظف حالا ولا دريم 2000
CF - Complain - non technical -Dream 2000 Branch bad attitude
عميل بيشتكى ان فروع دريم مش متاح فيها العرض
هتأكد الأول ان العميل في العنوان الصحيح للفرع ولو اتأكدنا هنقدم طلب وهيتم الرد و هيتم حل المشكلة خلال ساعة لازم نوضح اسم الفرع من الشيت
CF - Complain - non technical - Dream 2000 /Branch is not working"
783,ab1930993dff503ab676b3d7774becb5,0,halan,CF,Complain,Technical Issue,Yes,ok,Dream2000 Complaints,Dream 2000,yes,"Vertical: CF | Type: Complain | Issue: Technical Issue | Escalation: Yes

Question EN: Dream2000 Complaints
Question AR: Dream 2000

Script:
عميل بيشتكى ان المنتج اللى طلبه مش متاح ف الفرع
هوضح مشكلة حضرتك حالا وهنحاول نوفر لحضرتك المنتج لو متاح ف أحد الفروع. ولازم اوضح اسم المنتج ف التيكت
CF - Complain - non technical - Dream 2000 /Products are out of stock
عميل پيشتكى ان فروع دريم مش عارفين معلومات عن العرض
هتأكد الأول ان العميل في العنوان الصحيح للفرع ولو اتأكدنا هنقدم طلب وهيتم الرد وهيتم حل المشكلة خلال ساعة مع توضيح اسم الفرع
CF - Complain - non technical - Dream 2000 /Branch Not Aware
عميل بيشتكى من طول الانتظار فى فروع دريم 2000
هتأكد الأول ان العميل في العنوان الصحيح للفرع ولو اتأكدنا هنعتذر للعميل وهنأكدله اننا هنبلغ بمشكلته لسرعة الحل
CF - Complain - non technical - Dream 2000 / long time at the branch
عميل بيشتكي انه قدم و نتيجة الاستعلام موصلتش
هنعتذر للعميل وهنوضحله اننا هنستعجل رد الاستعلام ف اسرع وقت
CF - Complain - non technical - Dream 2000 /Delay of activation
عميل بيشتكى من عدم استقبال OTP
هنعتذر للعميل وهنوضحله اننا هنقدم شكوي وهيتم الحل ف اسرع وقت ممكن
CF - Complain - non technical - Dream 2000 /OTP not received"
784,75b70e6ac47654a2bfe264f42b6f1aaa,0,halan,CF,Inquiry,Technical Issue,Yes,ok,Dream 2000,Dream2000 inquiry,yes,"Vertical: CF | Type: Inquiry | Issue: Technical Issue | Escalation: Yes

Question EN: Dream 2000
Question AR: Dream2000 inquiry

Script:
اية هو عرض دريم 2000 ؟
هو عرض بين تطبيق حالا و دريم 2000 بيتيح لحضرتك شراء كل منتجات (اللى هتكون معروضة ف الفرع) دريم 2000 بخصم 50% على سعر المنتج الرسمي بحد أقصى 3 منتجات من نفس النوع و تقدر تشتري عدد زي ما تحب لو منتجات مختلفة
على فترة تقسيط 24 و 30 و 36 شهر .. العرض ساري يوم 8/8 في فروع دريم 2000.
هل متاح اكمل المبلغ كاش لو الحد الائتمانى مش كافى؟
العرض على تقسيط المنتجات من خلال الحد الائتماني و غير متاح ان حضرتك تكمل المبلغ كاش أو كريديت لو الحد الائتماني مش مكمل.
CF - inquiry - inquiry about Dream2000 offer/How to apply for CF
CF - inquiry - inquiry about Dream2000 offer
الفايدة هتكون اد اية \ المصاريف الادراية كام ؟
مش بيكون في أي مصاريف ادارية ولا مقدم عند الشراء وبالنسبة للفايدة تختلف حسب مدة التقسيط ولو حصلت على حد انتمانى تقدر تدخل على التطبيق يوم 8\8 هيكون متاح calculator لحساب قيمة القسط حسب مدة التقسيط
CF - inquiry - inquiry about Dream2000 offer/interest rate calculator
لو العميل حسب الاقساط وقالنا انه كدا استفدت ايه من العرض؟
هنشرح له أن اللى هيتخصم من الليميت الخاص بحضرتك هيكون نص المبلغ اللى هيتخصم فى الطبيعى ف کدا تقدر تشترى اكتر من منتج بدل ما تشترى منتج واحد وتقسط على فترات سداد طويلة بقيمة اقساط اقل.
CF - inquiry - inquiry about Dream2000 offer/interest rate
هل متاح السداد المبكر بعد الشراء؟ (لو العميل سأل)
متاح السداد المبكر عن طريق سداد جميع الأقساط بالفائدة .. لو العميل سأل علي الفايدة بنقوله: انها مش موضحة من خلالنا لكن تقدر تحسبها من خلال مدة التقسيط و قيمة القسط.
CF - inquiry - inquiry about Dream2000 offer/early settlement"
786,dcae36e0b8f15f849f4f705ba7682ff1,0,halan,Pay,Complain,Non-Technical Issue,Yes,ok,The lending salary not transfer to bank-wallet-card,الموظف يشكوا من انه استقبل رسالة الراتب المبكر ولم يتم تحويل الراتب لحسابة البنكي,yes,"Vertical: Pay | Type: Complain | Issue: Non-Technical Issue | Escalation: Yes

Question EN: The lending salary not transfer to bank-wallet-card
Question AR: الموظف يشكوا من انه استقبل رسالة الراتب المبكر ولم يتم تحويل الراتب لحسابة البنكي

Script:
* الموظف يشكوا من انه استقبل رسالة الراتب المبكر ولم يتم تحويل الراتب لحسابة البنكى:
Pay <- Complaint <- Non-Technical <- The lending salary not transfer to bank
Pay <- Complaint <- Non-Technical <- The lending salary not transfer to Wallet
Escalation: No
فى حالة تحويل الراتب لمحفظته او الحساب البنكي :
لازم نأكد علي العميل ان المبلغ بيتحول خلال 24 ساعة عمل.
استأذنك مراجعة حساب حضرتك البنكي او المحفظة او الكارت.
فى حالة لم يتم تحويل الراتب للمحفظة او الحساب البنكي : ۔
- لازم تأكد علي العميل ان مشكلته هتتحل خلال 5 أيام عمل بعد استلام الرد من البنك الخاص به مع العلم أن المبلغ سيتم رده مرة أخري لليميت او سيتم ارساله علي الحساب او المحفظة.
- لو المهلة (5 ايام عمل) عدت والمبلغ متحولش هنقدمله التيكت مع البيانات دي
استأذنك ممكن توضح لى البيئات التالية لتقديم شكوى:
1. الاسم الثلاثي.
2. رقم الموبايل الخاص بحساب حالا
الرقم القومي. .3
كود الموظف. .4
.5
اسم الشركة التابع لها.
سيتم مراجعة الشكوى وسيتم الرد خلال 5 أيام عمل
Escalation: Yes
لازم ناخد من العميل وقت طلب السلفة وقيمة السلفة كانت كام
فى حالة لم يتم تحويل الراتب على كارت حالا:
سيتم حل المشكلة خلال 24 ساعة عمل وسيتم رد المبلغ علي الليمت او علي كارت حالا"
790,6484ea1558d25897be08fce2c5f365a0,0,halan,General,Inquiry,Technical Issue,No,ok,inquiry about Nokia c12,استفسار عميل عن موبيل Nokia C12,yes,"Vertical: General | Type: Inquiry | Issue: Technical Issue | Escalation: No

Question EN: inquiry about Nokia c12
Question AR: استفسار عميل عن موبيل Nokia C12

Script:
استفسار عميل عن موبيل Nokia C12: ۔
يوجد تعاون بين تطبيق حالا و شركة نوكيا من خلاله بيتم تسهيل الحصول علي موبايل نوكيا سي 12 بطريقة سداد سهلة
Nokia - Inquiry - inquiry about Nokia c12"
793,a7fa1596eb455bebb31ceb0f639d0078,0,halan,General,Inquiry,Technical Issue,No,ok,inquiry about Nokia c12,Nokia c12 هل الموبايل  متاح لجميع المحافظات,yes,"Vertical: General | Type: Inquiry | Issue: Technical Issue | Escalation: No

Question EN: inquiry about Nokia c12
Question AR: Nokia c12 هل الموبايل  متاح لجميع المحافظات

Script:
- هل الموبايل متاح لجميع المحافظات ؟
تقدر تطلب الموبايل من التطبيق من خلال القاهرة والجيزة فقط.
جميع المحافظات خلال اقرب فرع من فروع مشروعي او تساهيل (نوضح للعميل عنوان اقرب فرع + مواعيد العمل )
Nokia - Inquiry - inquiry about Nokia c12
٥"
794,c5730b85035158ac9ea15719bcd782ea,0,halan,General,Inquiry,Technical Issue,No,ok,Nokia C12 Pro Mobile Phone Technical Specifications,مواصفات هاتف Nokia C12,yes,"Vertical: General | Type: Inquiry | Issue: Technical Issue | Escalation: No

Question EN: Nokia C12 Pro Mobile Phone Technical Specifications
Question AR: مواصفات هاتف Nokia C12

Script:
مواصفات هاتف Nokia C12
1- الجهاز يدعم شريحتين اتصال مقاس نانو.
2- كما يدعم شبكات اتصال الجيل الرابع والثالث.
3- الشاشة نوعها IPS LCD بحجم 6.3 بوصة.
4- الجهاز يعمل بنظام الاندرويد.
5- الموبايل بيكون بضمان راية لمدة سنة.
ملحوظة :
مع العلم انه لازم الموبايل يتوصل بالانترنت خلال 25 يوم بحد اقصي وفي حالة عدم توصيله هيتم قفل الموبايل تلقائيا.
Nokia - Inquiry - Nokia C12 Pro Mobile Phone Technical Specifications"
795,4aed6e4ce8d3515c80d389545e0aff98,0,halan,General,Inquiry,Technical Issue,No,ok,Inquiry about Mobile Phone Locking Software,NOKIA C12 ازاي افتح القفل علي الموبايل,yes,"Vertical: General | Type: Inquiry | Issue: Technical Issue | Escalation: No

Question EN: Inquiry about Mobile Phone Locking Software
Question AR: NOKIA C12 ازاي افتح القفل علي الموبايل

Script:
- إزاى افتح القفل على الموبايل ؟
القفل بسبب عدم الاتصال بالانترنت : في حالة لم يتم الاتصال بالانترنت خلال 25 يوم بيتم قفل ۔ الموبايل تلقائيا و لفتحه مرة اخري .. بيظهر على الموبايل 3 اختيارات منهم (اعادة التفعيل ) بيتم الضغط عليها لتفعيل الموبايل مرة اخري .
قفل بسبب تأخير سداد الأقساط : بيتم قفل الموبايل لحين سداد الأقساط ۔ - بعد مرور فترة التقسيط بيقدر العميل التواصل معنا لفك القفل علي الموبايل.
Nokia - Inquiry - Inquiry about Mobile Phone Locking Software"
796,d1ffe5cff7ea55e793aaf5886a46bf4b,0,halan,General,Inquiry,Technical Issue,No,ok,Inquiry about Installments details,Nokia c12استفسار عن التقسيط الخاص ب,yes,"Vertical: General | Type: Inquiry | Issue: Technical Issue | Escalation: No

Question EN: Inquiry about Installments details
Question AR: Nokia c12استفسار عن التقسيط الخاص ب

Script:
استفسار عن التقسيط الخاص ب Nokia c12 ؟ ۔ امكانية التقسيط لمدة 25 شهر فقط مع العلم انه لا يمكن اجراء سداد مبكر بعد الشراء. ۔ سيتم دفع أول قسط عند الاستلام. ۔ في حالة التأخير ف دفع الأقساط بيتم قفل الموبايل لحين سداد القسط. ۔
عند الانتهاء من دفع الأقساط بيتم التواصل معنا لتقديم طلب فتح الموبايل نهائيا.
Nokia - Inquiry - Inquiry about Installments details"
799,42b7850aaf345b49ad8800aecb3658fc,0,halan,General,Request,Technical Issue,Yes,ok,Customer finished all the installments and need to remove the Locking Software,(Nokia c12)  عميل يطلب فتح الموبايل نهائيا بعد الانتهاء من دفع الاقساط,yes,"Vertical: General | Type: Request | Issue: Technical Issue | Escalation: Yes

Question EN: Customer finished all the installments and need to remove the Locking Software
Question AR: (Nokia c12)  عميل يطلب فتح الموبايل نهائيا بعد الانتهاء من دفع الاقساط

Script:
- عميل يطلب فتح الموبايل نهائيا بعد الانتهاء من دفع الاقساط
بعد التأكد من دفع جميع الاقساط من خلال CRM بنفتح القفل من خلالنا للعميل
Nokia -Request-Customer finished all the installments and need to remove the Locking Software
Escalation: Yes"
800,d3834c3500f65dc2b3b84ae8403c4818,0,halan,General,Complain,Technical Issue,No,ok,Customer connected to the internet however the mobile still locked,(Nokia c12)  عميل يشكوا ان الموبايل مازال مقفول بعد الاتصال بالانترنت,yes,"Vertical: General | Type: Complain | Issue: Technical Issue | Escalation: No

Question EN: Customer connected to the internet however the mobile still locked
Question AR: (Nokia c12)  عميل يشكوا ان الموبايل مازال مقفول بعد الاتصال بالانترنت

Script:
- عميل يشكوا ان الموبايل مازال مقفول بعد الاتصال بالانترنت
بنوجه العميل لضمان (راية) .. لمعرفة مركز الصيانة 19900
Nokia -Complaint-Technical-Customer connected to the internet however the mobile still locked
Escalation: No"
801,663e5efa5d1f559ca80d2ac3639f80a0,0,halan,General,Complain,Technical Issue,No,ok,Technical Issue in the mobile Phone under Warranty,(Nokia c12 ) عميل يشكوا من مشكلة ف الموبايل و هو داخل الضمان,yes,"Vertical: General | Type: Complain | Issue: Technical Issue | Escalation: No

Question EN: Technical Issue in the mobile Phone under Warranty
Question AR: (Nokia c12 ) عميل يشكوا من مشكلة ف الموبايل و هو داخل الضمان

Script:
- عميل يشكوا من مشكلة ف الموبايل وهو داخل الضمان
بنوجه العميل لضمان (راية) .. لمعرفة مركز الصيانة 19900
Nokia - Complaint- Technical- Technical Issue in the mobile Phone under
Warranty
Escalation: No"
804,f3f1912cab015d50a68a0f75b53d1ac9,0,halan,Gold,Request,Technical Issue,Yes,ok,Request for gold certification,في حالة طلب العميل استلام شهادة الدهب,yes,"Vertical: Gold | Type: Request | Issue: Technical Issue | Escalation: Yes

Question EN: Request for gold certification
Question AR: في حالة طلب العميل استلام شهادة الدهب

Script:
في حالة طلب العميل استلام شهادة الدهب.
هنوضح للعميل اننا هنقدمله طلب لاستلام شهادة الدهب و في اقرب وقت هيتم التواصل معاه للاستلام
Gold - Request - Request for gold certification Escalation Yes"
807,a99541c6d1f35a1ca9567f1bd34cd023,0,halan,Gold,Inquiry,Technical Issue,No,ok,General Inquiry (Gold),هل ممكن اغير ميعاد امضاء عقد الدهب؟,yes,"Vertical: Gold | Type: Inquiry | Issue: Technical Issue | Escalation: No

Question EN: General Inquiry (Gold)
Question AR: هل ممكن اغير ميعاد امضاء عقد الدهب؟

Script:
هل ممكن اغير ميعاد امضاء العقد ؟
Gold -> Inquiry -> General Inquiry
الخيار دا غير متاح .. المندوب بيتواصل مع العميل خلال 24 ساعة وفي حالة لم يتم الرد بيتم الغاء الطلب ولازم العميل يطلب اوردر تاني لصعوبة تثبيت سعر الدهب"
808,239e023fe96757d58b01fe48c434b34d,0,halan,Gold,Inquiry,Technical Issue,No,ok,Inquiry about the status of the request (Gold),حالة العميل (مربوط) حالة الطلب (مفعل),yes,"Vertical: Gold | Type: Inquiry | Issue: Technical Issue | Escalation: No

Question EN: Inquiry about the status of the request (Gold)
Question AR: حالة العميل (مربوط) حالة الطلب (مفعل)

Script:
استفسار عميل عن حالة الطلب الخاصة به بعد التقديم:
Gold -> Inquiry -> Inquiry about the status of the request
يتم التأكد من حالة الطلب من خلال البورتال. • استأذنك توضحلي رقم الموبيل او الرقم القومي اللي مقدم من خلاله (البحث برقم الهاتف او الرقم القومي). • استأذنك توضحلي تاريخ تقديم الطلب (عمل فيلتر بالتاريخ من خانة (البداية والنهاية) في اعلي الصفحة).
التأكد من حالة الطلب الخاصة بالعميل من خلال خانة (حالة العميل - حالة الطلب):
• حالة العميل (مربوط) حالة الطلب (مفعل) = تم تفعيل الخدمة لحضرتك بنجاح ونزول جدول الاقساط علي التطبيق.
01/03/2024
31/03/2024 1
الرقم القومي
29806042100696
X
اسم العميل
الرقم القومي
رقم الهاتف
حالة العميل
تاريخ الطلب
عدد المنتجات
السعر الكلي
مصاريف شراء
حالة الطلب :
رقم الطلب
+ حسن محمد حسن عويس
29806042100696
01155519912
مريوط
22/03/2024
1
6292 ج.م
221
طلب مفعل
65fded8e00d0c51a0d196516"
809,e7f9a3906fc15abd80bfafd2992d2adf,0,halan,Gold,Inquiry,Technical Issue,No,ok,Important points (GOLD),اهم الاسئلة (GOLD),yes,"Vertical: Gold | Type: Inquiry | Issue: Technical Issue | Escalation: No

Question EN: Important points (GOLD)
Question AR: اهم الاسئلة (GOLD)

Script:
اهم الاسئلة
ليه يتم اضافة مصنعية ودمغة على السبائك؟
المصنعیه تتحسب بناء على العیار و الوزن و ده نظیر تحویل الذهب من ماده خام الی السبیکه او الجنیه و الدمغه فهی تکلفه دمغ المنتج من مصلحه الدمغه و الموازين
ما هو الفرق بين السبائك والعملات؟
لا يوجد اختلاف بين السبائك والعملات الذهبية كوسيلة ادخارية طويلة الأجل لحفظ لقيمة النقود، ولكن هناك تنوع أكثر من حيث الأحجام في السبائك فهي تبدأ من وزن 1 جرام عيار 24 حتى الكيلو جرام، وبالنسبة للعملات ف هي عيار 21 وأقل وزن هو الربع جنیه 2 جرام.
لماذا يوجد سعرين للذهب شراء وبيع؟
من المتعارف عليه على مستوى العالم ان هناك سعرين للذهب سعر للبيع وسعر للشراء، وقد يكون الفرق بينهم کبیر او ضئيل بناء على التغير السريع أو الحركة البطيئة السعر الشاشة العالمية وكذلك معدل العرض والطلب بالسوق المحلي.
كيف يتم احتساب سعر الشراء؟
- بناء على العرض والطلب في السوق المصري .
ما هي توقعاتكم لزيادة الأسعار الفترة القادمة؟
الذهب مرتبط بشكل وثيق بالأحداث السياسية والاقتصادية على مستوى العالم، مع الأخذ في الاعتبار مستوى العرض والطلب في السوق المصري وسعر الصرف في مصر، وبالتالي لا يوجد توقعات فعلية سواء بالزيادة أو النقصان.
نشتري ذهب في الوقت الحالي ام ننتظر؟
في حالة ان الشراء بغرض الادخار لفترات طويلة الاجل "" مدة لا تقل عن سنتين "" فانه بالتأكيد الذهب سيكون أحد أفضل الوسائل للحفاظ على القيمة الشرائية للنقود من التضخم بغض النظر عن السعر الحالي للذهب
هل الأفضل تجزئة المنتجات أم شراء قطعة واحدة؟
إذا كان هناك احتياج الى جزء من المبلغ اثناء فترة الادخار فالأفضل بالتأكيد هو تجزئة المنتجات حتى يتم بيع الجزء الذي يعادل القيمة التي من الممكن الاحتياج لها من السيولة النقدية والاحتفاظ بباقي الكمية لفترة أطول وبالتالي تحقيق عائد أعلى منها عند إعادة بيعها. أما في حالة عدم الاحتياج لأي جزء من المبلغ خلال فترة الادخار فالأفضل هو شراء قطعة واحدة او قطعتين بحيث يسهل الاحتفاظ بهم."
812,6394bae87fe35945ae971fe60ea4dec3,0,halan,General,Inquiry,Non-Technical Issue,No,ok,How to Order Nokia C12 Pro Mobile Phone,Nokia c12 ازاي اقدر اطلب,yes,"Vertical: General | Type: Inquiry | Issue: Non-Technical Issue | Escalation: No

Question EN: How to Order Nokia C12 Pro Mobile Phone
Question AR: Nokia c12 ازاي اقدر اطلب

Script:
- ازاى اقدر اطلب Nokia c12 ؟
العميل يقدر يطلب الموبايل عن طريق التطبيق أو عن طريق زيارة فروع مشروعي او تساهيل والاوراق المطلوبة هي صورة البطاقة فقط.
في حالة الطلب من التطبيق بيوصلك مكالمة لتأكيد الطلب و يوصل لحضرتك لحد البيت بدون اي رسوم توصيل.
في حالة زيارة الفرع بيتم التعاقد و الاستلام من الفرع
مع العلم ان الموبايل متاح بقسط شهري 300 جنية لمدة 25 شهر - ولا يمكن تقديم طلب جدولة للاقساط.
ملحوظة هامة
- مندوب التوصيل بيفتح الموبايل للعميل وبيفتحله القفل عند تسليم المنتج
Nokia - Inquiry - How to Order Nokia C12 Pro Mobile Phone"
816,8ba0026951e65795beebde4d7b248252,0,halan,General,Inquiry,Technical Issue,No,ok,Verification Process(Halan),Verification Process(Halan),yes,"Vertical: General | Type: Inquiry | Issue: Technical Issue | Escalation: No

Question EN: Verification Process(Halan)
Question AR: Verification Process(Halan)

Script:
Verification Process
Financial Inquiry
General Inquiry
Actions / Request
لو العميل بيستفسر عن شيء بعيد عن بيانات العميل السرية زي ( ميعاد استلام المنتج أمتي - الفرع المكود به العميل ) لو العميل بيكلمنا من رقم موبايل اخر .. هنراجع معاه البيانات و هنجاوب علي استفساره.
اى استفسارات مالية :
زي استفسار العميل عن ( اخر معاملة قام بيها - اخر عملية شحن - معاد تسديد آخر قسط - متبقى اد اية ف الحد الائتمانى - هل عندي حظر ولا لا ) لازم العميل يكلمنا من نفس الرقم و يوضحله ، بعد مراجعة بياناته_(اسم رباعي - رقم بطاقة - رقم الموبايل ) من علي CRM
لازم العميل يكلمنا من نفس الرقم وبعد مراجعة بياناته (اسم رباعى - رقم بطاقة - رقم الموبايل ) من على CRM نقدمله الطلب اللى محتاجه زي (سداد مبكر - الغاء حد ائتمانى - استرجاع منتج - كود العميل )
ملاحظات هامة :
1. لو مش عارف تحدد المكالمة اللى معاك هي اي نوع من الثلاثة .. ارجع لليدر الموجود فورا يساعدك فى حل المشكلة.
2. لو استفسار العميل على شيء اجابته موجود فى التطبيق زي ( متبقي كام ف الليمت - اخر عمليات قام بيها العميل - هل القسط اتسدد ولا لا ) لازم اوضح للعميل ازاي يعرف اجابة سؤاله من على التطبيق.
3. لو عميل عايز يعمل change mobile number / change branch و بيتكلم من رقم تانى . ممكن نراجع معااه بياناته على CRM (اسمه ورقمه وبطاقته) و ممكن نراجع مثلا نازله ليمت اد اية (لضمان ان دا العميل نفسه) ونقدمله الطلب عادي لو معاه البيانات دي.
4. لو عميل كلمنا محتاج يأكد/ يلغى طلبه (حد ائتماني او تساهيل) وبيكلمنا من رقم تاني .. هراجع معااه بياناته على (اسمه ورقمه اللي مقدم منه وبطاقته) وبأكدله الطلب ."
849,71bf717aabbc5d4bad184b0c4521aa1d,0,halan,CF,Request,Technical Issue,No,ok,Customer wants to change branch(Halan),عميل يريد تغيير الفرع (Halan),yes,"Vertical: CF | Type: Request | Issue: Technical Issue | Escalation: No

Question EN: Customer wants to change branch(Halan)
Question AR: عميل يريد تغيير الفرع (Halan)

Script:
* عميل يريد تغيير الفرع:
CF-> Request -> Customer wants to change branch
Escalation :No
استاذن حضرتك ممكن اعرف ايه سبب تغيير الفرع؟
• في حالة ان العميل لسة مصرفش الحد الائتماني الخاص به : بنوضحله ان لازم يتوجه للفرع اللي هو عايز يحول له .. والفرع بيقدم طلب التغيير للفرع القديم (المكود عليه الفرع).
هيتم توضيح الفروع المتاحة من خلال الشيت -> CF Branches tab (بعد مراجعة Validation .(Notes
في حالة العميل صرف الحد الائتماني : هنعتذر للعميل وهنوضحله انه مش متاح تغيير الفرع , لان حضرتك • نزلك الحد الائتماني من الفرع اللي حضرتك قدمت فیه ف مش متاح تغییره.
• الو العمیل مکود دیجیتال علی ادمن تول و محتاج یحول لفرع (تساهیل-مشروعي) و لسة مصرفش حد ائتماني : هنوضح للعميل اننا هنقدم لحضرتك طلب لتغيير الفرع في خلال 48 ساعة عمل.
هيتم توضيح الفروع المتاحة من خلال الشيت -> CF Branches tab (بعد مراجعة Validation .(Notes
Escalation: Yes"
850,d54cff60aa995276847bcd4214e0e464,0,halan,General,Request,Technical Issue,No,ok,Stolen Mobile Phone need to lock the device,(Nokia c12) في حالة سرقة او ضياع الموبايل من العميل ؟,yes,"Vertical: General | Type: Request | Issue: Technical Issue | Escalation: No

Question EN: Stolen Mobile Phone need to lock the device
Question AR: (Nokia c12) في حالة سرقة او ضياع الموبايل من العميل ؟

Script:
فى حالة سرقة او ضياع الموبايل من العميل
في حالة العميل اشتري الموبايل من الفرع : هنوجه للفرع مرة اخري لايقاف الموبايل. في حالة شراء الموبايل من خلال التطبيق : هيتم تقديم طلب وف اقرب وقت هيتم ايقاف الموبايل.
Nokia - Request -Stolen Mobile Phone need to lock the device
Escalation: Yes"
851,b3ab6ba21d7c5a73b074aa4a6e32c0f2,0,halan,Commerce,Inquiry,Non-Technical Issue,No,ok,Inquiry about delivery fees(Halan),عميل يستفسر عن مصاريف التوصيل(Halan),yes,"Vertical: Commerce | Type: Inquiry | Issue: Non-Technical Issue | Escalation: No

Question EN: Inquiry about delivery fees(Halan)
Question AR: عميل يستفسر عن مصاريف التوصيل(Halan)

Script:
* عميل يستفسر عن مصاريف التوصيل:
Commerce <- Inquiry <- Inquiry about delivery fees
العميل طلب المنتجات
هوضح للعميل انه سيتم التواصل معه من فريق التوصيل لتحديد رسوم التوصيل بناءً على مكان الإستلام و نوع المنتج.
العميل لم يطلب المنتجات
نوضح للعميل ان مصاريف التوصيل بتختلف على حسب المنتجات الي هيشتريها (منتجات خفيفة أو تقيله ) ومكان الاستلام (المحافظة ) ... وده بيتوضحلو بعد ما يطلب الاوردر في مكالمه التأكيد اللي هيستلمها"
853,93f3575f35c45460bc0e844a0f551285,0,halan,CF,Complain,Technical Issue,Yes,ok,Installment schedule disappeared(Halan),عميل يشكوا من عدم ظهور جدول الاقساط (Halan),yes,"Vertical: CF | Type: Complain | Issue: Technical Issue | Escalation: Yes

Question EN: Installment schedule disappeared(Halan)
Question AR: عميل يشكوا من عدم ظهور جدول الاقساط (Halan)

Script:
عميل يشكوا من عدم ظهور جدول الاقساط:
CF -> Tech Complaint -> Installment schedule disappeared
Escalation: Yes
هنمشي مع العميل خطوات تنشيطية ولو المشكلة لسة موجودة .. هنقدم الطلب للعميل و خلال 48 ساعة هيتم حل المشكلة."
854,bec7999ebc125e4e9f5ac5ef7b010692,0,halan,CF,Complain,Technical Issue,Yes,ok,Unable to pay the installment through Halan Card(Halan),عميل لا يستطيع دفع القسط الخاص به عن طريق حالا كارد (Halan),yes,"Vertical: CF | Type: Complain | Issue: Technical Issue | Escalation: Yes

Question EN: Unable to pay the installment through Halan Card(Halan)
Question AR: عميل لا يستطيع دفع القسط الخاص به عن طريق حالا كارد (Halan)

Script:
* عميل لا يستطيع دفع القسط الخاص به عن طريق حالا كارد:
CF -> Tech complaint -> Unable to pay the installment through Halan Card
Escalation: Yes
لازم العميل يكون محدث التطبيق .. و نمشي معاه خطوات تنشيطية. لو لسة مشكلته موجودة هنقدمله طلب وخلال 48 ساعة هيتم حل المشكلة
و لازم نوضح للعميل الطرق الثانية لدفع الأقساط"
855,140fc6d2ddf057b087788dc6339fa308,0,halan,CF,Complain,Technical Issue,No,ok,Installment is not reflected in CF limit (Halan),عميل يشكوا من عدم استرداد قيمة القسط في الحد الائتماني(Halan),yes,"Vertical: CF | Type: Complain | Issue: Technical Issue | Escalation: No

Question EN: Installment is not reflected in CF limit (Halan)
Question AR: عميل يشكوا من عدم استرداد قيمة القسط في الحد الائتماني(Halan)

Script:
*عميل يشكوا من عدم استرداد قيمة القسط في الحد الائتماني:
CF-> Tech complaint -> Installment is not reflected in CF limit
Escalation: No
لازم نتأكد الاول ان القسط تم دفعه من CRM
لازم نوضح للعميل ان قيمة الاصل فقط من القسط هي اللي بيتم رجوعها في الحد الائتماني .. مش كل قيمة القسط لانه بيكون في فايدة مش بيتم استردادها في الحد الائتماني."
856,843fc17bd2155667b37ac167574c3e41,0,halan,Commerce,Inquiry,Technical Issue,No,ok,Inquiry about the call after purchased(Halan),عميل يستفسر ان شخص من حالا بيكلمه ياخد منه معلومات و بيانات عن عملية الشراء,yes,"Vertical: Commerce | Type: Inquiry | Issue: Technical Issue | Escalation: No

Question EN: Inquiry about the call after purchased(Halan)
Question AR: عميل يستفسر ان شخص من حالا بيكلمه ياخد منه معلومات و بيانات عن عملية الشراء

Script:
*عميل يستفسر ان شخص من حالا بيكلمه ياخد منه معلومات وبيانات عن عملية الشراء:
Commerce -> inquiry -> Inquiry about the call after purchased
الاسم
خط المكالمات
بولا ابراهيم ناجح دوس
01068307496
بيتر ممدوح راشد حناوي
01068308137
نيرمين جميل صالح وهبه
01068307621
منار بهجت عفيفي عفيفي سلطان
01068307801 01068308035
شيرين حمدي عبدالرحيم رمضان
سلفيا شوقي سمير شوقي
01068308076
سهير رمسيس صدقي اسطس
01068306913
ميرنا ميلاد ملاك غطاس
01068308163
لو رقم من الارقام دي .. دا بيكون زميل لينا من حالا بيعمل اسطلاع رأي من العملاء لضمان مستوي و تجربة شراء خدمة احسن وافضل"
876,b6db1ac99d8e58fdbbde11fdfb0e0477,0,halan,CF,Request,Technical Issue,No,ok,CF request cancelation,عميل يطلب إلغاء الطلب الذي قام بطلبه (حد ائتماني) (Halan),yes,"Vertical: CF | Type: Request | Issue: Technical Issue | Escalation: No

Question EN: CF request cancelation
Question AR: عميل يطلب إلغاء الطلب الذي قام بطلبه (حد ائتماني) (Halan)

Script:
* عميل يطلب إلغاء الطلب الذي قام بطلبه (حد ائتمانی):
CF <- Request <- CF request cancelation
استأذنك ممكن توضح لى ايه سبب الغاء الطلب؟ عشان احاول اساعد حضرتك (لازم نعرف السبب ايه ).
لو العميل مش محتاج الحد الائتماني ف الوقت الحالي؟
هقول للعميل ان الحد الائتماني مش بينزل عليه اي رسوم .. ممكن تستفاد به ف اي وقت حضرتك محتاجه.
Escalation :No
لو العميل بيشتكي من موظف او من فرع معين؟
هنعرف من العميل ايه نوع الشكوي وهنوضحله اننا هنقدم شكوي وهيتم اتخاذ اللازم. ونعمل للعميل شكوى فى موظف الفرع
-Escalation :Yes
لو العميل معترض علي الاجراءات والضمان قبل الDispatch؟
هنوضح للعميل انه يوجد تسهيلات من الفرع والاجراءات والأوراق دي بتكون بشكل مبدأي وحسب الاستعلام ممكن منحتاجش اي ضمان من حضرتك.
Escalation :No
• لو حالة الطلب على الادمن تول dispatched والعميل مصمم على الغاء الطلب:
بنوضح للعميل ان الطلب اتلأكد تأكد مبدأي ولو محتاج يلغي الطلب ميتوجهش للفرع لاستكمال الطلب ونوضح للعميل اذا سلم اي اوراق للفرع بتنوجه للفرع مره تانيه يستلمها منهم.
Escalation :No
• لو حالة الطلب Pending أو حالة غير Dispatched والعميل مصمم علي الالغاء: هيتم الغاء الطلب للعميل من ادمن تول.
Escalation :No-"
878,796874b3de4a57bdb0cf8d5821838624,0,halan,CF,Complain,Financial Issue,No,ok,Installment deducted from halan wallet,شكوي عميل من خصم مبلغ من محفظة حالا الخاصه به (Halan),yes,"Vertical: CF | Type: Complain | Issue: Financial Issue | Escalation: No

Question EN: Installment deducted from halan wallet
Question AR: شكوي عميل من خصم مبلغ من محفظة حالا الخاصه به (Halan)

Script:
شكوى عميل من خصم مبلغ من محفظة حالا الخاصه به:
CF -> Complaint -> Financial -> Installment deducted from halan wallet
Escalation :No
لازم العميل يكلمنا من نفس الرقم وبوضحله , بعد مراجعة بياناته A هنتأكد من الشیت ان رقم العميل موجود و نفس المبلغ المخصوم من العميل هو الموجود ع الشيت.
-326
cycleSettlement
٧
Amount
٧ mobile_phone_number v
national_id
Date ٧
326
1012219166
28504160100102
2-Oct-2024
هنقول للعميل: انه تم خصم المبلغ من رصيد محفظة حالا لتسديد کل او جزء من الاقساط المتأخرة علي ۔ حضرتك
( حسب قيمة الخصم)"
890,f95197ac19c6596b9a99f11c253ccff3,0,halan,Gold,Request,Non-Technical Issue,Yes,ok,Early settlement (Gold),هل في امكانية للسداد المبكر- المعجل؟ (Gold),yes,"Vertical: Gold | Type: Request | Issue: Non-Technical Issue | Escalation: Yes

Question EN: Early settlement (Gold)
Question AR: هل في امكانية للسداد المبكر- المعجل؟ (Gold)

Script:
هل في امكانية للسداد المبكر المعجل؟
Gold -> Inquiry -> Early settlement Inquiry Gold -> Request -> Early settlement
Escalation: Yes
تقدر حضرتك تستلم بعد 4 شهور بعد تسوية المديونية بدون اي رسوم للسداد المبكر وبتدفع المتبقى من اصل الاقساط • بدون فوايد
وبتقدر تستلم الدهب بعد تسوية المبلغ. هل تم دفع اقساط 4 شهور؟ Yes
·
ممكن توضيح (الرقم القومي - الاسم رباعي - رقم الموبيل)
سوف يتم تقديم طلب سداد معجل والتواصل مع حضرتك في اقرب وقت لتوضيح التفاصيل. ·"
896,e537fa04d1db528ca5cd1c4e4736ca11,0,halan,CF,Inquiry,Technical Issue,No,ok,Inquiry about available vendors,عميل يستفسرعن التجار المتاحين (Halan),yes,"Vertical: CF | Type: Inquiry | Issue: Technical Issue | Escalation: No

Question EN: Inquiry about available vendors
Question AR: عميل يستفسرعن التجار المتاحين (Halan)

Script:
* عميل يستفسر عن التجار المتاحين
CF <- Inquiry <- Inquiry about available vendors حضرتك تقدر تعرف من خلال التطبيق بتظهر لحضرتك فى الصفحة الرئيسية عن طريق بائر (اكتشف ممكن تشترى منين).
ولو حضرتك محتاج تعرف تاجر معين ممكن أأكد مع حضرتك متعاقد معانا ولا لا !
ملحوظة ليك: أفتح التطبيق
٥
Store Locations
Explore where you can shop with Halan
Explore our offers now and save more!
Explore Stores
Explore offers
View all >
Store Locations
Explore the available stores
Gomla
Pay Later
Circle
Electronic:
Home appliances
View all
h
Zaharn Group
ميدان المحطة - من شارع 619
Gold
Savings
Games
Spin & Win
Shop
B-Tech
8 ش دمشق - المعادي - بوابة 3
Shop Now >
Recommeded Offers Installments over 24 months
Hayah Pharmacy 90 شارع ٩ - المعادى - أمام محطة مترو المعادى
halan
<
Picked for you
Halan Card"
920,1cea4ba1084350798faffafa71a7fd18,0,halan,Saving,Inquiry,Non-Technical Issue,No,ok,Does interest apply to the amount I deposited?,هي الفائدة بتنزل علي المبلغ اللي عملتله إيداع,yes,"Vertical: Saving | Type: Inquiry | Issue: Non-Technical Issue | Escalation: No

Question EN: Does interest apply to the amount I deposited?
Question AR: هي الفائدة بتنزل علي المبلغ اللي عملتله إيداع

Script:
هي الفائدة بتنزل علي المبلغ اللي عملتله إيداع:
المبلغ اللي بيتم ايداعه بيتم تحويله تلقائي للعميل و بيتم شراء الوحدات تلقائي و ينزل عليها الفوائد.
- Escalation: No
- CRM: Inquiry → Interest Rate → Escalation Needed No"
921,1cbe06b9064e5cd7a3c2990d662a8448,0,halan,General,Inquiry,Technical Issue,No,ok,admin tool locked by other user (Halan),في حالة استفسارالعميل عن طلب علي ادمن تول و الطلب مقفول من احد زمايلنا,yes,"Vertical: General | Type: Inquiry | Issue: Technical Issue | Escalation: No

Question EN: admin tool locked by other user (Halan)
Question AR: في حالة استفسارالعميل عن طلب علي ادمن تول و الطلب مقفول من احد زمايلنا

Script:
* فى حالة استفسار العميل عن طلب على ادمن تول و الطلب مقفول من احد زمايلنا:
Halan->inquiry-> admin tool locked by other user
بنعتذر للعمیل و بنوضحله انه هیتم التواصل معاه خلال نص ساعة لمتابعة طلبه وبناخد بيانات العميل عندنا عشان نكلمه خلال المهله
X
Error!
order_is_locked_by_another_admin_user
OK"
971,66e5e4936e595bf09c8bb8be0a70e5bf,0,halan,CF,Inquiry,Technical Issue,No,ok,Pay installment via instapay,عميل بيستفسرازاي ادفع القسط عن طريق InstaPay,yes,"Vertical: CF | Type: Inquiry | Issue: Technical Issue | Escalation: No

Question EN: Pay installment via instapay
Question AR: عميل بيستفسرازاي ادفع القسط عن طريق InstaPay

Script:
عميل بيستفسرازاي ادفع القسط عن طريق InstaPay
CF - Inquiry - Pay installment via instapay
دلوقتي ممكن تدفع القسط عن طريق انستاباي .. بندخل علي Bill payment (دفع الفواتير) ثم financial services (خدمات تمويليه)
ثم هنختار حالا وهندخل رقم المويابل المسجل علي التطبيق (اللي عليه الليمت)
Bill Payment
Financial services
Gas Bills
iter Bills
mogo
halan
Contact
@ Shalwy
Mogo
Halan
Contact
Shahry
Halan
* Please enter mobile number
Add to my bills"
972,3edba6c85e8d5c2e8f105a4f4ebda1ee,0,halan,CF,Complain,Non-Technical Issue,Yes,ok,Delay receiving feedback from branch,عميل يشكوا من تأخر استقبال رد الفرع علي طلبه (حالا),yes,"Vertical: CF | Type: Complain | Issue: Non-Technical Issue | Escalation: Yes

Question EN: Delay receiving feedback from branch
Question AR: عميل يشكوا من تأخر استقبال رد الفرع علي طلبه (حالا)

Script:
عميل يشكوا من تأخر استقبال رد الفرع على طلبه:
CF -> Complain-> Non- tech -> Delay receiving feedback from branch
Escalation: Yes
بنعتذر للعميل علي التأخير ونوضحله اننا هنقدم طلب لاستعجال الرد وهيتم الرد خلال 24 ساعة عمل"
979,98b4fb5a92de51bfb96c34b9dde1f161,0,halan,Saving,Inquiry,Non-Technical Issue,No,ok,Customer balance details (General balance inquiry),تفاصيل رصيد العميل (للاستفسار بشكل عام عن الرصيد),yes,"Vertical: Saving | Type: Inquiry | Issue: Non-Technical Issue | Escalation: No

Question EN: Customer balance details (General balance inquiry)
Question AR: تفاصيل رصيد العميل (للاستفسار بشكل عام عن الرصيد)

Script:
تفاصيل رصيد العميل (للاستفسار بشكل عام عن الرصيد):

رصيد التعويض:
- رصيد التعويض: دا المبلغ اللى العميل اشتري بيه ومستفادش منه.
- رصيد التعويض المحجوز: دا ما بعد شراء الوحدات المبلغ بيكون موجود لمده 48 ساعه عمل.
- عدد الوحدات: دي عدد الوحدات التي العميل اشتراها.

رصيد المحفظة:
- رصيد المحفظة: المبلغ اللى عميل عمل بيه ايداع و يقدر يحوش بعدها / العميل عمل بيع للوحدات و يقدر يسحب الفلوس.
- رصيد المحفظة المحجوز: ما بعد اتمام عمليه السحب و الايداع ف خلال 3 ايام.
- Escalation: No"
983,737c6ec79f8851cc9ff66e0b70d3965d,0,halan,Gold,Request,Technical Issue,Yes,ok,Cancel Gold Request (Gold),في حالة العميل طلب الغاء اوردر الجولد,yes,"Vertical: Gold | Type: Request | Issue: Technical Issue | Escalation: Yes

Question EN: Cancel Gold Request (Gold)
Question AR: في حالة العميل طلب الغاء اوردر الجولد

Script:
فى حالة العميل طلب الغاء اوردر الجولد:
Gold -> Request -> Cancel Gold Request
Escalation: Yes
لازم نسأل العميل على سبب الالغاء ولو العميل بيواجه اي مشكلة نحلهاله ويتم التأكد من خلال البورتال من حالة الطلب. لو مصر على الالغاء هنقدمله طلب الغاء وهذوضحله ان في 2% رسوم الغاء (في حالة طلب العميل بعد يوم 9-يوليو) ولن يتم استرداد مصاريف الالغاء .. وهيتم التواصل خلال 48 ساعة عمل.
ملحوظة : في حالة وجود أي أقساط مدفوعة بالفعل يتم ردها للعميل مرة اخرى
31/03/2004 1 01/03/2024
× 29906042180696 الرقم القومي
اسم العميل
الرقم القومي
رقم الهاتف
حالة العميل ٢
تاريخ الطلب
عدد المنتجات السعر الكلي
مصاريف شراء حالة الطلب ؟
رقم الطلب
+ صن محمد حسين عوبس
29805042100696
01 195519912
هبوط
22/03/2024
6292 3 م
221
طلب مفعل"
984,8bae9b75bb395ddbb9c64f4b565218b3,0,halan,Gold,Request,Non-Technical Issue,Yes,ok,asked to receive the Gold after full payment,في حالة سداد العميل للاقساط ولم يتم التواصل به لاستلام الذهب,yes,"Vertical: Gold | Type: Request | Issue: Non-Technical Issue | Escalation: Yes

Question EN: asked to receive the Gold after full payment
Question AR: في حالة سداد العميل للاقساط ولم يتم التواصل به لاستلام الذهب

Script:
فى حالة سداد العميل للأقساط ولم يتم التواصل به لاستلام الذهب:
استأديك توضحلى بعض البيانات (موعد دفع آخر قسط - الرقم القومى - الرقم المقدم بيه - الاسم بالكامل). هل تم دفع جميع الأقساط بالكامل؟ (افأكد من خلال CRM).
من خلالي هيتم تقديم طاب لحضرتك للفواصل بيك في اقرب وقت فوضيح موعد ومكان الاستلام.
ملحوظة : يشترط اعلام العميل بنفسه للذهب
Gold->Request->asked to receive the Gold
Escalation: Yes"
988,74cb3b876b8d573199218350e8fe711f,0,halan,Saving,Complain,Technical Issue,No,ok,Unable to submit request on the app,العميل غير قادر على تقديم الطلب على التطبيق,yes,"Vertical: Saving | Type: Complain | Issue: Technical Issue | Escalation: No

Question EN: Unable to submit request on the app
Question AR: العميل غير قادر على تقديم الطلب على التطبيق

Script:
العميل غير قادر على تقديم الطلب على التطبيق
خطوات تنشطيه
تحديث لل app ۔
- يحاول يقدم مره تانيه من نفس الرقم القومى - الموبيل اللى قدم بى قبل كده (لو يقدم من قبل)
يتم التأكد من حالة الطلب على البورتال :
الطلب مقدم بالفعل والبيادات حاطئة ويريد الالجاء : يتم الإلغاء والتوضيح للعميل التقديم مرة اخرى ۔
Complaint/Technical / Unable to submit request on the app /Escalation Needed No
ف حاله وجود نفس المشكله
الطلب ملهى : العميل بحاول التقديم من بيس رقم الموبيل والرقم القومى ولا يستطيع التقيدم مرة أخرى
لو العميل مضبى العقد وكتب وكلميا بيوضحلها المشكله فا يتعمل (العام للطلب من عبيدا من السييتم لو متاح وييكتب فى ير ليجبين شتى المجمد الجني بيلونه علا وكلمبا بـ التكيت ان تم الغاء الطلب من جازلها ومحتاجين ان يهح بيادات العميل من ع السيسيتم علشان يقدر يقدم طلب لتفعيل حساب تجويش مره تانيه فاتبعت المشكله لإدارة وهايتم الرد عليها في اقرب وقت
Complaint/Technical / Unable to submit request on the app /Escalation Needed Yes"
990,540568a81d1d5921a38bc2a70fcedc28,0,halan,Saving,Complain,Non-Technical Issue,Yes,ok,Delay receiving contract — ready for delivery with shipment number,في حاله تاخير استلام العقد وحالته ع السيستم تم جاهز للتوصيل ويوجد رقم الشحنة؟,yes,"Vertical: Saving | Type: Complain | Issue: Non-Technical Issue | Escalation: Yes

Question EN: Delay receiving contract — ready for delivery with shipment number
Question AR: في حاله تاخير استلام العقد وحالته ع السيستم تم جاهز للتوصيل ويوجد رقم الشحنة؟

Script:
في حاله تاخير استلام العقد وحالته ع السيستم تم جاهز للتوصيل ويوجد رقم الشحنة؟

البيانات المطلوبة:
- رقم التليفون المسجل بحساب حالا تحويش
- تفاصيل الشكوى

- Escalation: Yes
- CRM: Complaint → Non-Technical → Delay Receiving the Contract → Escalation Needed Yes"
999,7866d2e1da575f4ebc8ab7c8b6592153,0,halan,Commerce,Inquiry,Technical Issue,No,ok,Product Status (Halan),حالات طلب الشراء علي ادمن تول,yes,"Vertical: Commerce | Type: Inquiry | Issue: Technical Issue | Escalation: No

Question EN: Product Status (Halan)
Question AR: حالات طلب الشراء علي ادمن تول

Script:
Issue Type
Inquiry about delivery time ( within SLA)
Inquiry about delivery time ( within SLA)
محتاج تواصل لتأكيد ميعاد الاستلام
Purchased
المنتج داخل عربة التسوق برجاء استكمال طلب الشراء
Continue Shopping
Under Processing order
طلب العميل متاكد وهيستلم
Proceed With Delivery
Inquiry about delivery time ( within SLA)
Product Status
Failed To Delivery
هنوضح للعميل ميعاد الاستلام عادي
Under Processing order
العميل كده لسه هيأكد الاوردر ولازم نتأكد او نسأل العميل ان المبلغ اتخصم منه سواء من الليميت او فيزا ولو متخصمش يبقي يطلب المنتج تاني
Under Processing"
